010101001001202609
010101002801202609
010101002802202609
010101003601202609
010101009510202609
010101010910202609
010101011701202609
010101011710202609
010101012510202609
010101013310202609
010101014110202609
010101015010202609
010101016810202609
010101017610202609
010101018410202609
010101019210202609
010101020610202609
010101021410202609
010101022210202609
010101023010202609
010101024910202609
010101025710202609
010101026510202609
010101027310202609
010101028110202609
010101029010202609
010101030310202609
010102001501202609
010102002301202609
010102003101202609
010102004001202609
010102005801202609
010102005802202609
010102005805202609
010102005810202609
010102006601202609
010102006602202609
010102006605202609
010102007401202609
010102007402202609
010102007405202609
010102008201202609
010102008202202609
010102009001202609
010102009002202609
010102009005202609
010102009007202609
010102010402202609
010102010410202609
010102011201202609
010102011210202609
010102012002202609
010102012010202609
010103001001202609
010103001002202609
010103001010202609
010103002901202609
010103002902202609
010104002401202609
010104002402202609
010104003201202609
010104003202202609
010104004001202609
010104004002202609
010104005901202609
010104005902202609
010104005905202609
010104007510202609
010104008310202609
010104009110202609
010104010510202609
010104011310202609
010104012110202609
010105001101202609
010105001102202609
010105001105202609
010105002001202609
010105002002202609
010105002005202609
010105004601202609
010105004602202609
010105004605202609
010105005401202609
010105005402202609
010105005405202609
010105006202202609
010105006205202609
010105007002202609
010105007005202609
010105008902202609
010105008905202609
010105009702202609
010105009705202609
010105010002202609
010105010005202609
010105011902202609
010105011905202609
010105012702202609
010105012705202609
010105013502202609
010105013505202609
010105014302202609
010105014305202609
010105015101202609
010105015110202609
010105016001202609
010105016010202609
010105017801202609
010105017810202609
010105018601202609
010105019401202609
010105020801202609
010105020802202609
010105021601202609
010105022401202609
010105023201202609
010105024001202609
010105025901202609
010105026701202609
010201005601202609
010201006401202609
010201007201202609
010201014501202609
010201015301202609
010201016101202609
010201017001202609
010201018801202609
010201019601202609
010201020001202609
010201021801202609
010201022601202609
010201023401202609
010201024201202609
010201025001202609
010201026901202609
010201027701202609
010201028501202609
010201029301202609
010201030701202609
010201031501202609
010201032301202609
010201033101202609
010201034001202609
010201035801202609
010201036601202609
010201037401202609
010201038201202609
010201039001202609
010201040401202609
010201041201202609
010201042001202609
010201043901202609
010201044701202609
010201045501202609
010201046301202609
010201047101202609
010201048001202609
010201049801202609
010201050101202609
010201051001202609
010201052801202609
010201053601202609
010201054401202609
010201055201202609
010201056001202609
010201057901202609
010201058701202609
010201059501202609
010201060901202609
010201061701202609
010201062501202609
010201063301202609
010201064101202609
010201065001202609
010201066801202609
010202001901202609
010202002701202609
010202002702202609
010202002710202609
010202003501202609
010202004301202609
010202005102202609
010202006001202609
010202007801202609
010202007810202609
010202008601202609
010202009401202609
010202010801202609
010202011601202609
010202012401202609
010202013201202609
010202014001202609
020101001102202609
020101001104202609
020101002001202609
020101002002202609
020101002005202609
020101003803202609
020101004602202609
020101004604202609
020101005405202609
020101006202202609
020101006204202609
020101007002202609
020101007004202609
020101008901202609
020101008902202609
020101008905202609
020101009702202609
020101009704202609
020101010002202609
020101010004202609
020101011902202609
020101011904202609
020101012703202609
020101013503202609
020101014303202609
020101015102202609
020101015105202609
020101016002202609
020101016003202609
020101016007202609
020101017802202609
020101017804202609
020101018602202609
020101018604202609
020101019402202609
020101019404202609
020101020803202609
020101021602202609
020101021604202609
020101022402202609
020101022404202609
020101022407202609
020101023202202609
020101023204202609
020101023210202609
020101024002202609
020101024003202609
020101025903202609
020101026702202609
020101026703202609
020101027502202609
020101027503202609
020101027504202609
020101027507202609
020101028302202609
020101028304202609
020101029101202609
020101029102202609
020101029105202609
020101030502202609
020101030503202609
020101030504202609
020101031302202609
020101031303202609
020101031304202609
020101032102202609
020101032103202609
020101032104202609
020101033002202609
020101033003202609
020101033004202609
020101034801202609
020101034802202609
020101034805202609
020101035602202609
020101036401202609
020101036402202609
020101037202202609
020101037204202609
020101037207202609
020101038002202609
020101038004202609
020101039901202609
020101039902202609
020101039905202609
020101040202202609
020101040203202609
020101041001202609
020101041002202609
020101041004202609
020101041007202609
020101042905202609
020101043702202609
020101043704202609
020101044501202609
020101044502202609
020101044505202609
020101045301202609
020101045302202609
020101045305202609
020101046101202609
020101046102202609
020101046105202609
020101047001202609
020101047002202609
020101047005202609
020101048802202609
020101048804202609
020101049602202609
020101049604202609
020101050002202609
020101050004202609
020101051802202609
020101051804202609
020101052602202609
020101052604202609
020101052610202609
020101053403202609
020101054202202609
020101054204202609
020101055003202609
020101056902202609
020101056904202609
020101056907202609
020101058502202609
020101058507202609
020101059301202609
020101059302202609
020101059305202609
020101060702202609
020101060707202609
020101061502202609
020101061504202609
020101062302202609
020101062304202609
020101063101202609
020101063102202609
020101063105202609
020101063107202609
020101064001202609
020101064002202609
020101064005202609
020101065801202609
020101065802202609
020101065805202609
020101066602202609
020101066604202609
020101066607202609
020102001701202609
020102001702202609
020102001705202609
020102001707202609
020102002501202609
020102002502202609
020102002505202609
020102003301202609
020102003302202609
020102003305202609
020102004101202609
020102004102202609
020102004105202609
020102005001202609
020102005002202609
020102005005202609
020102006802202609
020102007610202609
020102008410202609
020201001501202609
020201001502202609
020201001505202609
020201002301202609
020201002302202609
020201002305202609
020201002307202609
020201003101202609
020201003102202609
020201003105202609
020201004001202609
020201004002202609
020201004005202609
020201005801202609
020201005802202609
020201005805202609
020201006601202609
020201006602202609
020201006605202609
020201007401202609
020201007402202609
020201007405202609
020201008201202609
020201008202202609
020201008205202609
020201009001202609
020201009002202609
020201009005202609
020201010401202609
020201010402202609
020201010405202609
020201011201202609
020201011202202609
020201011205202609
020201012001202609
020201012002202609
020201012005202609
020201013901202609
020201013902202609
020201013905202609
020201014701202609
020201014702202609
020201014705202609
020201015501202609
020201015502202609
020201015505202609
020201016301202609
020201016302202609
020201016305202609
020201017101202609
020201017102202609
020201017105202609
020201018001202609
020201018002202609
020201018005202609
020201019801202609
020201019802202609
020201019805202609
020201020101202609
020201020102202609
020201020105202609
020201021001202609
020201021002202609
020201021005202609
020201021007202609
020201022801202609
020201022802202609
020201022805202609
020201023601202609
020201023602202609
020201023605202609
020201024405202609
020201025201202609
020201025202202609
020201025205202609
020201026001202609
020201026002202609
020201026005202609
020201027901202609
020201027902202609
020201027905202609
020201027907202609
020201028701202609
020201028702202609
020201028705202609
020201028707202609
020201029501202609
020201029502202609
020201029505202609
020201029507202609
020201030901202609
020201030902202609
020201030905202609
020201031701202609
020201031702202609
020201031705202609
020201031707202609
020201032501202609
020201032502202609
020201032505202609
020201033301202609
020201033302202609
020201033305202609
020201034101202609
020201034102202609
020201034105202609
020201035001202609
020201035002202609
020201035005202609
020201036801202609
020201036802202609
020201036805202609
020201037601202609
020201037602202609
020201037605202609
020201038401202609
020201038402202609
020201038405202609
020201038407202609
020201039201202609
020201039202202609
020201039205202609
020201039207202609
020201040601202609
020201040602202609
020201040605202609
020201041401202609
020201041402202609
020201041405202609
020201042201202609
020201042202202609
020201042205202609
020201042207202609
020201043001202609
020201043002202609
020201043005202609
020201043007202609
020201044901202609
020201044902202609
020201044905202609
020201045701202609
020201045702202609
020201045705202609
020201046501202609
020201046502202609
020201046505202609
020201047301202609
020201047302202609
020201047305202609
020201047307202609
020201048101202609
020201048102202609
020201048105202609
020201049001202609
020201049002202609
020201049005202609
020201050301202609
020201050302202609
020201050305202609
020201050307202609
020201051101202609
020201051102202609
020201051105202609
020201052001202609
020201052002202609
020201053801202609
020201053802202609
020201053805202609
020201053807202609
020201054601202609
020201054602202609
020201054605202609
020201055401202609
020201055402202609
020201055405202609
020201056201202609
020201056202202609
020201056205202609
020201057001202609
020201057002202609
020201057005202609
020201058901202609
020201058902202609
020201058905202609
020201059701202609
020201059702202609
020201059705202609
020201060001202609
020201060002202609
020201060005202609
020201060007202609
020201061901202609
020201061902202609
020201061905202609
020201061907202609
020201062701202609
020201062702202609
020201062705202609
020201062707202609
020201063501202609
020201063502202609
020201063505202609
020201063507202609
020201064301202609
020201064302202609
020201064305202609
020201064307202609
020201065101202609
020201065102202609
020201065105202609
020201065107202609
020201066001202609
020201066002202609
020201066005202609
020201066007202609
020201067801202609
020201067802202609
020201067805202609
020201067807202609
020201068601202609
020201068602202609
020201068605202609
020201069401202609
020201069402202609
020201069405202609
020201069407202609
020201070801202609
020201070802202609
020201070805202609
020201071601202609
020201071602202609
020201071605202609
020201072401202609
020201072402202609
020201072405202609
020201073201202609
020201073202202609
020201073205202609
020201074001202609
020201074002202609
020201074005202609
020201075901202609
020201075902202609
020201075905202609
020201076701202609
020201076702202609
020201076705202609
020201076707202609
020201077501202609
020201077502202609
020201078301202609
020201078302202609
020201079102202609
020201079107202609
020202001001202609
020202001002202609
020202001005202609
020202001007202609
020202002901202609
020202002902202609
020202002905202609
020202003701202609
020202003702202609
020202003705202609
020202004501202609
020202004502202609
020202004505202609
020202005301202609
020202005302202609
020202005305202609
020202006101202609
020202006102202609
020202006105202609
020202007001202609
020202007002202609
020202007005202609
020202008801202609
020202008802202609
020202008805202609
020202009601202609
020202009602202609
020202009605202609
020202010001202609
020202010002202609
020202010005202609
020202011801202609
020202011802202609
020202012601202609
020202012602202609
020202012605202609
020202013401202609
020202013402202609
020202013405202609
020202013407202609
020202014201202609
020202014202202609
020202014205202609
020202014207202609
020202015001202609
020202015002202609
020202015005202609
020202016901202609
020202016902202609
020202016905202609
020202017701202609
020202017702202609
020202017705202609
020202018501202609
020202018502202609
020202018505202609
020202019301202609
020202019302202609
020202019305202609
020202020701202609
020202020702202609
020202020705202609
020202021501202609
020202021502202609
020202021505202609
020202022301202609
020202022302202609
020202022305202609
020202023101202609
020202023102202609
020202023105202609
020202024001202609
020202024002202609
020202024005202609
020202025801202609
020202025802202609
020202025805202609
020202026601202609
020202026602202609
020202026605202609
020202027401202609
020202027402202609
020202027405202609
020202028201202609
020202028202202609
020202028205202609
020202029001202609
020202029002202609
020202029005202609
020202030401202609
020202030402202609
020202030405202609
020202030407202609
020202031201202609
020202031202202609
020202031205202609
020202032001202609
020202032002202609
020202032005202609
020202033901202609
020202033902202609
020202033905202609
020202034701202609
020202034702202609
020202034705202609
020202035501202609
020202035502202609
020202035505202609
020202036301202609
020202036302202609
020202036305202609
020202037101202609
020202037102202609
020202037105202609
020202037107202609
020202038001202609
020202038002202609
020202038005202609
020202038007202609
020202039801202609
020202039802202609
020202039805202609
020202040101202609
020202040102202609
020202040105202609
020202041001202609
020202041002202609
020202041005202609
020202042801202609
020202042802202609
020202042805202609
020202043601202609
020202043602202609
020202043605202609
020202044401202609
020202044402202609
020202044405202609
020202045201202609
020202045202202609
020202045205202609
020202046001202609
020202046002202609
020202046005202609
020202047905202609
020202048701202609
020202048702202609
020202048705202609
020202049501202609
020202049502202609
020202049505202609
020202050901202609
020202050902202609
020202050905202609
020202051701202609
020202051702202609
020202052501202609
020202052502202609
020202052505202609
020202053301202609
020202053302202609
020202053305202609
020202054101202609
020202054102202609
020202054105202609
020202055002202609
020202055004202609
020202056802202609
020202056804202609
020202057602202609
020202057604202609
020203001601202609
020203001602202609
020203001605202609
020203002402202609
020203002405202609
020203003201202609
020203003202202609
020203003205202609
020203004002202609
020203004005202609
020203005902202609
020203005905202609
020203006701202609
020203006702202609
020203006705202609
020203007501202609
020203007502202609
020203007505202609
020203008301202609
020203008302202609
020203008305202609
020203009101202609
020203009102202609
020203009105202609
020203010501202609
020203010502202609
020203010505202609
020203010507202609
020203011301202609
020203011302202609
020203011305202609
020203012101202609
020203012102202609
020203012105202609
020203013001202609
020203013002202609
020203013005202609
020203014801202609
020203014802202609
020203014805202609
020203015601202609
020203015602202609
020203015605202609
020203016401202609
020203016402202609
020203016405202609
020203017205202609
020203018001202609
020203018002202609
020203018005202609
020203019901202609
020203019902202609
020203019905202609
020203020201202609
020203020202202609
020203020205202609
020203022901202609
020203022902202609
020203022905202609
020203023702202609
020203023704202609
020203023707202609
020203024501202609
020203024502202609
020203024505202609
020203025301202609
020203025302202609
020203025305202609
020203026101202609
020203026102202609
020203027001202609
020203027002202609
020203027005202609
020203028801202609
020203028802202609
020203028805202609
020203029602202609
020203029605202609
020203032601202609
020203032602202609
020203032605202609
020203033401202609
020203033402202609
020203033405202609
020203034201202609
020203034202202609
020203034205202609
020203035001202609
020203035002202609
020203035005202609
020203036901202609
020203036902202609
020203036905202609
020203037701202609
020203037702202609
020203037705202609
020203038501202609
020203038502202609
020203038505202609
020203039301202609
020203039302202609
020203039305202609
020203040701202609
020203040702202609
020203040705202609
020203041501202609
020203041502202609
020203041505202609
020203042301202609
020203042302202609
020203042305202609
020203043101202609
020203043102202609
020203043105202609
020203044001202609
020203044002202609
020203044005202609
020203045801202609
020203045802202609
020203045805202609
020203046601202609
020203046602202609
020203046605202609
020203047401202609
020203047402202609
020203047405202609
020203048201202609
020203048202202609
020203048205202609
020203050401202609
020203050402202609
020203050405202609
020203051201202609
020203051202202609
020203051205202609
020203052001202609
020203052002202609
020203052005202609
020203053901202609
020203053902202609
020203053905202609
020203054701202609
020203054702202609
020203054705202609
020203055501202609
020203055502202609
020203055505202609
020203056301202609
020203056302202609
020203056305202609
020203057101202609
020203057102202609
020203057105202609
020203058001202609
020203058002202609
020203058005202609
020203059801202609
020203059802202609
020203059805202609
020203060101202609
020203060102202609
020203060105202609
020203061001202609
020203061002202609
020203061005202609
020203062801202609
020203062802202609
020203062805202609
020203063602202609
020203063605202609
020203063607202609
020203064402202609
020203064405202609
020203065201202609
020203065202202609
020203065205202609
020203066001202609
020203066002202609
020203066005202609
020203068702202609
020203068705202609
020203069501202609
020203069502202609
020203069505202609
020203070901202609
020203070902202609
020203070905202609
020203070907202609
020203071701202609
020203071702202609
020203071705202609
020203072501202609
020203072502202609
020203072505202609
020203073301202609
020203073302202609
020203073305202609
020203074101202609
020203074102202609
020203074105202609
020203075001202609
020203075002202609
020203075005202609
020203076801202609
020203076802202609
020203076805202609
020203077601202609
020203077602202609
020203077605202609
020203078402202609
020203078405202609
020203078407202609
020203079201202609
020203079202202609
020203079205202609
020203080602202609
020203080605202609
020203081401202609
020203081402202609
020203081405202609
020203082201202609
020203082202202609
020203082205202609
020203083001202609
020203083002202609
020203083005202609
020203084901202609
020203084902202609
020203084905202609
020203085701202609
020203085702202609
020203085705202609
020203086501202609
020203086502202609
020203086505202609
020203087301202609
020203087302202609
020203087305202609
020203088101202609
020203088102202609
020203088105202609
020203089002202609
020203089005202609
020203089007202609
020203090301202609
020203090302202609
020203090305202609
020203091102202609
020203091105202609
020203092001202609
020203092002202609
020203092005202609
020203093801202609
020203093802202609
020203093805202609
020203094601202609
020203094602202609
020203094605202609
020203095401202609
020203095402202609
020203095405202609
020203096201202609
020203096202202609
020203096205202609
020203098902202609
020203098905202609
020203099702202609
020203099705202609
020203100401202609
020203100402202609
020203100405202609
020203101201202609
020203101202202609
020203101205202609
020203103901202609
020203103902202609
020203103905202609
020203104701202609
020203104702202609
020203104705202609
020203105501202609
020203105502202609
020203106301202609
020203106302202609
020203106305202609
020203107102202609
020203107105202609
020203108002202609
020203110101202609
020203110102202609
020203110105202609
020203111001202609
020203111002202609
020203111005202609
020203111007202609
020203114401202609
020203114402202609
020203114405202609
020203115201202609
020203115202202609
020203115205202609
020203117902202609
020203117905202609
020203118701202609
020203118702202609
020203118705202609
020203119501202609
020203119502202609
020203119505202609
020203120902202609
020203120904202609
020203121701202609
020203121702202609
020203122502202609
020203122505202609
020203123302202609
020203123305202609
020203124102202609
020203127602202609
020203127604202609
020203128402202609
020203128404202609
020203129202202609
020203129204202609
020203130602202609
020203130604202609
020203131402202609
020203131404202609
020203132202202609
020203132204202609
020203136502202609
020203136505202609
020203137302202609
020203137305202609
020203138102202609
020203138104202609
020203139002202609
020203139004202609
020203140302202609
020203140304202609
020203141102202609
020203141105202609
020203142002202609
020203142005202609
020203143802202609
020203143805202609
020203144601202609
020203144602202609
020203144605202609
020203144607202609
020203145401202609
020203145402202609
020203145405202609
020203145407202609
020203146201202609
020203146202202609
020203146205202609
020203146207202609
020203147002202609
020203147005202609
020203147007202609
020203148902202609
020203148905202609
020203148907202609
020203149702202609
020203149705202609
020203149707202609
020203150001202609
020203150002202609
020203150005202609
020203150007202609
020203151901202609
020203151902202609
020203151905202609
020203151907202609
020203152701202609
020203152702202609
020203152705202609
020203152707202609
020203153501202609
020203153502202609
020203153505202609
020203154301202609
020203154302202609
020203154305202609
020203155101202609
020203155102202609
020203155105202609
020203156002202609
020203157802202609
020203158602202609
020203159402202609
020203160802202609
020203161602202609
020203162402202609
020203162405202609
020204001101202609
020204001102202609
020204001105202609
020204002001202609
020204002002202609
020204002005202609
020204003801202609
020204003802202609
020204003805202609
020204004601202609
020204004602202609
020204004605202609
020204005401202609
020204005402202609
020204005405202609
020204006201202609
020204006202202609
020204006205202609
020204007001202609
020204007002202609
020204007005202609
020204008901202609
020204008902202609
020204008905202609
020204009701202609
020204009702202609
020204009705202609
020204010001202609
020204010002202609
020204010005202609
020204011901202609
020204011902202609
020204012701202609
020204012702202609
020204012705202609
020204013501202609
020204013502202609
020204013505202609
020204014301202609
020204014302202609
020204014305202609
020204015101202609
020204015102202609
020204015105202609
020204016001202609
020204016002202609
020204016005202609
020204017801202609
020204017802202609
020204017805202609
020204018602202609
020204018604202609
020204019402202609
020204019404202609
020205001701202609
020205001702202609
020205001705202609
020205002501202609
020205002502202609
020205002505202609
020205003301202609
020205003302202609
020205003305202609
020205004101202609
020205004102202609
020205004105202609
020205005001202609
020205005002202609
020205005005202609
020205006801202609
020205006802202609
020205006805202609
020205007602202609
020205007605202609
020205007607202609
020205008401202609
020205008402202609
020205008405202609
020205009201202609
020205009202202609
020205009205202609
020205010601202609
020205010602202609
020205010605202609
020205011401202609
020205011402202609
020205011405202609
020205012201202609
020205012202202609
020205012205202609
020205013001202609
020205013002202609
020205013005202609
020205014901202609
020205014902202609
020205014905202609
020205015701202609
020205015702202609
020205015705202609
020205016501202609
020205016502202609
020205016505202609
020205017301202609
020205017302202609
020205017305202609
020205018101202609
020205018102202609
020205018105202609
020205019001202609
020205019002202609
020205019005202609
020205020301202609
020205020302202609
020205020305202609
020205021101202609
020205021102202609
020205021105202609
020205022001202609
020205022002202609
020205022005202609
020205023801202609
020205023802202609
020205023805202609
020205024601202609
020205024602202609
020205024605202609
020205025401202609
020205025402202609
020205025405202609
020205026201202609
020205026202202609
020205026205202609
020205027001202609
020205027002202609
020205027005202609
020205028901202609
020205028902202609
020205028905202609
020205029701202609
020205029702202609
020205029705202609
020205030001202609
020205030002202609
020205030005202609
020205031901202609
020205031902202609
020205031905202609
020205032701202609
020205032702202609
020205032705202609
020206001201202609
020206001202202609
020206001205202609
020206002001202609
020206002002202609
020206002005202609
020206003901202609
020206003902202609
020206003905202609
020206004701202609
020206004702202609
020206004705202609
020206005501202609
020206005502202609
020206005505202609
020206006301202609
020206006302202609
020206006305202609
020206007101202609
020206007102202609
020206007105202609
020206008001202609
020206008002202609
020206008005202609
020206009801202609
020206009802202609
020206009805202609
020206010101202609
020206010102202609
020206010105202609
020206011001202609
020206011002202609
020206011005202609
020206012801202609
020206012802202609
020206012805202609
020206013601202609
020206013602202609
020206013605202609
020206014401202609
020206014402202609
020206014405202609
020206015201202609
020206015202202609
020206015205202609
020206016001202609
020206016002202609
020206016005202609
020206017901202609
020206017902202609
020206017905202609
020206018701202609
020206018702202609
020206018705202609
020206019501202609
020206019502202609
020206019505202609
020206020901202609
020206020902202609
020206020905202609
020206021701202609
020206021702202609
020206021705202609
020206022501202609
020206022502202609
020206022505202609
020206023301202609
020206023302202609
020206023305202609
020206024101202609
020206024102202609
020206024105202609
020206025001202609
020206025002202609
020206025005202609
020206025007202609
020206026801202609
020206026802202609
020206026805202609
020206027601202609
020206027602202609
020206027607202609
020206028401202609
020206028402202609
020206028405202609
020206029201202609
020206029202202609
020206029205202609
020206030601202609
020206030602202609
020206030605202609
020206031401202609
020206031402202609
020206031405202609
020206032201202609
020206032202202609
020206033001202609
020206033002202609
020206033005202609
020206034901202609
020206034902202609
020206034905202609
020206035701202609
020206035702202609
020206035705202609
020206036501202609
020206036502202609
020206036505202609
020206037301202609
020206037302202609
020206037305202609
020206037307202609
020206038101202609
020206038102202609
020206038105202609
020206039001202609
020206039002202609
020206039005202609
020206040301202609
020206040302202609
020206040305202609
020206041101202609
020206041102202609
020206041105202609
020206042001202609
020206042002202609
020206042005202609
020206043801202609
020206043802202609
020206043805202609
020206044601202609
020206044602202609
020206044605202609
020206045401202609
020206045402202609
020206045405202609
020206046201202609
020206046202202609
020206046205202609
020206047001202609
020206047002202609
020206047005202609
020207001801202609
020207001802202609
020207001805202609
020207002601202609
020207002602202609
020207002605202609
020207003401202609
020207003402202609
020207003405202609
020207004201202609
020207004202202609
020207004205202609
020207005001202609
020207005002202609
020207005005202609
020207006901202609
020207006902202609
020207006905202609
020207007701202609
020207007702202609
020207007705202609
020207008501202609
020207008502202609
020207008505202609
020207008507202609
020207009301202609
020207009302202609
020207009305202609
020207010701202609
020207010702202609
020207010705202609
020207011501202609
020207011502202609
020207011505202609
020207012301202609
020207012302202609
020207012305202609
020207013101202609
020207013102202609
020207013105202609
020207014001202609
020207014002202609
020207014005202609
020207015801202609
020207015802202609
020207015805202609
020207016601202609
020207016602202609
020207016605202609
020207017401202609
020207017402202609
020207017405202609
020207018202202609
020207018205202609
020207019001202609
020207019002202609
020207019005202609
020207020401202609
020207020402202609
020207020405202609
020207021201202609
020207021202202609
020207021205202609
020207022001202609
020207022002202609
020207022005202609
020207023901202609
020207023902202609
020207023905202609
020207024701202609
020207024702202609
020207024705202609
020207025501202609
020207025502202609
020207025505202609
020207026301202609
020207026302202609
020207026305202609
020207027101202609
020207027102202609
020207027105202609
020207028001202609
020207028002202609
020207028005202609
020207029801202609
020207029802202609
020207029805202609
020207030101202609
020207030102202609
020207030105202609
020207031001202609
020207031002202609
020207031005202609
020207032801202609
020207032802202609
020207032805202609
020207033601202609
020207033602202609
020207033605202609
020207034401202609
020207034402202609
020207034405202609
020207035201202609
020207035202202609
020207035205202609
020208001301202609
020208001302202609
020208001305202609
020208002101202609
020208002102202609
020208002105202609
020208003002202609
020208003005202609
020208003007202609
020208004802202609
020208004805202609
020208004807202609
020208004810202609
020208005601202609
020208005602202609
020208005605202609
020208006402202609
020208006405202609
020208006410202609
020208007201202609
020208007202202609
020208007205202609
020208007207202609
020208008001202609
020208008002202609
020208008005202609
020208008007202609
020208009901202609
020208009902202609
020208009905202609
020208010201202609
020208010202202609
020208010205202609
020208011002202609
020208011005202609
020208011007202609
020208012901202609
020208012902202609
020208012905202609
020208013702202609
020208013705202609
020208013707202609
020208014501202609
020208014502202609
020208014505202609
020208015301202609
020208015302202609
020208015305202609
020208015307202609
020208016101202609
020208016102202609
020208016105202609
020208017001202609
020208017002202609
020208017005202609
020208018801202609
020208018802202609
020208018805202609
020208019601202609
020208019602202609
020208019605202609
020208020001202609
020208020002202609
020208020005202609
020208021801202609
020208021802202609
020208021805202609
020208022601202609
020208022602202609
020208022605202609
020208023402202609
020208023405202609
020208024201202609
020208024202202609
020208025002202609
020208025005202609
020208025007202609
020209001901202609
020209001902202609
020209001905202609
020209002701202609
020209002702202609
020209002705202609
020209003501202609
020209003502202609
020209003505202609
020209004301202609
020209004302202609
020209004305202609
020209005101202609
020209005102202609
020209005105202609
020209005107202609
020209006001202609
020209006002202609
020209006005202609
020209006007202609
020209007801202609
020209007802202609
020209007805202609
020209008601202609
020209008602202609
020209008605202609
020209009401202609
020209009402202609
020209009405202609
020209010801202609
020209010802202609
020209010805202609
020209011601202609
020209011602202609
020209012401202609
020209012402202609
020209012405202609
020209013201202609
020209013202202609
020209013205202609
020209014005202609
020209015901202609
020209015902202609
020209015905202609
020209016701202609
020209016702202609
020209016705202609
020209017501202609
020209017502202609
020209017505202609
020209018301202609
020209018302202609
020209018305202609
020209018307202609
020209019101202609
020209019102202609
020209019105202609
020209019107202609
020209021301202609
020209021302202609
020209021305202609
020209022101202609
020209022102202609
020209022105202609
020209023001202609
020209023002202609
020209023005202609
020209024801202609
020209024802202609
020209024805202609
020209025601202609
020209025602202609
020209025605202609
020209026401202609
020209026402202609
020209026405202609
020209027201202609
020209027202202609
020209027205202609
020209028001202609
020209028002202609
020209028005202609
020209029901202609
020209029902202609
020209029905202609
020209030201202609
020209030202202609
020209030205202609
020209031001202609
020209031002202609
020209031005202609
020209032901202609
020209032902202609
020209032905202609
020209033701202609
020209033702202609
020209033705202609
020209034501202609
020209034502202609
020209034505202609
020209035301202609
020209035302202609
020209035305202609
020209036102202609
020209036105202609
020209036107202609
020210001402202609
020210001404202609
020210002202202609
020210002204202609
020210003002202609
020210003004202609
020210004902202609
020210004904202609
020210005707202609
020210006507202609
020210007307202609
020210008107202609
020210009007202609
020210010307202609
020210011107202609
020210012007202609
020210013807202609
020210014607202609
020210015407202609
020210016207202609
020210017007202609
020210018907202609
020210019707202609
020210020007202609
020210021902202609
020210021904202609
020210022702202609
020210022704202609
020210023502202609
020210023504202609
020210024302202609
020210024304202609
020210025102202609
020211001001202609
020211001002202609
020211002802202609
020211003602202609
020211004401202609
020211004402202609
020211005201202609
020211005202202609
020211006001202609
020211006002202609
020211007901202609
020211007902202609
020211008701202609
020211008702202609
020211009501202609
020211009502202609
020211010901202609
020211010902202609
020211011702202609
020211012502202609
020211013302202609
020211014102202609
020211015002202609
020212001501202609
020212001502202609
020212001505202609
020212002301202609
020212002302202609
020212002305202609
020212003101202609
020212003102202609
020212003105202609
020212004001202609
020212004002202609
020212004005202609
020212005801202609
020212005802202609
020212005805202609
020212006601202609
020212006602202609
020212006605202609
020212007401202609
020212007402202609
020212007405202609
020212008201202609
020212008202202609
020212008205202609
020212009001202609
020212009002202609
020212009005202609
020212010401202609
020212010402202609
020212010405202609
020301001902202609
020301002702202609
020301002704202609
020301003502202609
020301003504202609
020301003507202609
020301004302202609
020301004307202609
020301007802202609
020301008602202609
020302001402202609
020302002202202609
020302002204202609
020302002207202609
020302003002202609
020302003004202609
020302003007202609
020302004902202609
020302004904202609
020302004907202609
020302005704202609
020302006502202609
020302006507202609
020302007302202609
020302008102202609
020302008107202609
020401001201202609
020401001202202609
020401001205202609
020401002001202609
020401002002202609
020401002005202609
020401003901202609
020401003902202609
020401003905202609
020401003907202609
020401004701202609
020401004702202609
020401004705202609
020401004707202609
020401005501202609
020401005502202609
020401005505202609
020401005507202609
020401006301202609
020401006302202609
020401006305202609
020401007101202609
020401007102202609
020401007105202609
020401007107202609
020401008001202609
020401008002202609
020401008005202609
020401008007202609
020401009801202609
020401009802202609
020401009805202609
020401010101202609
020401010102202609
020401010105202609
020401011001202609
020401011002202609
020401011005202609
020401011007202609
020401012801202609
020401012802202609
020401012805202609
020401012807202609
020401013601202609
020401013602202609
020401013605202609
020401014401202609
020401014402202609
020401014405202609
020401014407202609
020401015201202609
020401015202202609
020401015205202609
020401016001202609
020401016002202609
020401016005202609
020401016007202609
020401017901202609
020401017902202609
020401017905202609
020401017907202609
020401019501202609
020401019502202609
020401019505202609
020401020901202609
020401020902202609
020401020905202609
020401020907202609
020401021702202609
020401021705202609
020401021707202609
020401021710202609
020401022502202609
020401022505202609
020401022507202609
020401022510202609
020402001802202609
020402001804202609
020402002601202609
020402002602202609
020402002605202609
020402003401202609
020402003402202609
020402003405202609
020402003407202609
020402004201202609
020402004202202609
020402004205202609
020402004207202609
020402005001202609
020402005002202609
020402005005202609
020402006901202609
020402006902202609
020402006905202609
020402007701202609
020402007702202609
020402007705202609
020402007707202609
020402008501202609
020402008502202609
020402008505202609
020402008507202609
020402009301202609
020402009302202609
020402009305202609
020402009307202609
020402010701202609
020402010702202609
020402010705202609
020402010707202609
020402011501202609
020402011502202609
020402011505202609
020402012301202609
020402012302202609
020402012305202609
020402013101202609
020402013102202609
020402013105202609
020402013107202609
020403001302202609
020403001304202609
020403002101202609
020403002102202609
020403002105202609
020403003002202609
020403003007202609
020403004802202609
020403004804202609
020403005601202609
020403005602202609
020403005605202609
020403006401202609
020403006402202609
020403006405202609
020403007201202609
020403007202202609
020403007205202609
020403008001202609
020403008002202609
020403008005202609
020403009901202609
020403009902202609
020403009905202609
020403010201202609
020403010202202609
020403010205202609
020403011001202609
020403011002202609
020403011005202609
020403012901202609
020403012902202609
020403012905202609
020403013701202609
020403013702202609
020403013705202609
020403014501202609
020403014502202609
020403014505202609
020403015301202609
020403015302202609
020403015305202609
020403015307202609
020403016102202609
020403017001202609
020403017002202609
020403017005202609
020403018802202609
020403018806202609
020404001901202609
020404001902202609
020404001905202609
020404002701202609
020404002702202609
020404002705202609
020404003501202609
020404003502202609
020404003505202609
020404003507202609
020404004301202609
020404004302202609
020404004305202609
020404005101202609
020404005102202609
020404005105202609
020404006001202609
020404006002202609
020404006005202609
020404007801202609
020404007802202609
020404007805202609
020404007807202609
020404008601202609
020404008602202609
020404008605202609
020404009401202609
020404009402202609
020404009405202609
020404009407202609
020404010801202609
020404010802202609
020404010805202609
020404011601202609
020404011602202609
020404011605202609
020404011607202609
020404012401202609
020404012402202609
020404012405202609
020404012407202609
020405001401202609
020405001402202609
020405001405202609
020405002201202609
020405002202202609
020405002205202609
020405003001202609
020405003002202609
020405003005202609
020405004901202609
020405004902202609
020405004905202609
020405005701202609
020405005702202609
020405005705202609
020405006501202609
020405006502202609
020405006505202609
020405007301202609
020405007302202609
020405007305202609
020405008101202609
020405008102202609
020405008105202609
020405009005202609
020405010301202609
020405010302202609
020405010305202609
020405011101202609
020405011102202609
020405011105202609
020405012001202609
020405012002202609
020405012005202609
020405013801202609
020405013802202609
020405013805202609
020405014601202609
020405014602202609
020405014605202609
020405015401202609
020405015402202609
020405015405202609
020405016201202609
020405016202202609
020405016205202609
020405017001202609
020405017002202609
020405017005202609
020405018901202609
020405018902202609
020405018905202609
020406001001202609
020406001002202609
020406001005202609
020406002802202609
020406002805202609
020406002806202609
020406003601202609
020406003602202609
020406003605202609
020406004401202609
020406004402202609
020406004405202609
020406005201202609
020406005202202609
020406006001202609
020406006002202609
020406006005202609
020406006007202609
020406007901202609
020406007902202609
020406007905202609
020406008701202609
020406008702202609
020406008705202609
020406009501202609
020406009502202609
020406009505202609
020406009507202609
020406010901202609
020406010902202609
020406010905202609
020406010907202609
020406011701202609
020406011702202609
020406011705202609
020406012501202609
020406012502202609
020406012505202609
020406012507202609
020406013301202609
020406013302202609
020406013305202609
020406013307202609
020406014101202609
020406014102202609
020406014105202609
020406014107202609
020406015001202609
020406015002202609
020406015005202609
020406015007202609
020406016801202609
020406016802202609
020406016805202609
020406017601202609
020406017602202609
020406017605202609
020406017607202609
020501001602202609
020501001604202609
020501001607202609
020501002402202609
020501002404202609
020501003202202609
020501003204202609
020501003206202609
020501003207202609
020501004002202609
020501004004202609
020501004006202609
020501005901202609
020501005902202609
020501005904202609
020501005906202609
020502001102202609
020502001104202609
020502002002202609
020502003802202609
020502003804202609
020502003806202609
020502004602202609
020502004604202609
020502004606202609
020502004607202609
020502005402202609
020502005404202609
020502005406202609
020502005407202609
020502006201202609
020502006202202609
020502006204202609
020502006206202609
020502006207202609
020502007002202609
020502007004202609
020502007006202609
020502008902202609
020502008904202609
020502008906202609
020502008907202609
020502009702202609
020502009704202609
020502009706202609
020502009707202609
020502010001202609
020502010002202609
020502010004202609
020502010006202609
020502011902202609
020502011904202609
020502011906202609
020502011907202609
020502012702202609
020502012704202609
020502012706202609
020502013502202609
020502013504202609
020502013506202609
020502014302202609
020502014304202609
020502014306202609
020502015101202609
020502015102202609
020502015104202609
020502015106202609
020502016002202609
020502016004202609
020502016006202609
020502016007202609
020502017802202609
020502017804202609
020502017806202609
020502018601202609
020502018602202609
020502018604202609
020502018606202609
020502018607202609
020502019402202609
020502019404202609
020502022402202609
020502022404202609
020502022406202609
020502022407202609
020601001002202609
020601001004202609
020601001006202609
020601001007202609
020601002802202609
020601002804202609
020601002806202609
020601002807202609
020601003602202609
020601003604202609
020601003606202609
020601003607202609
020601004402202609
020601004404202609
020601004406202609
020601004407202609
020601005202202609
020601005204202609
020601005206202609
020601006002202609
020601006004202609
020601006006202609
020601007902202609
020601007904202609
020601007906202609
020601007907202609
020601008702202609
020601008704202609
020601009506202609
020602001502202609
020602001504202609
020602001506202609
020602001507202609
020602002302202609
020602002304202609
020602002306202609
020602002307202609
020602003102202609
020602003104202609
020602003106202609
020602003107202609
020602004004202609
020603001002202609
020603001004202609
020603001006202609
020603001007202609
020603002902202609
020603002904202609
020603002906202609
020603002907202609
020603003702202609
020603003704202609
020603003706202609
020603003707202609
020603004507202609
020603005307202609
020701001302202609
020701001304202609
020701001306202609
020701002102202609
020701002104202609
020701002106202609
020701002107202609
020701003002202609
020701003004202609
020701003006202609
020701003007202609
020701004802202609
020701004804202609
020701004806202609
020701004807202609
020701005602202609
020701005604202609
020701005606202609
020701005607202609
020701006402202609
020701006404202609
020701006406202609
020701006407202609
020701007202202609
020701007204202609
020701007206202609
020702001902202609
020702001904202609
020702001906202609
020702002702202609
020702002704202609
020702002706202609
020702002707202609
020702003502202609
020702003504202609
020702003506202609
020702006002202609
020702006004202609
020702006006202609
020703001402202609
020703001404202609
020703001406202609
020703002202202609
020703002204202609
020703002206202609
020703002207202609
020703003002202609
020703003004202609
020703003006202609
020703003007202609
020703004902202609
020703004904202609
020703004906202609
020703005702202609
020703005704202609
020703005706202609
020801001702202609
020801001704202609
020801001706202609
020801002502202609
020801002504202609
020801002506202609
020801002507202609
020801003302202609
020801003304202609
020801003306202609
020801003307202609
020801004102202609
020801004104202609
020801004106202609
020801005002202609
020801005004202609
020801005006202609
020801006802202609
020801006804202609
020801006806202609
020801007602202609
020801007604202609
020801007606202609
020801008402202609
020801008404202609
020801008406202609
020801009202202609
020801009204202609
020802001202202609
020802001204202609
020802001206202609
020802002002202609
020802002004202609
020802002006202609
020802003902202609
020802003904202609
020802003906202609
020802004705202609
020802005502202609
020802005504202609
020802005506202609
020802006302202609
020802006304202609
020802006306202609
020802007102202609
020802007104202609
020802007106202609
020802008002202609
020802008004202609
020802008006202609
020802009802202609
020802009804202609
020802009806202609
020802010102202609
020802010104202609
020802010106202609
020802011002202609
020802011004202609
020802011006202609
020802012802202609
020802012804202609
020802012806202609
020803001802202609
020803001804202609
020803001806202609
020803002602202609
020803002604202609
020803002606202609
020803003402202609
020803003404202609
020803003406202609
020803004202202609
020803004204202609
020803004206202609
020803005002202609
020803005004202609
020804001305202609
020804002102202609
020804002104202609
020804002106202609
020804003002202609
020804003004202609
020804003006202609
020804004805202609
020804005602202609
020804005604202609
020804005606202609
020804006402202609
020804006404202609
020804006406202609
020804007202202609
020804007204202609
020804007206202609
020804008002202609
020804008004202609
020804009902202609
020804009904202609
020804010202202609
020804010204202609
020805001902202609
020805001904202609
020805001906202609
020805002705202609
020805003502202609
020805003504202609
020805003506202609
020805004302202609
020805004304202609
020805004306202609
020806001402202609
020806001404202609
020806001406202609
020806002202202609
020806002204202609
020806002206202609
020806003002202609
020806003004202609
020807001002202609
020807001004202609
020807001006202609
020807002802202609
020807002804202609
020807002806202609
020807003602202609
020807003604202609
020807003606202609
020807004402202609
020807004404202609
020807004406202609
020808001502202609
020808001504202609
020808001506202609
020808002302202609
020808002304202609
020808003102202609
020808003104202609
020808004002202609
020808004004202609
020808004006202609
020809001002202609
020809001004202609
020809001006202609
020809002902202609
020809002904202609
020809002906202609
020809003702202609
020809003704202609
020809003706202609
020901001002202609
020901001004202609
020901001006202609
020901002902202609
020901002904202609
020901002906202609
020901002907202609
020901003702202609
020901003704202609
020901003706202609
020901003707202609
020901004502202609
020901004504202609
020901005302202609
020901005304202609
020901006102202609
020901006104202609
020902001602202609
020902001604202609
020903001101202609
020903001102202609
020903001104202609
020903001107202609
020904001702202609
020904001704202609
020904001707202609
020904002501202609
020904002502202609
020904002504202609
020904002507202609
020904003302202609
020904003303202609
020904004101202609
020904004102202609
020904004104202609
020904004107202609
020904005003202609
021001001004202609
021001002902202609
021001003702202609
021001003704202609
021001004502202609
021001004504202609
021001005302202609
021001005304202609
021001006102202609
021001006104202609
021001007002202609
021001007004202609
021001008802202609
021001008805202609
021001009602202609
021001009604202609
021001010002202609
021001010004202609
021001011802202609
021001011804202609
021001012602202609
021001012604202609
021001013402202609
021001013404202609
021001014202202609
021001014204202609
021001015002202609
021001015004202609
021001016902202609
021001016904202609
021001017702202609
021001017705202609
021001018502202609
021001018505202609
021001019302202609
021001019304202609
021001020702202609
021001020704202609
021002001602202609
021002001604202609
021101001401202609
021101001402202609
021101002201202609
021101002202202609
021101002205202609
021101003001202609
021101003002202609
021101003005202609
021101004901202609
021101004902202609
021102001004202609
021102001006202609
021102001007202609
021102002804202609
021102002806202609
021102002807202609
021102003601202609
021102003602202609
021102003605202609
021102003607202609
021102004401202609
021102004402202609
021102004405202609
021102004407202609
021102005201202609
021102005202202609
021102006001202609
021102006002202609
021102006005202609
021102006007202609
021102007905202609
021102008702202609
021102009502202609
021103001502202609
021103001504202609
021103002302202609
021103002304202609
021103003102202609
021103003104202609
021103004002202609
021103004005202609
021103005802202609
021103005805202609
021103006602202609
021103006604202609
021103007402202609
021103007404202609
021103008202202609
021103008204202609
021103009002202609
021103009004202609
021104001001202609
021104001002202609
021104001005202609
021104002902202609
021104002905202609
021104002907202609
021104003701202609
021104003702202609
021104004501202609
021104004502202609
021104005301202609
021104005302202609
021104006101202609
021104006102202609
021104006105202609
021105002401202609
021105002402202609
021105002405202609
021105003201202609
021105003202202609
021105003205202609
021105004001202609
021105004002202609
021105004005202609
021105005901202609
021105005902202609
021105006701202609
021105006702202609
021105006705202609
021105007501202609
021105007502202609
021105008301202609
021105008302202609
021105008305202609
021105009103202609
021105009104202609
021105010502202609
021105010503202609
021105011301202609
021105011302202609
021105011305202609
021105011307202609
021105012101202609
021105012102202609
021105012105202609
021105013001202609
021105013002202609
021105013005202609
021105014803202609
021105014804202609
021105015601202609
021105015602202609
021106001102202609
021106002001202609
021106002002202609
021106002007202609
021106003801202609
021106003802202609
021106003807202609
021106005401202609
021106005402202609
021106006201202609
021106006202202609
021106007001202609
021106007002202609
021106008901202609
021106008902202609
021106009701202609
021106009702202609
021106010001202609
021106010002202609
021106010007202609
021106011902202609
021106012702202609
021106012707202609
021106013501202609
021106013502202609
021106014301202609
021106014302202609
021106015101202609
021106015102202609
021106016001202609
021106016002202609
021106017802202609
021106017807202609
021106018602202609
021106020801202609
021106020802202609
021106021601202609
021106021602202609
021106022401202609
021106022402202609
021106022407202609
021106023202202609
021106023207202609
021106024001202609
021106024002202609
021106025902202609
021106025904202609
021106025907202609
021106026702202609
021106027501202609
021106027502202609
021106028306202609
021107001701202609
021107001702202609
021107002501202609
021107002502202609
021107002505202609
021107002507202609
021107003301202609
021107003302202609
021107003307202609
021107004101202609
021107004102202609
021107004105202609
021107004107202609
021107005001202609
021107005002202609
021107006801202609
021107006802202609
021107006805202609
021107007601202609
021107007602202609
021107007605202609
021107007607202609
021107008401202609
021107008402202609
021107008405202609
021107009206202609
021107010606202609
021107011401202609
021107011402202609
021107011405202609
021107012201202609
021107012202202609
021107013001202609
021107013002202609
021107014902202609
021107014905202609
021107015701202609
021107015702202609
021107015705202609
021107015707202609
021107016501202609
021107016502202609
021107017301202609
021107017302202609
021107018101202609
021107018102202609
021107019001202609
021107019002202609
021107020301202609
021107020302202609
021107020305202609
021107020307202609
021107021101202609
021107021102202609
021107021105202609
021107021107202609
021107022001202609
021107022002202609
021107023801202609
021107023802202609
021107024601202609
021107024602202609
021107024607202609
021107025401202609
021107025402202609
021107026201202609
021107026202202609
021107026205202609
021107026207202609
021107027002202609
021107027005202609
021107028901202609
021107028902202609
021107029706202609
021107030006202609
021107031906202609
021107032701202609
021107032702202609
021107033501202609
021107033502202609
021107034301202609
021107034302202609
021107035101202609
021107035102202609
021107035105202609
021107036001202609
021107036002202609
021107037806202609
021107038607202609
021107039405202609
021107039407202609
021107040805202609
021107040807202609
021107041606202609
021107042402202609
021107042405202609
021107043202202609
021107043205202609
021108001201202609
021108001202202609
021108001205202609
021108002001202609
021108002002202609
021108002007202609
021108003901202609
021108003902202609
021108004701202609
021108004702202609
021108004705202609
021108005501202609
021108005502202609
021108006301202609
021108006302202609
021108006305202609
021108007101202609
021108007102202609
021108007105202609
021108008001202609
021108008002202609
021108008005202609
021109001801202609
021109001802202609
021109002601202609
021109002602202609
021109003401202609
021109003402202609
021109004201202609
021109004202202609
021109004205202609
021109005001202609
021109005002202609
021109006901202609
021109006902202609
021109007701202609
021109007702202609
021110001301202609
021110001302202609
021110001305202609
021201001801202609
021201001802202609
021201002602202609
021201002604202609
021201003402202609
021201003404202609
021201004201202609
021201004202202609
021201005001202609
021201005002202609
021201006901202609
021202001301202609
021202001302202609
021202002101202609
021202002102202609
021202003001202609
021202003002202609
021202004801202609
021202004802202609
021202005601202609
021202005602202609
021202006401202609
021202006402202609
021301002001202609
021301002002202609
021301003801202609
021301003802202609
021301005401202609
021301005402202609
021301006201202609
021301006202202609
021301007001202609
021301007002202609
021301008901202609
021301008902202609
021301009701202609
021301009702202609
021301010001202609
021301010002202609
021301011901202609
021301011902202609
021301012701202609
021301012702202609
021301013501202609
021301013502202609
021301014301202609
021301014302202609
021301016001202609
021301016002202609
021301017801202609
021301017802202609
021301018601202609
021301018602202609
021301019401202609
021301019402202609
021301020802202609
021301021601202609
021301021602202609
021301022401202609
021301022402202609
021301023201202609
021301023202202609
021301024001202609
021301024002202609
021301025901202609
021301025902202609
021301026701202609
021301026702202609
021301027501202609
021301027502202609
021301029101202609
021301029102202609
021301030501202609
021301030502202609
021301032101202609
021301032102202609
021301033001202609
021301033002202609
021301034801202609
021301034802202609
021301035601202609
021301035602202609
021301036401202609
021301036402202609
021301037201202609
021301037202202609
021301038001202609
021301038002202609
021301039901202609
021301039902202609
021301040201202609
021301040202202609
021301041001202609
021301041002202609
021301042901202609
021301042902202609
021301043701202609
021301043702202609
021301044501202609
021301044502202609
021301045301202609
021301045302202609
021301046101202609
021301046102202609
021301047001202609
021301047002202609
021301048801202609
021301048802202609
021301049601202609
021301049602202609
021301050002202609
021301051801202609
021301051802202609
021301052601202609
021301052602202609
021301053401202609
021301053402202609
021301054202202609
021301055001202609
021301055002202609
021301056901202609
021301056902202609
021301057701202609
021301057702202609
021301058501202609
021301058502202609
021301060701202609
021301060702202609
021301061501202609
021301061502202609
021301062301202609
021301062302202609
021301063101202609
021301063102202609
021301064001202609
021301064002202609
021301065801202609
021301065802202609
021301066601202609
021301066602202609
021301067401202609
021301067402202609
021301068201202609
021301068202202609
021301069002202609
021301070401202609
021301070402202609
021301072002202609
021301073902202609
021301073905202609
021301074702202609
021301074705202609
021301075502202609
021301075505202609
021301076302202609
021301076305202609
021301077102202609
021301077105202609
021301078002202609
021301078005202609
021301078010202609
021301079802202609
021301079805202609
021301079810202609
021301080102202609
021301080105202609
021301080110202609
021301081002202609
021301081005202609
021301081010202609
021301082802202609
021301082805202609
021301083602202609
021301083605202609
021301083610202609
021302001701202609
021302001702202609
021302002501202609
021302002502202609
021302003301202609
021302003302202609
021302004101202609
021302004102202609
021302005001202609
021302005002202609
021302006801202609
021302006802202609
021302007601202609
021302007602202609
021302008401202609
021302008402202609
021401001501202609
021401001502202609
021401001505202609
021401002301202609
021401002302202609
021401002305202609
021401003101202609
021401003102202609
021401003105202609
021401005801202609
021401005802202609
021401005804202609
021401006601202609
021401006602202609
021401007401202609
021401007402202609
021401007405202609
021401011202202609
021401011205202609
021401012002202609
021401012005202609
021401013902202609
021401013905202609
021401014702202609
021401014705202609
021401014710202609
021401015510202609
021401016302202609
021401016310202609
021401017102202609
021401017110202609
021401018002202609
021401018005202609
021401018010202609
021401019802202609
021401019805202609
021401019807202609
021401019810202609
021401020102202609
021401020110202609
021401021002202609
021401021005202609
021401021007202609
021401021010202609
021401022801202609
021401022802202609
021401022805202609
021401022810202609
021401023601202609
021401023602202609
021401023605202609
021401023610202609
021401024401202609
021401024402202609
021401024405202609
021401024410202609
021401025202202609
021401025205202609
021401025210202609
021401026002202609
021401026005202609
021401026010202609
021401027902202609
021401027904202609
021401027910202609
021401028702202609
021401028704202609
021401028710202609
021401029502202609
021401029505202609
021401029510202609
021401030902202609
021401030905202609
021401030910202609
021401031702202609
021401031705202609
021401031710202609
030101002101202609
030101002102202609
030101003001202609
030101003002202609
030101003010202609
030101004801202609
030101004802202609
030101004805202609
030101004807202609
030101005601202609
030101005602202609
030101005610202609
030101006401202609
030101006402202609
030101006410202609
030101007201202609
030101007202202609
030101007207202609
030101009901202609
030101009902202609
030101010206202609
030101011001202609
030101011002202609
030101012901202609
030101012902202609
030101013701202609
030101013702202609
030101014504202609
030101015301202609
030101015302202609
030101016101202609
030101016102202609
030101017005202609
030101019606202609
030101020006202609
030101021806202609
030101022602202609
030101023402202609
030101025010202609
030101026902202609
030101026910202609
030101027702202609
030101027710202609
030101028502202609
030101028510202609
030101029302202609
030101029310202609
030101030702202609
030101030707202609
030101031502202609
030101031507202609
030101032302202609
030101033102202609
030101034002202609
030101035802202609
030101036602202609
030101036605202609
030101036610202609
030101037402202609
030101037405202609
030101037410202609
030101038210202609
030101042002202609
030101042010202609
030101043902202609
030101043910202609
030101044702202609
030101044710202609
030101045502202609
030101045510202609
030102001902202609
030102001910202609
030102002702202609
030102003502202609
030102003510202609
030102004302202609
030102005102202609
030103001401202609
030103001402202609
030103002201202609
030103002202202609
030103004901202609
030103004902202609
030103005701202609
030103005702202609
030103006501202609
030103006502202609
030103007301202609
030103007302202609
030103008101202609
030103008102202609
030103009001202609
030103009002202609
030103010301202609
030103010302202609
030103011101202609
030103011102202609
030103012001202609
030103012002202609
030103013801202609
030103013802202609
030103014601202609
030103014602202609
030103015401202609
030103015402202609
030103016201202609
030103016202202609
030103017001202609
030103017002202609
030103018901202609
030103018902202609
030103019701202609
030103019702202609
030104001001202609
030104001002202609
030104003601202609
030104003602202609
030104004401202609
030104004402202609
030104005202202609
030104006002202609
030104007901202609
030104007902202609
030104008701202609
030104008702202609
030104009501202609
030104009502202609
030104014102202609
030104014105202609
030104014110202609
030104015002202609
030104015005202609
030104015010202609
030104016804202609
030104016807202609
030104017602202609
030104017605202609
030104017610202609
030104018402202609
030104018405202609
030104018410202609
030104019202202609
030104019210202609
030104020602202609
030104020610202609
030104021402202609
030104021405202609
030104021410202609
030104022202202609
030104022205202609
030104022210202609
030104023002202609
030104023005202609
030104023010202609
030105001506202609
030105002302202609
030105003102202609
030105004002202609
030105005801202609
030105005802202609
030105006605202609
030105006607202609
030105007403202609
030105008201202609
030105008202202609
030105009001202609
030105009002202609
030105010401202609
030105010402202609
030105011201202609
030105011202202609
030105012001202609
030105012002202609
030105013901202609
030105013902202609
030105013910202609
030105014701202609
030105014702202609
030105014710202609
030105015502202609
030105016302202609
030105016310202609
030105017102202609
030105017110202609
030106001003202609
030106002901202609
030106002902202609
030106003701202609
030106003702202609
030106004501202609
030106004502202609
030106005301202609
030106005302202609
030106006101202609
030106006102202609
030106007003202609
030106008803202609
030106009601202609
030106009602202609
030106010001202609
030106010002202609
030106011801202609
030106011802202609
030107001606202609
030107002402202609
030107003206202609
030107004002202609
030107005902202609
030107006702202609
030107007502202609
030107008301202609
030107008302202609
030107009101202609
030107009102202609
030107010502202609
030107011302202609
030107012102202609
030107013002202609
030107014802202609
030107015602202609
030107016402202609
030107017206202609
030107018006202609
030107019906202609
030107020202202609
030107021002202609
030107022902202609
030107023702202609
030107024502202609
030107025302202609
030107026102202609
030107027001202609
030107027002202609
030107028802202609
030107029602202609
030107030002202609
030108001101202609
030108001102202609
030108002009202609
030108003809202609
030108004609202609
030108014301202609
030108014302202609
030108015101202609
030108015102202609
030108016001202609
030108016002202609
030108017801202609
030108017802202609
030108019409202609
030108020809202609
030108021609202609
030108022409202609
030108023202202609
030108024009202609
030108025901202609
030108026701202609
030108027509202609
030108028309202609
030108029109202609
030108030501202609
030108030510202609
030108031301202609
030108031302202609
030108032101202609
030108032102202609
030108033001202609
030108034809202609
030108035609202609
030108036409202609
030108037209202609
030108038009202609
030108039901202609
030108040201202609
030108041001202609
030108042901202609
030108043702202609
030108044502202609
030108045301202609
030108046101202609
030109001703202609
030109002503202609
030109003302202609
030110001201202609
030110001202202609
030110003901202609
030110003902202609
030110004701202609
030110004702202609
030110004705202609
030110005501202609
030110005502202609
030110005505202609
030110006302202609
030110006305202609
030110007102202609
030110007105202609
030110008005202609
030110009802202609
030110009805202609
030110010101202609
030110010102202609
030110010105202609
030110011005202609
030110012801202609
030110012802202609
030110012805202609
030110013601202609
030110013602202609
030110014401202609
030110014402202609
030110014405202609
030110015201202609
030110015202202609
030110017901202609
030110017902202609
030110017905202609
030110018701202609
030110018702202609
030110019502202609
030110019510202609
030110020902202609
030110020910202609
030110021702202609
030110021710202609
030110022502202609
030110022510202609
030110023302202609
030110023310202609
030110024102202609
030110024110202609
030110025010202609
030110026810202609
030110027602202609
030110027605202609
030110027610202609
030110028402202609
030110028405202609
030110028410202609
030111001806202609
030111002606202609
030112001302202609
030112002102202609
030112003002202609
030112004802202609
030112005606202609
030112006402202609
030112007202202609
030112008006202609
030113001902202609
030113003502202609
030113004302202609
030113005106202609
030113006006202609
030113007802202609
030113007810202609
030114001402202609
030116001506202609
030116002303202609
030201001702202609
030201001704202609
030201002502202609
030201002504202609
030201003304202609
030202002002202609
030202002004202609
030202003902202609
030202003904202609
030203001802202609
030203001804202609
030203002602202609
030203002604202609
030204001302202609
030204001304202609
030204002102202609
030204002104202609
030204003002202609
030204003004202609
030204004802202609
030204004804202609
030204005602202609
030204005604202609
030204006402202609
030205001902202609
030205001904202609
030205002702202609
030205003504202609
030206001402202609
030206001404202609
030206002202202609
030206002204202609
030206003002202609
030206003004202609
030206004902202609
030206005702202609
030206005704202609
030207001002202609
030207001004202609
030207002804202609
030207003602202609
030301001003202609
030301002903202609
030301003703202609
030301004503202609
030301005303202609
030301006103202609
030301007003202609
030301008803202609
030301009603202609
030301010003202609
030301011803202609
030301012603202609
030301013403202609
030301014203202609
030301015003202609
030301016903202609
030301017703202609
030301018503202609
030301019303202609
030301020703202609
030301021503202609
030301023102202609
030301024002202609
030301024010202609
030301025802202609
030301025810202609
030302001601202609
030302001602202609
030302002401202609
030302002402202609
030302003203202609
030302004003202609
030302005903202609
030302006703202609
030302007503202609
030302008303202609
030303001103202609
030303002003202609
030303003803202609
030303004603202609
030303005403202609
030303006203202609
030303008902202609
030303009702202609
030304001703202609
030304002503202609
030304003303202609
030304004103202609
030304005003202609
030304006803202609
030304007603202609
030304008403202609
030304009203202609
030304010603202609
030304011403202609
030304012203202609
030304013003202609
030304014903202609
030304015703202609
030304016503202609
030304017303202609
030304018103202609
030304019003202609
030304020303202609
030304021103202609
030304022003202609
030304023803202609
030304024603202609
030304025403202609
030304026203202609
030304027003202609
030304028903202609
030304029703202609
030304030003202609
030305001206202609
030305002001202609
030305002002202609
030305003907202609
030305004707202609
030305005507202609
030305006307202609
030305007107202609
030305008007202609
030305009807202609
030305010107202609
030305011007202609
030305013603202609
030305014403202609
030305015207202609
030305016007202609
030305017907202609
030305018707202609
030305019507202609
030305020907202609
030305021707202609
030305022507202609
030305023306202609
030306001803202609
030306002603202609
030306003403202609
030306004203202609
030306005003202609
030306006903202609
030306007703202609
030306008503202609
030306009303202609
030306010703202609
030306011503202609
030306012303202609
030306013103202609
030306014003202609
030306015803202609
030306016603202609
030306017403202609
030306018203202609
030306019003202609
030306020403202609
030306021203202609
030306022003202609
030306023903202609
030306024703202609
030306025503202609
030306026302202609
030306026303202609
030306027103202609
030306028003202609
030306029803202609
030306030103202609
030307001301202609
030307001302202609
030307002104202609
030307003001202609
030307003002202609
030307004801202609
030307004802202609
030307005601202609
030307005602202609
030307006403202609
030307007203202609
030307008003202609
030307009903202609
030307010203202609
030307011003202609
030307012903202609
030307013703202609
030308001901202609
030308001902202609
030308002701202609
030308002702202609
030308003501202609
030308003502202609
030308004303202609
030308005103202609
030308006003202609
030308007803202609
030308008603202609
030308009403202609
030308010802202609
030308011602202609
030309001401202609
030309001402202609
030309001405202609
030309002205202609
030309003001202609
030309003002202609
030309004904202609
030309007301202609
030309007302202609
030309008101202609
030309008102202609
030309009001202609
030309009002202609
030309011101202609
030309011102202609
030309012001202609
030309012002202609
030309012005202609
030309013803202609
030309014601202609
030309014602202609
030309014605202609
030309015401202609
030309015402202609
030309016201202609
030309016202202609
030309017005202609
030309018901202609
030309018902202609
030309018905202609
030309019703202609
030309020001202609
030309020002202609
030309020005202609
030309021901202609
030309021902202609
030309022701202609
030309022702202609
030309022705202609
030309023502202609
030309023503202609
030309024305202609
030309025101202609
030309025102202609
030309026001202609
030309026002202609
030309028601202609
030309028602202609
030309029405202609
030309031603202609
030310001003202609
030310002803202609
030310003603202609
030310004403202609
030310005203202609
030311001503202609
030311002303202609
030311003103202609
030311004003202609
030311005803202609
030311006603202609
030311007403202609
030311008203202609
030311009003202609
030311010403202609
030311011203202609
030312003705202609
030312004505202609
030312005301202609
030312005302202609
030312006102202609
030312006104202609
030312007002202609
030312007004202609
030313001603202609
030313002403202609
030313003203202609
030313004003202609
030313005903202609
030313006703202609
030313007503202609
030313008303202609
030314001101202609
030314001102202609
030314002003202609
030314003803202609
030314004603202609
030314005403202609
030314006203202609
030314007003202609
030314008903202609
030314009703202609
030314010003202609
030314011902202609
030314011903202609
030314012703202609
030314013503202609
030314014303202609
030314015103202609
030315001703202609
030315002503202609
030315003303202609
030315004103202609
030315005003202609
030315006803202609
030316001203202609
030316002003202609
030316003903202609
030316004703202609
030316005503202609
030316006303202609
030316007103202609
030317009303202609
030317010703202609
030317013103202609
030317014003202609
030317015803202609
030317016603202609
030317017403202609
030317018203202609
030317019003202609
030317020403202609
030318001303202609
030318003003202609
030318004803202609
030318005603202609
030318006403202609
030318007203202609
030319001902202609
030319001903202609
030401011103202609
030401017007202609
030401034007202609
030401035903202609
030401036706202609
030401037506202609
030401038306202609
030401039106202609
030401040506202609
030401041306202609
030401042106202609
030401043006202609
030401044806202609
030401045606202609
030401046406202609
030401047206202609
030401048006202609
030401049903202609
030401050206202609
030401051006202609
030401052906202609
030401053706202609
030401054506202609
030401055306202609
030401056106202609
030401057006202609
030401058806202609
030401059603202609
030402001006202609
030402002806202609
030402003606202609
030402004406202609
030402005206202609
030402006006202609
030402007906202609
030402008706202609
030402009506202609
030402010906202609
030402011706202609
030402012506202609
030402013306202609
030402014106202609
030402015006202609
030402016806202609
030402017606202609
030402018406202609
030402019206202609
030402020606202609
030402021406202609
030402022206202609
030402023006202609
030402024906202609
030402025706202609
030402026506202609
030402027306202609
030402028106202609
030402029006202609
030402030306202609
030402031106202609
030402032006202609
030402033806202609
030402034606202609
030402036206202609
030402037006202609
030402038906202609
030402039706202609
030402040006202609
030402041906202609
030402042706202609
030402043506202609
030402044306202609
030402045106202609
030402046006202609
030402047806202609
030402048606202609
030402049406202609
030403001506202609
030403002306202609
030403003106202609
030403004006202609
030403005806202609
030403006606202609
030403007406202609
030403008206202609
030403009006202609
030403010406202609
030403011206202609
030403012006202609
030403013906202609
030403014706202609
030403015506202609
030403016306202609
030403017106202609
030403018006202609
030403019806202609
030403020106202609
030403021006202609
030403022806202609
030403023606202609
030403024406202609
030403025206202609
030403026006202609
030404001006202609
030404002906202609
030404004506202609
030404005306202609
030404006106202609
030404007006202609
030404008806202609
030404009606202609
030404010006202609
030404011806202609
030404012606202609
030404013406202609
030404014206202609
030404015006202609
030404016906202609
030404017706202609
030404018506202609
030404019306202609
030404020706202609
030405001606202609
030405002406202609
030405003206202609
030405004006202609
030405006706202609
030405007506202609
030405011306202609
030405012106202609
030405013006202609
030405017206202609
030405018006202609
030405020206202609
030405021006202609
030405022906202609
030405025306202609
030405026106202609
030405027006202609
030405028806202609
030405029606202609
030405030006202609
030405031806202609
030405032606202609
030405033406202609
030405034206202609
030405035006202609
030406001106202609
030406003806202609
030406004606202609
030406007006202609
030406008906202609
030406009706202609
030406010006202609
030406011906202609
030406012706202609
030406013506202609
030406015106202609
030406016006202609
030406017806202609
030406018606202609
030406020806202609
030406021606202609
030406022406202609
030406023206202609
030406024006202609
030407001706202609
030407002506202609
030407003306202609
030407004106202609
030407005006202609
030407006806202609
030407007606202609
030407008406202609
030407009207202609
030408001207202609
030408002003202609
030408003903202609
030408004703202609
030408005506202609
030408005507202609
030408006303202609
030408007106202609
030408007107202609
030408008007202609
030409001803202609
030409002603202609
030409003403202609
030409004203202609
030409005006202609
030409006906202609
030410001303202609
030410002103202609
030501001807202609
030501002606202609
030501003404202609
030501004204202609
030501009307202609
030501010706202609
030501011506202609
030501012307202609
030501013104202609
030501014004202609
030501015804202609
030501016606202609
030501017403202609
030501018206202609
030501019004202609
030501020406202609
030501021207202609
030502001302202609
030502001303202609
030502002103202609
030502003003202609
030502004803202609
030502005602202609
030502005603202609
030601001101202609
030601001102202609
030601002001202609
030601002002202609
030601003801202609
030601003802202609
030602001702202609
030602001704202609
030602002502202609
030602002505202609
030602003302202609
030602003305202609
030602004102202609
030602004104202609
030602005002202609
030602005004202609
030602006802202609
030602006804202609
030602007602202609
030602007604202609
030602008402202609
030602008404202609
030602009202202609
030602009204202609
030602010602202609
030602010604202609
030602011402202609
030602011404202609
030602012202202609
030602012204202609
030602013002202609
030602013004202609
030602014902202609
030602014904202609
030602015702202609
030602015704202609
030602016502202609
030602016505202609
030602017302202609
030602017305202609
030602018102202609
030602018105202609
030602019002202609
030602019005202609
030602020302202609
030602020305202609
030602021102202609
030602021105202609
030701001501202609
030701001502202609
030701001505202609
030701001507202609
030701003101202609
030701003102202609
030701003105202609
030701003107202609
030701005801202609
030701005802202609
030701005804202609
030701006602202609
030701006607202609
030701006610202609
030701007402202609
030701007405202609
030701007407202609
030701007410202609
030701008202202609
030701008205202609
030701008210202609
030701009002202609
030701009005202609
030701009010202609
030701010402202609
030701010405202609
030701010410202609
030701011202202609
030701011205202609
030701011210202609
030701012002202609
030701012005202609
030701012007202609
030701012010202609
030701013902202609
030701013905202609
030701013910202609
030701014702202609
030701014705202609
030701014710202609
030701015502202609
030701015505202609
030701015510202609
030702001001202609
030702001002202609
030702001005202609
030702001007202609
030702002901202609
030702002902202609
030702002905202609
030702002907202609
030702003701202609
030702003702202609
030702003704202609
030702003707202609
030702003710202609
030702004501202609
030702004502202609
030702004504202609
030702004507202609
030702005301202609
030702005302202609
030702005304202609
030702005307202609
030702006101202609
030702006102202609
030702006104202609
030702006107202609
030702007001202609
030702007002202609
030702007005202609
030702007007202609
030702008801202609
030702008802202609
030702008804202609
030702009601202609
030702009602202609
030702009604202609
030702010001202609
030702010002202609
030702010004202609
030702011801202609
030702011802202609
030702011804202609
030703002401202609
030703002402202609
030703002405202609
030703003201202609
030703003202202609
030703003204202609
030703004001202609
030703004002202609
030703004005202609
030703004010202609
030703005901202609
030703005902202609
030703005905202609
030703006702202609
030703006705202609
030703006710202609
030703007502202609
030703007505202609
030703007507202609
030703007510202609
030703008302202609
030703008305202609
030703008310202609
030704001101202609
030704001102202609
030704001104202609
030704006201202609
030704006202202609
030704006204202609
030704006207202609
030704007001202609
030704007002202609
030704007005202609
030704007007202609
030704008901202609
030704008902202609
030704008904202609
030704008907202609
030704010006202609
030704011906202609
030704011907202609
030704012702202609
030704012707202609
030704013501202609
030704013502202609
030704013505202609
030704013507202609
030704014301202609
030704014302202609
030704014305202609
030704014307202609
030704015101202609
030704015102202609
030704015105202609
030704015107202609
030704016001202609
030704016002202609
030704016005202609
030704016007202609
030704017802202609
030704017807202609
030704017810202609
030704018602202609
030704018605202609
030704018607202609
030704018610202609
030704019402202609
030704019407202609
030704019410202609
030705001702202609
030705001704202609
030705001710202609
030801001903202609
030801002703202609
030801003503202609
030801004302202609
030801004303202609
030802001404202609
030802002203202609
030802003003202609
030803001003202609
030803002803202609
030803003603202609
030804001503202609
030804002303202609
030901003904202609
030901004704202609
030901005504202609
030901006304202609
030901007104202609
030901008004202609
030901009804202609
030901010104202609
030902001801202609
030902001802202609
030902002601202609
030902002602202609
030902003401202609
030902003402202609
030903001301202609
030903001302202609
030903002101202609
030903002102202609
030903003001202609
030903003002202609
030903004801202609
030903004802202609
030903005601202609
030903005602202609
030903005605202609
030903006401202609
030903006402202609
030903007201202609
030903007202202609
030903008001202609
030903008002202609
030903009905202609
030903010206202609
030903011006202609
030903012906202609
030903013706202609
030903014501202609
030903014502202609
030903014505202609
030903015301202609
030903015302202609
030904001905202609
030904002701202609
030904002702202609
030904002705202609
030905001401202609
030905001402202609
030905001405202609
030905002201202609
030905002202202609
030905002205202609
030905003001202609
030905003002202609
030905003005202609
030905004901202609
030905004902202609
030905004905202609
030905005701202609
030905005702202609
030905005705202609
030905006501202609
030905006502202609
030905006505202609
030905007302202609
030905007305202609
030905008102202609
030905008105202609
030905009002202609
030905009005202609
030905011102202609
030905011105202609
030905012002202609
030905012005202609
030905013802202609
030905013805202609
030905014602202609
030905014605202609
030905015402202609
030905015405202609
030905016202202609
030905016205202609
030905017002202609
030905017005202609
030905018902202609
030905018905202609
030905019702202609
030905019705202609
030905020002202609
030905020005202609
030905021902202609
030905021905202609
030905022702202609
030905022705202609
030905023502202609
030905023505202609
030905024302202609
030905024305202609
030905025102202609
030905025105202609
030905026002202609
030905026005202609
030906001004202609
030906003604202609
030907001502202609
030907002302202609
030908001003202609
031001001202202609
031001002004202609
031001003903202609
031001004703202609
031001005503202609
031101001602202609
031101001605202609
031101002402202609
031101002410202609
031101003202202609
031101003205202609
031101003210202609
031101004002202609
031101004005202609
031101004010202609
031101005902202609
031101005905202609
031101005910202609
031101006702202609
031101006705202609
031101006710202609
031101007501202609
031101007505202609
031101007510202609
031101008302202609
031101008305202609
031101008310202609
031101009102202609
031101009105202609
031101009110202609
031101010502202609
031101010505202609
031101010510202609
031102002001202609
031102002005202609
031102002010202609
031102003801202609
031102003805202609
031102003810202609
031102004601202609
031102004605202609
031102004610202609
031102005401202609
031102005405202609
031102005410202609
031102006202202609
031102006205202609
031102006210202609
031102007002202609
031102007005202609
031102007010202609
040101001502202609
040101001504202609
040101003101202609
040101003102202609
040101003105202609
040101004002202609
040101004004202609
040101005802202609
040101005804202609
040101005807202609
040101006601202609
040101006602202609
040101007401202609
040101007402202609
040101008201202609
040101008202202609
040101008205202609
040101008210202609
040101009001202609
040101009002202609
040101010402202609
040101010404202609
040101010407202609
040101011201202609
040101011202202609
040101012001202609
040101012002202609
040101013901202609
040101013902202609
040102001003202609
040102002903202609
040102003703202609
040102004503202609
040102005303202609
040102006103202609
040102007003202609
040102008803202609
040102008806202609
040102009603202609
040102010003202609
040102011803202609
040102012603202609
040102013403202609
040102014203202609
040102015002202609
040102015003202609
040102016903202609
040102017702202609
040201001903202609
040201002703202609
040201003503202609
040201004303202609
040201005103202609
040202001403202609
040202002203202609
040301001203202609
040301002003202609
040301003903202609
040301004703202609
040301005503202609
040301006303202609
040301007103202609
040301008003202609
040301009803202609
040301010103202609
040301011003202609
040301012803202609
040301013603202609
040301014403202609
040301015203202609
040301016003202609
040301017903202609
040301018703202609
040301019503202609
040301020903202609
040301021703202609
040301022503202609
040301023303202609
040301024103202609
040301025003202609
040301026803202609
040301027603202609
040301028403202609
040301029203202609
040301030603202609
040301031403202609
040301032203202609
040301033003202609
040301034903202609
040301035703202609
040301036503202609
040301039003202609
040302001803202609
040302002603202609
040302003403202609
040302004203202609
040302005003202609
040302006903202609
040302007703202609
040302008503202609
040302009303202609
040302010703202609
040302011503202609
040302012303202609
040302013103202609
040303001303202609
040303002103202609
040303003003202609
040303004803202609
040303005603202609
040303006403202609
040303008003202609
040303009903202609
040303010203202609
040303011003202609
040303012903202609
040303013703202609
040303014503202609
040303015303202609
040303016103202609
040304001903202609
040304002703202609
040304005103202609
040304006003202609
040304007803202609
040304008603202609
040304009403202609
040304010803202609
040304011603202609
040304012403202609
040305001402202609
040305002202202609
040305003003202609
040305004903202609
040305005703202609
040305006503202609
040305007303202609
040305008102202609
040305009003202609
040305010303202609
040305011103202609
040305012003202609
040305013803202609
040305014603202609
040305015403202609
040305016203202609
040306001003202609
040306002803202609
040306003603202609
040306004403202609
040306005203202609
040306006003202609
040306007903202609
040306008703202609
040306009503202609
040307001503202609
040307004003202609
040307005803202609
040307008203202609
040307009003202609
040307010403202609
040307011203202609
040307012003202609
040307013903202609
040307014703202609
040307015503202609
040307016303202609
040307017103202609
040308001003202609
040308002903202609
040308003703202609
040308004503202609
040308005303202609
040308006103202609
040308007003202609
040308008803202609
040308009603202609
040308010003202609
040401001603202609
040401001606202609
040401002403202609
040401002406202609
040401003203202609
040401003206202609
040401004003202609
040401005902202609
040401005903202609
040401006703202609
040401007501202609
040401007502202609
040401008303202609
040401009101202609
040401009102202609
040401010503202609
040401011303202609
040401012103202609
040401012106202609
040401013003202609
040401014803202609
040401015601202609
040401015602202609
040401016403202609
040401017203202609
040401018003202609
040401019903202609
040401020203202609
040401021003202609
040401022903202609
040401023703202609
040401024501202609
040401024502202609
040401025302202609
040401025304202609
040401026101202609
040401026102202609
040401027001202609
040401027002202609
040401028803202609
040401029601202609
040401029602202609
040401030001202609
040401030002202609
040401031802202609
040401031803202609
040401032603202609
040401033403202609
040401034202202609
040401034204202609
040401035003202609
040401036901202609
040401036902202609
040401037703202609
040401038503202609
040401039301202609
040401039302202609
040401040703202609
040401041503202609
040401041506202609
040401043103202609
040401044001202609
040401044002202609
040401045803202609
040401046603202609
040401047403202609
040401048203202609
040401049003202609
040401050403202609
040401051203202609
040401051206202609
040401052003202609
040401053903202609
040401054703202609
040401055503202609
040401056303202609
040401057103202609
040401058003202609
040401059803202609
040401060103202609
040401061003202609
040401062803202609
040401063603202609
040401064403202609
040401065203202609
040402001103202609
040402003802202609
040402003803202609
040402004603202609
040402005402202609
040402005404202609
040402005407202609
040402006203202609
040402007003202609
040402008902202609
040402008903202609
040402009702202609
040402009704202609
040402009707202609
040402010002202609
040402010004202609
040402011903202609
040402013503202609
040402014303202609
040402017803202609
040402020803202609
040402022403202609
040402023203202609
040402024003202609
040402027503202609
040402029103202609
040402031302202609
040402031303202609
040402032103202609
040402034803202609
040402035603202609
040402038003202609
040402039903202609
040402042903202609
040402044501202609
040402044502202609
040402044504202609
040402044507202609
040402045303202609
040402046103202609
040402047003202609
040402048801202609
040402048802202609
040402048803202609
040402049603202609
040402050003202609
040402051803202609
040402052603202609
040402053403202609
040402054203202609
040402055003202609
040402056903202609
040402057701202609
040402057702202609
040402057703202609
040402058503202609
040402059303202609
040402060703202609
040402061501202609
040402061502202609
040402061504202609
040402062301202609
040402062302202609
040402062304202609
040402063101202609
040402063102202609
040402064003202609
040402065803202609
040402066603202609
040402067401202609
040402067402202609
040402067404202609
040402069003202609
040402070403202609
040402071203202609
040402072003202609
040402073903202609
040402077103202609
040402078003202609
040402079803202609
040403001703202609
040403003303202609
040403004103202609
040403005003202609
040403006803202609
040403007603202609
040403008403202609
040403010603202609
040403012203202609
040403013003202609
040403015703202609
040403016503202609
040403017303202609
040403019003202609
040403022003202609
040403024603202609
040403025403202609
040403026203202609
040403027003202609
040403028903202609
040403029703202609
040403030003202609
040403031903202609
040403032703202609
040501001003202609
040501001006202609
040501002803202609
040501002806202609
040501003603202609
040501003606202609
040501004402202609
040501005201202609
040501005202202609
040501006001202609
040501006002202609
040501007903202609
040501007906202609
040501008703202609
040501010901202609
040501010902202609
040501011703202609
040501011706202609
040501012503202609
040501012506202609
040501013303202609
040501014101202609
040501014102202609
040501015003202609
040501016802202609
040501017602202609
040501017603202609
040501018402202609
040501019202202609
040501020601202609
040501020602202609
040502001503202609
040502001506202609
040502002303202609
040502002306202609
040503001003202609
040503002902202609
040503002903202609
040503003701202609
040503003702202609
040503004506202609
040503005302202609
040503005305202609
040503007003202609
040503007006202609
040503009602202609
040503009603202609
040503010001202609
040503010002202609
040503011802202609
040503011804202609
040503012602202609
040503013403202609
040503013406202609
040503014203202609
040503015001202609
040503015002202609
040503016903202609
040503017703202609
040503018503202609
040503019303202609
040503019304202609
040503019306202609
040503019307202609
040503020703202609
040503021502202609
040503022302202609
040503023102202609
040504001603202609
040504001606202609
040504002403202609
040504004003202609
040504005903202609
040504006703202609
040504006706202609
040504007503202609
040504007506202609
040504008303202609
040504009103202609
040504010503202609
040504010506202609
040504013002202609
040504014803202609
040504015603202609
040504016403202609
040504018003202609
040504019901202609
040504019902202609
040504020203202609
040504020206202609
040504021003202609
040504021006202609
040505001103202609
040505001106202609
040505002006202609
040505003802202609
040505003805202609
040505004603202609
040505004606202609
040505005403202609
040505005406202609
040505006201202609
040505006202202609
040505007001202609
040505007002202609
040505008902202609
040505009703202609
040505009706202609
040505010003202609
040505010006202609
040505011903202609
040505011906202609
040505012706202609
040505013503202609
040505014303202609
040505014306202609
040505015103202609
040505015106202609
040505016002202609
040505017802202609
040505018603202609
040505019406202609
040505020802202609
040505021603202609
040505021606202609
040505022403202609
040505022406202609
040505023203202609
040505024002202609
040505025902202609
040505025905202609
040505026702202609
040505028302202609
040505029102202609
040505030502202609
040505031303202609
040505032103202609
040505032106202609
040505035603202609
040505036401202609
040505036402202609
040505037203202609
040505037206202609
040505038003202609
040505039902202609
040505039903202609
040505040202202609
040505040203202609
040601001303202609
040601002103202609
040601003003202609
040601004803202609
040601005603202609
040601006403202609
040601007203202609
040601008003202609
040601009903202609
040601010203202609
040601011003202609
040601012904202609
040601013703202609
040601015303202609
040601016103202609
040601017003202609
040601018803202609
040601019603202609
040601020003202609
040601021803202609
040601022603202609
040601023403202609
040601024203202609
040601025003202609
040601026903202609
040601027703202609
040601028503202609
040601029303202609
040601030703202609
040601031503202609
040601032303202609
040601033103202609
040601034003202609
040601035803202609
040601036603202609
040601037403202609
040601038203202609
040601039003202609
040601040403202609
040601041203202609
040601042003202609
040601043903202609
040601044703202609
040601045503202609
040601046303202609
040601047103202609
040601048003202609
040601049803202609
040601050103202609
040601051003202609
040601052803202609
040601053603202609
040601054403202609
040601055203202609
040601056003202609
040601057903202609
040601058703202609
040601059503202609
040601060903202609
040601061703202609
040601062503202609
040601063303202609
040601064103202609
040601065003202609
040601066803202609
040601067603202609
040601068403202609
040601069203202609
040601070603202609
040601071403202609
040601072204202609
040601073003202609
040601074904202609
040601075703202609
040601076503202609
040601077303202609
040601078103202609
040601079003202609
040601080303202609
040601081103202609
040601082003202609
040601083803202609
040601084603202609
040601085403202609
040601086203202609
040601087003202609
040601088903202609
040601089703202609
040601090003202609
040601091903202609
040601092703202609
040601093503202609
040601094303202609
040601095103202609
040601096003202609
040601097803202609
040601098603202609
040601099403202609
040601100103202609
040601101003202609
040601102803202609
040601103603202609
040601104403202609
040601105203202609
040601107903202609
040601108703202609
040601109503202609
040601110903202609
040601111703202609
040601112503202609
040601113303202609
040601114103202609
040601115003202609
040601116803202609
040601117603202609
040601118403202609
040601119203202609
040601120603202609
040601121403202609
040601122203202609
040601123003202609
040601124903202609
040601125703202609
040601126503202609
040601127303202609
040601128103202609
040601129003202609
040601130303202609
040601131103202609
040601132003202609
040601133803202609
040601134603202609
040601135403202609
040601136203202609
040601137003202609
040601138903202609
040601139703202609
040601140003202609
040601141903202609
040601142703202609
040601143503202609
040601144303202609
040601145103202609
040601146003202609
040601147803202609
040601148603202609
040601149403202609
040601150803202609
040601151603202609
040602001903202609
040602002703202609
040602003503202609
040602004303202609
040602005103202609
040602007803202609
040602008605202609
040602009401202609
040602009402202609
040602009405202609
040602009407202609
040602010803202609
040602011603202609
040602012403202609
040602013201202609
040602013202202609
040602014001202609
040602014002202609
040602015903202609
040602016703202609
040602018305202609
040602019103202609
040602020501202609
040602020502202609
040602021303202609
040602022103202609
040602023003202609
040602024803202609
040602025603202609
040602026403202609
040602027203202609
040602028003202609
040602029901202609
040602029902202609
040602030203202609
040602031003202609
040602032903202609
040602033703202609
040602034503202609
040602035303202609
040602036103202609
040602037003202609
040602038803202609
040602039603202609
040602040003202609
040602041803202609
040602042603202609
040602043403202609
040602044203202609
040602045003202609
040602046903202609
040602047703202609
040602048503202609
040602049303202609
040602050703202609
040602051503202609
040602052303202609
040602053103202609
040602054003202609
040602055803202609
040602056603202609
040602057403202609
040602058203202609
040602059003202609
040602060403202609
040602061204202609
040602062002202609
040602062004202609
040603001403202609
040603001406202609
040603002203202609
040603003003202609
040603004903202609
040603005703202609
040603006503202609
040603007303202609
040603008103202609
040603009003202609
040603010303202609
040603011103202609
040603012003202609
040603013803202609
040603014603202609
040603015403202609
040603016203202609
040604001003202609
040604002803202609
040604004403202609
040604005203202609
040604006003202609
040604007903202609
040604008703202609
040604009503202609
040604010903202609
040604011703202609
040604012503202609
040604013303202609
040604014103202609
040604015003202609
040604016803202609
040604017603202609
040604018403202609
040604019203202609
040604020603202609
040604021403202609
040604022203202609
040604023003202609
040604024903202609
040604025703202609
040604026503202609
040604027303202609
040604028103202609
040604029003202609
040604030303202609
040604031103202609
040604032003202609
040604033803202609
040605001503202609
040605002303202609
040605003103202609
040605004003202609
040605005803202609
040605006603202609
040605007403202609
040605008203202609
040605009003202609
040605010403202609
040605011203202609
040605012003202609
040605013903202609
040701001703202609
040701002505202609
040701003303202609
040701004103202609
040701005003202609
040701006803202609
040701007603202609
040701008403202609
040701009203202609
040701010603202609
040701011403202609
040701012203202609
040701013003202609
040701014903202609
040701015703202609
040701016503202609
040701017303202609
040701018103202609
040701019003202609
040701020303202609
040701021103202609
040701022003202609
040701023803202609
040701024602202609
040701024604202609
040701025402202609
040701025404202609
040701025407202609
040701026205202609
040701027003202609
040701028903202609
040701029703202609
040701030003202609
040701031901202609
040701031902202609
040701032701202609
040701032702202609
040701033503202609
040701034303202609
040701035103202609
040701036003202609
040701037803202609
040701038603202609
040702001203202609
040702002003202609
040702003903202609
040702004703202609
040702005501202609
040702005502202609
040702006303202609
040702007103202609
040702008003202609
040702009803202609
040702010103202609
040702011003202609
040702012802202609
040702012804202609
040702013602202609
040702013603202609
040702014402202609
040702014403202609
040702015203202609
040702016001202609
040702016002202609
040702017903202609
040702018703202609
040702019503202609
040702020903202609
040702021703202609
040702022503202609
040702022506202609
040702023303202609
040702024103202609
040702025003202609
040702026803202609
040702027603202609
040702028403202609
040702029203202609
040702030603202609
040702031401202609
040702031402202609
040702032203202609
040702033003202609
040702034903202609
040702035703202609
040702036503202609
040702037301202609
040702037302202609
040702038103202609
040702039001202609
040702039002202609
040702039007202609
040702040303202609
040702041103202609
040702042003202609
040702043803202609
040702044603202609
040702045403202609
040702046203202609
040702047003202609
040702048901202609
040702048902202609
040702049701202609
040702049702202609
040703001803202609
040703002603202609
040703003403202609
040703004203202609
040703005003202609
040703006903202609
040703007703202609
040703008502202609
040703009302202609
040703010702202609
040703011502202609
040703012303202609
040703013103202609
040703014003202609
040703015803202609
040703016603202609
040703017403202609
040703018203202609
040703019003202609
040703020403202609
040703021203202609
040703022003202609
040703023902202609
040703024703202609
040703025503202609
040704001303202609
040704002103202609
040704003003202609
040704004803202609
040704005603202609
040704006403202609
040704007203202609
040704008003202609
040704009903202609
040704010203202609
040704011003202609
040704012903202609
040704013703202609
040704014503202609
040704015303202609
040704016103202609
040704017003202609
040704018803202609
040704019602202609
040704019604202609
040704020003202609
040704021802202609
040704021804202609
040704022603202609
040704023403202609
040704024203202609
040704025003202609
040704026903202609
040801001003202609
040801002903202609
040801003703202609
040801004503202609
040801005303202609
040801006103202609
040801007003202609
040801008803202609
040801009603202609
040801010003202609
040801011803202609
040801012602202609
040801012604202609
040801013402202609
040801013403202609
040801014203202609
040801015003202609
040801016903202609
040801017703202609
040801018503202609
040801019303202609
040801020703202609
040801021503202609
040801022303202609
040801023103202609
040802001603202609
040802002403202609
040802003203202609
040802004003202609
040802005903202609
040802006703202609
040802007503202609
040802008303202609
040802009103202609
040802010503202609
040802011304202609
040802012103202609
040802013003202609
040802014803202609
040802015602202609
040802015603202609
040802016402202609
040802016403202609
040802017202202609
040802017203202609
040802018002202609
040802018003202609
040802019902202609
040802019903202609
040802020202202609
040802020203202609
040802021002202609
040802021003202609
040802022902202609
040802022903202609
040802024502202609
040802024503202609
040802025303202609
040802026103202609
040802027003202609
040802028803202609
040802029602202609
040802029603202609
040802030003202609
040802030006202609
040802031803202609
040802032603202609
040802033403202609
040802034203202609
040802035003202609
040802036903202609
040802037703202609
040802038503202609
040802039303202609
040802040703202609
040802041503202609
040802042303202609
040802043103202609
040802044003202609
040802045803202609
040802046603202609
040802047403202609
040802048203202609
040802049003202609
040802050403202609
040802051203202609
040802052003202609
040802053903202609
040802054703202609
040802055503202609
040802056303202609
040802057103202609
040802058003202609
040802059803202609
040802060103202609
040802061003202609
040802062803202609
040802063603202609
040802064403202609
040803001103202609
040803002003202609
040803003803202609
040803004603202609
040803005403202609
040803006203202609
040803007003202609
040803008903202609
040803009703202609
040803010003202609
040803011903202609
040803012703202609
040803013503202609
040803014303202609
040803015103202609
040803016003202609
040803017803202609
040803018603202609
040803019403202609
040803020803202609
040803021603202609
040803022403202609
040803023203202609
040803024003202609
040803025903202609
040803026703202609
040803027503202609
040803028303202609
040803029103202609
040803030503202609
040803031303202609
040803032103202609
040803033003202609
040803034803202609
040803035603202609
040803036403202609
040803037203202609
040803038003202609
040803039903202609
040803040203202609
040803041003202609
040803042903202609
040803043703202609
040803044503202609
040803045303202609
040803046103202609
040803047003202609
040803048804202609
040803050003202609
040803051803202609
040803052603202609
040803053403202609
040803054203202609
040803055003202609
040803056903202609
040803057703202609
040803058503202609
040803059303202609
040803060703202609
040803061503202609
040803062303202609
040803063103202609
040803064003202609
040803065803202609
040803066603202609
040803067403202609
040803068203202609
040803069003202609
040803070403202609
040803071203202609
040803072003202609
040803073903202609
040803074703202609
040803075503202609
040803076303202609
040803077103202609
040803078003202609
040803079803202609
040803080103202609
040803081003202609
040803082803202609
040803083603202609
040803084403202609
040803085203202609
040803086003202609
040803087903202609
040803088703202609
040803089503202609
040803090903202609
040803091703202609
040804001703202609
040804002503202609
040804003303202609
040804004103202609
040804005003202609
040804006803202609
040804007603202609
040804008403202609
040804009203202609
040804010603202609
040804011403202609
040804012203202609
040804013003202609
040804014903202609
040804015703202609
040804016503202609
040804017303202609
040804018103202609
040804019003202609
040804020303202609
040804021104202609
040804022003202609
040804023803202609
040804024603202609
040804025403202609
040804026203202609
040804027003202609
040804028903202609
040804029703202609
040804030003202609
040804031903202609
040804032703202609
040804033503202609
040804034303202609
040805001203202609
040805002003202609
040805003903202609
040805004703202609
040805005503202609
040805006303202609
040805007103202609
040805008003202609
040805009804202609
040805010103202609
040805011003202609
040805012803202609
040805013603202609
040805014403202609
040805015203202609
040805016003202609
040805017903202609
040805019502202609
040805019503202609
040805020902202609
040805020903202609
040805021702202609
040805021703202609
040805022502202609
040805022503202609
040805023303202609
040805024102202609
040805024103202609
040805025002202609
040805025003202609
040805026802202609
040805026803202609
040805027602202609
040805027603202609
040805028402202609
040805028403202609
040805029202202609
040805029203202609
040805030603202609
040805031403202609
040805032203202609
040805033003202609
040805033006202609
040805034903202609
040805035703202609
040805036503202609
040805037303202609
040805038103202609
040805039003202609
040805040303202609
040805041103202609
040805042003202609
040805043803202609
040805044603202609
040805045403202609
040805046203202609
040805047003202609
040805048903202609
040805049703202609
040805050003202609
040805051903202609
040805052703202609
040805053503202609
040805054303202609
040805055103202609
040805056003202609
040805057803202609
040805058603202609
040805059403202609
040805060803202609
040805061603202609
040805062403202609
040805063203202609
040805064003202609
040805065903202609
040805066703202609
040805067503202609
040805068303202609
040805069103202609
040805070503202609
040805071303202609
040805072103202609
040805073003202609
040805074803202609
040805075603202609
040805076403202609
040805077203202609
040805078003202609
040805079903202609
040805080203202609
040805081003202609
040805082903202609
040805083703202609
040805084503202609
040805085303202609
040805086103202609
040805087003202609
040805088803202609
040805089603202609
040805090003202609
040805091803202609
040805092603202609
040806001803202609
040806002603202609
040806003403202609
040806004202202609
040806004203202609
040806005003202609
040806006903202609
040806007703202609
040806008503202609
040806008506202609
040806009303202609
040806010703202609
040806011503202609
040806012303202609
040806013103202609
040806014003202609
040806015802202609
040806015803202609
040806016603202609
040806017403202609
040806018203202609
040806019003202609
040806020403202609
040806021203202609
040806021206202609
040806022001202609
040806022002202609
040806023903202609
040806024703202609
040806025503202609
040806026303202609
040806027103202609
040806028003202609
040806029803202609
040806030103202609
040806030106202609
040806031003202609
040806032803202609
040806033603202609
040806034403202609
040806035202202609
040806035203202609
040806036003202609
040806037903202609
040806038703202609
040806039503202609
040806040903202609
040806040906202609
040806041703202609
040806042503202609
040806042506202609
040806043303202609
040806044103202609
040806045003202609
040806045006202609
040806046803202609
040806047603202609
040806048403202609
040806049203202609
040806050603202609
040806051403202609
040806052203202609
040806053003202609
040806054903202609
040806055703202609
040806056503202609
040806057303202609
040806058103202609
040806059003202609
040806060303202609
040806061103202609
040806062003202609
040806063803202609
040806064603202609
040806065401202609
040806065402202609
040806066203202609
040806067003202609
040806068901202609
040806068902202609
040806069703202609
040806070003202609
040806071904202609
040901001403202609
040901002203202609
040901003003202609
040901004903202609
040901005703202609
040901006503202609
040901007303202609
040901008103202609
040901009002202609
040901009003202609
040901010302202609
040901011102202609
040901012003202609
040901013803202609
040901014603202609
040901015401202609
040901015402202609
040901016201202609
040901016202202609
040901017003202609
040901017006202609
040901018903202609
040901019703202609
040901020003202609
040901021903202609
040901022703202609
040901023503202609
040901024303202609
040901025103202609
040901026003202609
040901027801202609
040901027802202609
040901028603202609
040901029403202609
040901029406202609
040901030803202609
040901031603202609
040901032403202609
040901033203202609
040901034003202609
040901035902202609
040901035904202609
040901036703202609
040901037503202609
040901038303202609
040901038306202609
040901039103202609
040901040503202609
040901041303202609
040901042102202609
040901043003202609
040901044801202609
040901044802202609
040901045603202609
040901046403202609
040901047203202609
040901048003202609
040901049903202609
040901050203202609
040901051003202609
040901052903202609
040901053703202609
040901054503202609
040901055303202609
040901056103202609
040901057003202609
040901058803202609
040901059603202609
040902001002202609
040902001003202609
040902002802202609
040902002803202609
040902003602202609
040902003604202609
040902004403202609
040902005203202609
040902006001202609
040902006002202609
040902007903202609
040902007906202609
040902008702202609
040902008703202609
040902009502202609
040902009503202609
040902010903202609
040902011701202609
040902011702202609
040902012503202609
040902013303202609
040902014103202609
040902015003202609
040902016803202609
040902017603202609
040902017606202609
040902018401202609
040902018402202609
040903001503202609
040903002303202609
040903003103202609
040903004003202609
040903005803202609
040904001002202609
040904001003202609
040904002902202609
040904002904202609
040904003703202609
040904004503202609
040904005303202609
040904006102202609
040904006104202609
040904007003202609
040904007006202609
040904008803202609
040904008806202609
040904009603202609
040904010001202609
040904010002202609
040904011803202609
040904012603202609
040904013403202609
040904014203202609
040904014206202609
040904015003202609
040904016903202609
040904016906202609
040904017703202609
040904018503202609
040904019303202609
040904020703202609
040904021503202609
040904021506202609
040904022303202609
040904023103202609
040904024003202609
040904024006202609
040905001603202609
040905002403202609
040905003203202609
040905004003202609
040905005901202609
040905005902202609
040905006701202609
040905006702202609
040905007503202609
040905008303202609
040905008306202609
040905009103202609
040905010503202609
040905011303202609
040905013003202609
040905014803202609
040905016403202609
040906001103202609
040906001106202609
040906002003202609
040906003803202609
040906004603202609
040906004606202609
040906005403202609
040906006201202609
040906006202202609
040906007003202609
040906008902202609
040906008907202609
040906009701202609
040906009702202609
040906010003202609
040906011903202609
040906012703202609
040906013503202609
040906014303202609
040906015103202609
040906016003202609
040906017803202609
040906017806202609
040906018603202609
040906019403202609
040906020803202609
040906021603202609
040906022403202609
040906023203202609
040906024003202609
040906025903202609
040906026703202609
040906027503202609
040906028303202609
040906029103202609
040906030502202609
040906030507202609
040906031303202609
040907001703202609
040907002503202609
040907003303202609
040907004103202609
040907005003202609
040907006803202609
040907007603202609
040907008403202609
040907009203202609
040907010602202609
040907010603202609
040907011403202609
040907012202202609
040907012204202609
040907013003202609
040907014903202609
040907014906202609
040907015703202609
040907015706202609
040907016502202609
040907016504202609
040907017301202609
040907017302202609
040907018102202609
040907018104202609
040907019003202609
040907020303202609
040907021103202609
040907022003202609
040907023803202609
040907024603202609
040907025403202609
040907026203202609
040907027003202609
040907028903202609
040907029703202609
040907030003202609
040907031903202609
041001001402202609
041001001403202609
041001002201202609
041001002202202609
041001003001202609
041001003002202609
041001004902202609
041001004904202609
041001005703202609
041001006503202609
041001007303202609
041001008102202609
041001008103202609
041001009003202609
041001010301202609
041001010302202609
041001011103202609
041001012003202609
041001013803202609
041001014603202609
041001015403202609
041001016203202609
041001019703202609
041001020003202609
041001021903202609
041101001802202609
041101001803202609
041101002603202609
041101003403202609
041101004203202609
041101005003202609
041101006901202609
041101006902202609
041101007702202609
041101007703202609
041101008503202609
041102001302202609
041102001303202609
041102002103202609
041102003003202609
041102004803202609
041201001103202609
041201002003202609
041201003803202609
041201004603202609
041201006202202609
041201006204202609
041201007003202609
041201008903202609
041201009703202609
041201010003202609
041201011903202609
041201012704202609
041201013503202609
041201014303202609
041202001703202609
041202002503202609
041202003303202609
041202005003202609
041202006803202609
041202007603202609
041202008403202609
041203001203202609
041203004703202609
041203005505202609
041203006305202609
041203007105202609
041203008003202609
041203009803202609
041203010103202609
041203011003202609
041203012802202609
041203012804202609
041204001803202609
041204002603202609
041204003403202609
041204004203202609
041204005003202609
041204006903202609
041204008503202609
041204010703202609
041204011503202609
041204012303202609
041204013103202609
041204015803202609
041204016603202609
041204017403202609
041204018203202609
041204019003202609
041204020403202609
041204021203202609
041204022003202609
041205001303202609
041205003003202609
041205004803202609
041205006403202609
041205007203202609
041205008003202609
041205010203202609
041205011003202609
041205013703202609
041205014503202609
041205015303202609
041205016103202609
041205017002202609
041205017004202609
041301001503202609
041301002301202609
041301002302202609
041301003107202609
041301004007202609
041301005807202609
041301006603202609
041301007404202609
041301008203202609
041301009003202609
041303001603202609
041303002403202609
041303003203202609
041303004006202609
041303005903202609
041303006703202609
041303007503202609
041303008303202609
041304001101202609
041304001102202609
041304002003202609
041304003803202609
041304004603202609
041304005403202609
041304006203202609
041304007003202609
041304008903202609
041304009703202609
041304010003202609
041304011903202609
041304012703202609
041304013503202609
041304014303202609
041304015102202609
041304015103202609
041304016003202609
041304017803202609
041304018603202609
041304019403202609
041304020803202609
041304021603202609
041304022403202609
041304023203202609
041304024003202609
041304025903202609
041304026703202609
041401002703202609
041401003503202609
041401025602202609
041401025603202609
041401027203202609
041401032903202609
041401034501202609
041401034502202609
041401034503202609
041401036101202609
041401036102202609
041401036104202609
041401037006202609
041401038801202609
041401038802202609
041401038804202609
041402002201202609
041402002202202609
041402002204202609
041402003001202609
041402003002202609
041402003004202609
041402004901202609
041402004902202609
041402004904202609
041402005701202609
041402005702202609
041402005704202609
041402006501202609
041402006502202609
041402006504202609
041402007301202609
041402007302202609
041402007304202609
041402008101202609
041402008102202609
041402008104202609
041402008107202609
041402009001202609
041402009002202609
041402009004202609
041402012001202609
041402012002202609
041402012005202609
041402013801202609
041402013802202609
041402013805202609
041402013807202609
041402014601202609
041402014602202609
041402014604202609
041402014607202609
041402015401202609
041402015402202609
041402015404202609
041402016201202609
041402016202202609
041402016204202609
041402016207202609
041402017001202609
041402017002202609
041402017005202609
041402020001202609
041402020002202609
041402020004202609
041402021901202609
041402021902202609
041402021904202609
041402024301202609
041402024302202609
041402024304202609
041402024307202609
041402027801202609
041402027802202609
041402027804202609
041402029401202609
041402029402202609
041402029404202609
041402035901202609
041402035902202609
041402035905202609
041402036701202609
041402036702202609
041402036704202609
041402037501202609
041402037502202609
041402037504202609
041402038301202609
041402038302202609
041402038305202609
041402040501202609
041402040502202609
041402040505202609
041402041303202609
041402042106202609
041402042107202609
041402043002202609
041402043005202609
041402043010202609
041501001203202609
041502001803202609
041502003403202609
041502004203202609
041502005003202609
041502006903202609
041502007703202609
041502008503202609
041503001303202609
041504002703202609
041504003502202609
041504003503202609
041504004301202609
041504004302202609
041504005101202609
041504005102202609
041601001603202609
041601002403202609
041601004003202609
041601007503202609
041601009103202609
041601011303202609
041601012103202609
041601013003202609
041601016403202609
041601017203202609
041601018003202609
041601019903202609
041601020203202609
041601021003202609
041601022903202609
041601023703202609
041602002003202609
041602015103202609
041602016003202609
041602017803202609
041602018603202609
041602019403202609
041602020803202609
041602021603202609
041602022403202609
041602023203202609
041602024003202609
041602025903202609
041603002503202609
041603003303202609
041603004103202609
041603006803202609
041603007603202609
041603008403202609
041603009203202609
041603014902202609
041603014903202609
041603015703202609
041603016503202609
041603017303202609
041603018103202609
041603019003202609
041603020303202609
041603021103202609
041603022003202609
041603023803202609
041603024603202609
041603025403202609
041603026203202609
041603027003202609
041603028903202609
041603029703202609
041603030003202609
041603031903202609
041603032703202609
041603033503202609
041603034303202609
041603035103202609
041603036003202609
041604001203202609
041604002003202609
041604003903202609
041604004703202609
041604005503202609
041604007103202609
041604010103202609
041604011003202609
041604012803202609
041604014403202609
041604017903202609
041604018703202609
041604019503202609
041604020903202609
041604021703202609
041604022503202609
041604023303202609
041604024103202609
041604025003202609
041604026803202609
041604027603202609
041604028403202609
041604029203202609
041604030604202609
041604031403202609
041604032203202609
041604033003202609
041604034903202609
041605001803202609
041605002603202609
041605003403202609
041605005003202609
041605007703202609
041605009303202609
041605010703202609
041605011503202609
041605012303202609
041606001303202609
041606002103202609
041606003003202609
041606005603202609
041606006403202609
041606008003202609
041606009903202609
041606010203202609
041606011003202609
041606012903202609
041606013703202609
041608001403202609
041608003003202609
041608008103202609
041608009003202609
041608011103202609
041608012003202609
041609001003202609
041609002803202609
041609003603202609
041609007903202609
041609010903202609
041609011703202609
041609012503202609
041609013303202609
041611001003202609
041611002903202609
041611003703202609
041611004503202609
041611005303202609
041611006103202609
041611007003202609
041611008803202609
041612002403202609
041612003203202609
041612004003202609
041612005903202609
041701001004202609
041701002804202609
041701003604202609
041701004404202609
041701005202202609
041701005204202609
041701006002202609
041701006004202609
041701006007202609
041801001306202609
041801002106202609
041801003006202609
041801004806202609
041801005604202609
041801006407202609
041801007204202609
041801008006202609
041801009907202609
041802001906202609
041802001907202609
041802002706202609
041802002707202609
041802003507202609
050101001702202609
050101002502202609
050101005002202609
050101006802202609
050101007602202609
050101009202202609
050101010602202609
050102003902202609
050102004702202609
050103001801202609
050103001802202609
050103002601202609
050103002602202609
050103003401202609
050103003402202609
050103004201202609
050103004202202609
050103005001202609
050103005002202609
050103006903202609
050103007702202609
050103008502202609
050103009302202609
050103010702202609
050103011501202609
050103011502202609
050103012302202609
050104001302202609
050104006402202609
050104006404202609
050104008002202609
050104008004202609
050104009902202609
050104011002202609
050104012902202609
050105001902202609
050105004302202609
050105005102202609
050106001405202609
050106002205202609
050106003005202609
050106004905202609
050106005704202609
050107001002202609
050107002802202609
050107002804202609
050107003604202609
050107004402202609
050107005202202609
050107008702202609
050107009502202609
050107010902202609
050107011702202609
050107012502202609
050107013302202609
050107014102202609
050107015004202609
050107016802202609
050107017602202609
050108001504202609
050108001507202609
050108002304202609
050108002307202609
050108003104202609
050108003107202609
050108004004202609
050108004007202609
050108005804202609
050108005807202609
050108006604202609
050108006607202609
050108007404202609
050108007407202609
050108008204202609
050108009004202609
050108009006202609
050108009007202609
050108010404202609
050108010407202609
050201001004202609
050201002904202609
050301001403202609
050301001406202609
050301002203202609
050301002206202609
050302001003202609
050302002803202609
050303001504202609
050303002304202609
050303003104202609
050303004004202609
050303005804202609
050303005807202609
050303006604202609
050303007404202609
050303008204202609
050303009004202609
050303010404202609
050303011204202609
050304001004202609
050304002904202609
050304003704202609
050304004504202609
050304005304202609
050304006104202609
050304006107202609
050304008804202609
050401001804202609
050401001807202609
050401002603202609
050401002606202609
050401003404202609
050401003407202609
050402001304202609
050402002104202609
050402003004202609
050402004804202609
050402005604202609
050403002704202609
050404001406202609
050404002206202609
050405001006202609
050501001103202609
050501002003202609
050501003803202609
050501004603202609
050501005403202609
050501006203202609
050501007003202609
050501008903202609
050501009703202609
050501009706202609
050501012703202609
050501012706202609
050501013503202609
050501013506202609
050501014303202609
050502001705202609
050502002505202609
050502004103202609
050502005003202609
050502006803202609
050502007603202609
050502008403202609
050502009203202609
050502010603202609
050502012203202609
050502014903202609
050601001506202609
050601005804202609
050601005806202609
050601006606202609
050601007406202609
050601008206202609
050601009006202609
050601010406202609
050601011206202609
050601012006202609
050601013906202609
050601014706202609
050601015506202609
050601016306202609
050601017106202609
050601018006202609
050601019806202609
050601020106202609
050601021006202609
050601022802202609
050601023602202609
050602001003202609
050602002903202609
050602003703202609
050602004503202609
050602005303202609
050602006103202609
050602007003202609
050602009603202609
050602010003202609
050602011803202609
050602013403202609
060301001604202609
060302001104202609
060302002004202609
060302003804202609
060302004604202609
060302005404202609
060302009704202609
060303001704202609
060303001706202609
060303003304202609
060304001204202609
060305001804202609
060305002604202609
060305003404202609
060305004204202609
060305005004202609
060305006904202609
060305008504202609
060305009304202609
060305010704202609
060305011502202609
060305012302202609
060306001304202609
060307001904202609
060308001404202609
060308002204202609
060308003004202609
060308004904202609
060308005704202609
060308008104202609
060308010304202609
060308012004202609
060308013804202609
060308014604202609
060308016204202609
060308017004202609
060308018904202609
060308019704202609
060308020004202609
060308021904202609
060308022704202609
060308027804202609
060308028604202609
060308029404202609
060309001005202609
060309002805202609
060401001006202609
060401002806202609
060401003606202609
060401004406202609
060401005206202609
060401006006202609
060401007906202609
060401008706202609
060401009506202609
060401010906202609
060402001506202609
060402002306202609
060402003106202609
060402004006202609
060402005806202609
060402006606202609
060403001006202609
060403003706202609
060403004506202609
060403005306202609
060403006106202609
060404001606202609
060404002406202609
060404003206202609
060404004006202609
060404005906202609
060404006706202609
060404007506202609
060404009106202609
060405001106202609
060405002006202609
060405003806202609
060405004606202609
060405005406202609
060405006206202609
060405007006202609
060405008906202609
060405009706202609
060405010006202609
060405011906202609
060406001706202609
060406002506202609
060407001206202609
060408001806202609
060408002606202609
060408003406202609
060409001306202609
060410001906202609
060410002706202609
060410003506202609
060411001406202609
060411002206202609
060411003006202609
060411004906202609
060411005706202609
060411006506202609
060411007306202609
060411008106202609
060412001006202609
060413001506202609
060413002306202609
060413003106202609
060413004006202609
060413005806202609
060413006606202609
060413007406202609
060413008206202609
060413009006202609
060413010406202609
060413011206202609
060413012006202609
060413013906202609
060414002906202609
060414003706202609
060415001606202609
060415002406202609
060416001106202609
060416002006202609
060416004606202609
060416005406202609
060416006206202609
060417001706202609
060417002506202609
060417003306202609
060417004106202609
060417005006202609
060418001206202609
060418002006202609
060419001806202609
060420001306202609
060421001906202609
060421002706202609
060422001406202609
060423001006202609
060423002806202609
060423003606202609
060423004406202609
060423005206202609
060423006006202609
060423007906202609
060423008706202609
060424002306202609
060424003106202609
060424005806202609
060424006606202609
060424007406202609
060424008206202609
060424009006202609
060424010406202609
060424011206202609
060424012006202609
060425001006202609
060425003706202609
060425004506202609
060426001606202609
060427001106202609
060427002006202609
060427003806202609
060427004606202609
060427005406202609
060427006206202609
060427007006202609
060427008906202609
060427009706202609
060427010006202609
060427011906202609
060428006806202609
060428007606202609
060428008406202609
060428009206202609
060428010606202609
060429001206202609
060429002006202609
060429003906202609
060429004706202609
060429006306202609
060429007106202609
060429008006202609
060431001306202609
060431002106202609
060431003006202609
060431004806202609
060431005606202609
060431006406202609
060432001906202609
060432002706202609
060432003506202609
060432004306202609
060432005106202609
060432006006202609
060432007806202609
060432008606202609
060432009406202609
060432011606202609
060432012406202609
060432013206202609
060432014006202609
060432015906202609
060432016706202609
060432017506202609
060432018306202609
060432019106202609
060432020506202609
060432021306202609
060432022106202609
060433001406202609
060433002206202609
060433003006202609
060433004906202609
060433005706202609
060433006506202609
060433007306202609
060433008106202609
060433009006202609
060433010306202609
060433011106202609
060433012006202609
060434001006202609
060434002806202609
060434003606202609
060434004406202609
060434005206202609
060434006006202609
060434007906202609
060434008706202609
060434009506202609
060434010906202609
060434011706202609
060435001506202609
060435002306202609
060435003106202609
060436001006202609
060436002906202609
060436003706202609
060436004506202609
060436005306202609
060436006106202609
060436007006202609
060436008806202609
060436009606202609
060436010006202609
060436011806202609
060436012606202609
060437001606202609
060437002406202609
060437003206202609
060438001106202609
060438002006202609
060438003806202609
060438004606202609
060438005406202609
060438006206202609
060438007006202609
060438008906202609
060438009706202609
060438010006202609
060438011906202609
060438012706202609
060438013506202609
060438014306202609
060439001706202609
060439002506202609
060439003306202609
060439008406202609
060439009206202609
060439010606202609
060439011406202609
060440001206202609
060441001806202609
060441002606202609
060441003406202609
060442001306202609
060443001906202609
060444001406202609
060447001006202609
060447002906202609
060447003706202609
060447004506202609
060447005306202609
060448001606202609
060448002406202609
060449001106202609
060449002006202609
060450001706202609
060450002506202609
060450003306202609
060450004106202609
060450005006202609
060450006806202609
060450007606202609
060450008406202609
060450009206202609
060450010606202609
060450011406202609
060450012206202609
060450013006202609
060450014906202609
060451001206202609
060451002006202609
060451003906202609
060451004706202609
060452001806202609
060452002606202609
060453001306202609
060453002106202609
060453003006202609
060454001906202609
060454002706202609
060454003506202609
060454004306202609
060454006006202609
060454007806202609
060454008606202609
060455001406202609
060455002206202609
060456001006202609
060457001506202609
060457002306202609
060457003106202609
060458001006202609
060458002906202609
060459001606202609
060459002406202609
060460001106202609
060460002006202609
060461001706202609
060461002506202609
060461003306202609
060462001206202609
060462002006202609
060462003906202609
060462004706202609
060463001806202609
060463002606202609
060463003406202609
060463004206202609
060463005006202609
060463006906202609
060463007706202609
060465001906202609
060465002706202609
060465003506202609
060466001406202609
060466002206202609
060466003006202609
060467001006202609
060468002306202609
060468003106202609
060468004006202609
060468005806202609
060468006606202609
060468007406202609
060469001006202609
060469002906202609
060469003706202609
060469005306202609
060469006106202609
060470001606202609
060471001106202609
060471002006202609
060471003806202609
060472001706202609
060472002506202609
060473001206202609
060474001806202609
060475001306202609
060475002106202609
060475003006202609
060475004806202609
060477001406202609
060477002206202609
060477003006202609
060478001006202609
060478003606202609
060478004406202609
060478005206202609
060478006006202609
060479001506202609
060479002306202609
060480001006202609
060480002906202609
060481001606202609
060482001106202609
060483001706202609
060483002506202609
060483003306202609
060484001206202609
060484002006202609
060484006306202609
060484007106202609
060484009806202609
060485001806202609
060485002606202609
060485003406202609
060485004206202609
060486001306202609
060486002106202609
060486003006202609
060487001906202609
060487002706202609
060487003506202609
060487004306202609
060488001406202609
070101001002202609
070101002902202609
070101003702202609
070101004502202609
070101005302202609
070101006102202609
070101007002202609
070101008802202609
070101009602202609
070101010002202609
070101011802202609
070101012602202609
070101013402202609
070101014202202609
070101015002202609
070101016902202609
070101017702202609
070101018502202609
070101019302202609
070101020706202609
070101021506202609
070101022306202609
070101023106202609
070101024006202609
070101025806202609
070101026606202609
070101027406202609
070101028206202609
070101029006202609
070101030406202609
070101031206202609
070101032006202609
070101033906202609
070102001602202609
070102002402202609
070102003202202609
070102004002202609
070102005902202609
070102006702202609
070102007502202609
070102008302202609
070102009102202609
070102010502202609
070102011302202609
070102012102202609
070102013002202609
070102014802202609
070102015602202609
070102016402202609
070102017202202609
070102018002202609
070102019902202609
070102020202202609
070102021002202609
070102022902202609
070102023702202609
070102024502202609
070102025302202609
070102026102202609
070102027002202609
070102028802202609
070102029602202609
070102030002202609
070102031802202609
070102032602202609
070102033402202609
070102034202202609
070102035002202609
070102036902202609
070102037702202609
070102038502202609
070102039302202609
070102040702202609
070102041502202609
070102042302202609
070102043102202609
070102044002202609
070102045802202609
070102046602202609
070102047402202609
070102048202202609
070102049002202609
070102050402202609
070102051202202609
070102052002202609
070102053902202609
070102054702202609
070102055502202609
070102056302202609
070102057102202609
070102058002202609
070102059802202609
070102060102202609
070102061002202609
070102062806202609
070102063602202609
070102064402202609
070102065206202609
070103001106202609
070103002006202609
070103003806202609
070103004606202609
070103005406202609
070103006206202609
070103007006202609
070103008906202609
070103009706202609
070103010006202609
070103011906202609
070103012706202609
070103013506202609
070103014306202609
070103015107202609
070103016006202609
070103017806202609
070103018606202609
070103019406202609
070103020806202609
070103021606202609
070103022406202609
070103023206202609
070103024006202609
070103025906202609
070103026706202609
070103027506202609
070103028306202609
070103029106202609
070103030502202609
070103032106202609
070103033006202609
070103034806202609
070103035606202609
070104001702202609
070104002502202609
070104003302202609
070104004102202609
070104005002202609
070104006802202609
070104009202202609
070104010602202609
070104011402202609
070104012202202609
070104013002202609
070104014902202609
070104015702202609
070105001202202609
070105002002202609
070105004702202609
070106001802202609
070106002602202609
070106003402202609
070106004202202609
070107001302202609
070107002102202609
070107003002202609
070107004802202609
070107005602202609
070107006402202609
070107007202202609
070107008002202609
070107009902202609
070107009907202609
070107010202202609
070107010207202609
070107011002202609
070107012902202609
070107012907202609
070107013702202609
070107013707202609
070107014502202609
070107014507202609
070107015306202609
070107015307202609
070107016107202609
070107017007202609
070107018802202609
070107018805202609
070107018807202609
070107018810202609
070107019602202609
070107019605202609
070107019607202609
070107019610202609
070107020002202609
070107020005202609
070107020007202609
070107020010202609
070107021802202609
070107021805202609
070107021807202609
070107021810202609
070107022602202609
070107022605202609
070107022607202609
070107022610202609
070107023402202609
070107023405202609
070107023407202609
070107023410202609
070107024202202609
070107024205202609
070107024207202609
070107024210202609
070107025002202609
070107025005202609
070107025007202609
070107025010202609
070108002702202609
070108004307202609
070108005102202609
070108006002202609
070108007802202609
070108008602202609
070108009407202609
070108011602202609
070108012402202609
070108013202202609
070108014002202609
070108015902202609
070108016702202609
070108017502202609
070108018302202609
070108019102202609
070109001402202609
070109002202202609
070109003002202609
070109004902202609
070109005702202609
070109006502202609
070109007302202609
070109008102202609
070109009002202609
070109010307202609
070109011107202609
070109012007202609
070109013807202609
070109014607202609
070109015407202609
070109016207202609
070109017007202609
070109018907202609
070109019707202609
070109020007202609
070109021907202609
070109022707202609
070109023507202609
070110001007202609
070110002807202609
070110003607202609
070110004407202609
070110005207202609
070110006007202609
070110007907202609
070110008707202609
070110009507202609
070110010907202609
070201001404202609
070201002204202609
070201003004202609
070201004904202609
070201005704202609
070201006504202609
070201008104202609
070201009004202609
070201010304202609
070201011104202609
070201012004202609
070201013804202609
070201015404202609
070201016204202609
070201017004202609
070201018904202609
070201019704202609
070201020004202609
070201021904202609
070201022704202609
070201023504202609
070201025104202609
070202002802202609
070202003602202609
070202004402202609
070202021404202609
070202022204202609
070203002304202609
070203003104202609
070203004004202609
070203005804202609
070203006604202609
070203007404202609
070203008204202609
070203009004202609
070203010404202609
070203011204202609
070203012004202609
070203013904202609
070203014704202609
070203015504202609
070203016304202609
070203017104202609
070203018004202609
070203019804202609
070203020104202609
070203021004202609
070203022804202609
070203023604202609
070203024404202609
070203025204202609
070203026004202609
070203027904202609
070203028704202609
070203029504202609
070203030904202609
070203031704202609
070203032504202609
070203033304202609
070203034104202609
070203035004202609
070203036804202609
070203037604202609
070203038404202609
070203039204202609
070203040604202609
070203041404202609
070203042204202609
070203043004202609
070203044904202609
070203045704202609
070203046504202609
070203047304202609
070203048104202609
070203049004202609
070203050304202609
070203051104202609
070203052004202609
070203053804202609
070203054604202609
070203055404202609
070203056204202609
070203057004202609
070203058904202609
070203059704202609
070203060004202609
070203061904202609
070203062704202609
070203063504202609
070203064304202609
070203065104202609
070203066004202609
070203067804202609
070203068604202609
070203069404202609
070203070804202609
070203071604202609
070203072404202609
070203073204202609
070203074004202609
070203075904202609
070203076704202609
070203078304202609
070203079104202609
070203080504202609
070203081304202609
070203082104202609
070203083004202609
070203084804202609
070203085604202609
070203086404202609
070203087204202609
070203088004202609
070203089904202609
070203090204202609
070203091004202609
070203092904202609
070203093704202609
070203094504202609
070203095304202609
070203096104202609
070203097004202609
070203098804202609
070203099604202609
070203100304202609
070203101104202609
070203102004202609
070203103804202609
070203104604202609
070203105404202609
070203106204202609
070203107004202609
070203108904202609
070203109704202609
070203110004202609
070203112704202609
070203113504202609
070203114304202609
070203115104202609
070203116004202609
070203117804202609
070203118604202609
070203119404202609
070203120804202609
070203121604202609
070203122404202609
070203123204202609
070203124004202609
070203125904202609
070203126704202609
070203127504202609
070203128304202609
070203129104202609
070203130504202609
070203131304202609
070203132104202609
070203133004202609
070203134804202609
070203135604202609
070203136404202609
070203138004202609
070203139904202609
070204001004202609
070204002904202609
070204003704202609
070204004504202609
070204005304202609
070204006104202609
070204007004202609
070204008804202609
070204008807202609
070204009604202609
070204010004202609
070204011804202609
070204012604202609
070204013404202609
070204013407202609
070204014204202609
070204015004202609
070204015007202609
070204016904202609
070204017704202609
070204018504202609
070204019304202609
070204020704202609
070204021504202609
070204022304202609
070204023104202609
070204024004202609
070204025804202609
070204026604202609
070204027404202609
070204028204202609
070204029004202609
070204030404202609
070204031204202609
070204032004202609
070204033904202609
070204034704202609
070204035504202609
070204036304202609
070204037104202609
070204038004202609
070204038007202609
070204039804202609
070204040104202609
070204041004202609
070204042804202609
070204043604202609
070204044404202609
070204045204202609
070204046004202609
070204047904202609
070204048704202609
070204051704202609
070204053304202609
070204054104202609
070204055004202609
070204056804202609
070204057604202609
070204058404202609
070204059204202609
070204060604202609
070204061404202609
070205001604202609
070205002404202609
070205003204202609
070205004004202609
070205005904202609
070205006704202609
070205007504202609
070205008304202609
070205009104202609
070205010504202609
070205012104202609
070205013004202609
070205014804202609
070205015604202609
070205016404202609
070205017204202609
070205018004202609
070205019904202609
070205022904202609
070205023704202609
070205024504202609
070205026104202609
070205027004202609
070205028804202609
070205029604202609
070205030004202609
070205031804202609
070205032604202609
070205033404202609
070205034204202609
070205034207202609
070205035004202609
070205036904202609
070205037704202609
070205040704202609
070205041504202609
070205042304202609
070205043104202609
070205044004202609
070205045804202609
070205046604202609
070205047404202609
070205048204202609
070205049004202609
070205050404202609
070205051204202609
070205052004202609
070205053904202609
070205054704202609
070205055504202609
070205056304202609
070205057104202609
070205058004202609
070205078404202609
070205079204202609
070205080604202609
070205081404202609
070205082204202609
070205083004202609
070205084904202609
070206001104202609
070206001107202609
070206002004202609
070206003804202609
070207004104202609
070207004107202609
070207005004202609
070208001204202609
070208002004202609
070208003904202609
070209001804202609
070209003404202609
070209004204202609
070209005004202609
070209006904202609
070209008504202609
070209009304202609
070210001307202609
070210002107202609
070210003007202609
070210004807202609
070210005607202609
070210006407202609
070210007207202609
070210008007202609
070210009907202609
070210010207202609
070211001904202609
070211002704202609
070211003504202609
070211004304202609
070212001404202609
070212002204202609
070212003004202609
070212004904202609
070212005704202609
070212006504202609
070212006507202609
080101001201202609
080101001202202609
080101002001202609
080101002002202609
080101003904202609
080101004704202609
080201001604202609
080201002404202609
080201003204202609
080201004004202609
080201005904202609
080201006704202609
080201007504202609
080201008304202609
080201009104202609
080201011304202609
080201012104202609
080201013004202609
080201015604202609
080201016404202609
080201019904202609
080201021004202609
080201022904202609
080201023704202609
080201024504202609
080201025304202609
080201026104202609
080201027004202609
080201028804202609
080201032604202609
080201033407202609
080201034204202609
080201035004202609
080201036904202609
080202001104202609
080202002004202609
080301001002202609
080301002802202609
080301003602202609
080301004402202609
080301005202202609
080301006002202609
080301007902202609
080301008702202609
080301009502202609
080301010902202609
080301011702202609
080301012502202609
080301013302202609
080301014102202609
080301015002202609
080301016802202609
080401001302202609
080401001309202609
080401001310202609
080401002102202609
080401002109202609
080401002110202609
080401003002202609
080401003009202609
080401003010202609
080401004802202609
080401004809202609
080401004810202609
080401005602202609
080401005609202609
080401005610202609
080401006402202609
080401006409202609
080401006410202609
080402001902202609
080402001910202609
080402002702202609
080402002707202609
080402002709202609
080402002710202609
080402003502202609
080402003509202609
080402003510202609
080402004302202609
080402004309202609
080402004310202609
080402005101202609
080402005109202609
080402005110202609
080403001402202609
080403001410202609
080404001002202609
080404002802202609
080404003602202609
090101001406202609
090101004906202609
090101005706202609
090101007306202609
090101008106202609
090101009006202609
090101010306202609
090101011106202609
090101012006202609
090101013806202609
090201001806202609
090201002606202609
090201003406202609
090201004206202609
090201005006202609
090201006906202609
090201007706202609
090301001106202609
090301002006202609
090301003806202609
090301004606202609
090401001506202609
090401002306202609
090401003106202609
090501001906202609
090501002706202609
090501003506202609
090501004306202609
090501005106202609
090501006006202609
090501007806202609
090601001206202609
090601002006202609
090601003906202609
090601004706202609
090601005506202609
090701001606202609
090701002406202609
090801001006202609
090801002806202609
090801003606202609
090801004406202609
090801005206202609
090801006006202609
090801007906202609
090801008706202609
