0101020058009202609
0101020058020202609
0101020066009202609
0101020066020202609
0101020074009202609
0101020074020202609
0101020082009202609
0101020082020202609
0101020090020202609
0101020090053202609
0101020090058202609
0101020090060202609
0101020104009202609
0101020120009202609
0101030010009202609
0101030029009202609
0101040024009202609
0101040059009202609
0101050011009202609
0101050020009202609
0101050046009202609
0101050054009202609
0101050062009202609
0101050070009202609
0101050089009202609
0101050097009202609
0101050100009202609
0101050119009202609
0101050127009202609
0101050135009202609
0101050143009202609
0102010056021202609
0102010056029202609
0102010064021202609
0102010064029202609
0102010072021202609
0102010072029202609
0102010145021202609
0102010145029202609
0102010153021202609
0102010153029202609
0102010161021202609
0102010161029202609
0102010170021202609
0102010170029202609
0102010188021202609
0102010188029202609
0102010196021202609
0102010196029202609
0102010200021202609
0102010200029202609
0102010218021202609
0102010218029202609
0102010226021202609
0102010226029202609
0102010234021202609
0102010234029202609
0102010242021202609
0102010242029202609
0102010250021202609
0102010250029202609
0102010269021202609
0102010269029202609
0102010277021202609
0102010277029202609
0102010285021202609
0102010285029202609
0102010293021202609
0102010293029202609
0102010307021202609
0102010307029202609
0102010315021202609
0102010315029202609
0102010323021202609
0102010323029202609
0102010331021202609
0102010331029202609
0102010340021202609
0102010340029202609
0102010358021202609
0102010358029202609
0102010366021202609
0102010366029202609
0102010374021202609
0102010374029202609
0102010382021202609
0102010382029202609
0102010390021202609
0102010390029202609
0102010404021202609
0102010404029202609
0102010412021202609
0102010412029202609
0102010420021202609
0102010420029202609
0102010439021202609
0102010439029202609
0102010447021202609
0102010447029202609
0102010455021202609
0102010455029202609
0102010463021202609
0102010463029202609
0102010471021202609
0102010471029202609
0102010480021202609
0102010480029202609
0102010498021202609
0102010498029202609
0102010501021202609
0102010501029202609
0102010510021202609
0102010510029202609
0102010528021202609
0102010528029202609
0102010536021202609
0102010536029202609
0102010544021202609
0102010552021202609
0102010560021202609
0102010579021202609
0102010587021202609
0102010595021202609
0102010609021202609
0102010617021202609
0102010625021202609
0102010633021202609
0102010641021202609
0102010650021202609
0102010668021202609
0201010038001202609
0201010038004202609
0201010038049202609
0201010127001202609
0201010127004202609
0201010127049202609
0201010135001202609
0201010135004202609
0201010135049202609
0201010143005202609
0201010143049202609
0201010160008202609
0201010160009202609
0201010160049202609
0201010160053202609
0201010160060202609
0201010194005202609
0201010208001202609
0201010208049202609
0201010224005202609
0201010224053202609
0201010224058202609
0201010232020202609
0201010240004202609
0201010240049202609
0201010259001202609
0201010259049202609
0201010267001202609
0201010267049202609
0201010275001202609
0201010275007202609
0201010275049202609
0201010275053202609
0201010275058202609
0201010305001202609
0201010305049202609
0201010313001202609
0201010313008202609
0201010313049202609
0201010321001202609
0201010321049202609
0201010330001202609
0201010330049202609
0201010348020202609
0201010372053202609
0201010372058202609
0201010402001202609
0201010402049202609
0201010410009202609
0201010410053202609
0201010410060202609
0201010437005202609
0201010526020202609
0201010534001202609
0201010534004202609
0201010534006202609
0201010534049202609
0201010542005202609
0201010542009202609
0201010569009202609
0201010569053202609
0201010569060202609
0201010585009202609
0201010585053202609
0201010585060202609
0201010607053202609
0201010607058202609
0201010607060202609
0201010631053202609
0201010631058202609
0201010666053202609
0201010666058202609
0201010666060202609
0201020017053202609
0201020017058202609
0201020025009202609
0201020033009202609
0201020041009202609
0201020050009202609
0201020068009202609
0202010279053202609
0202010279058202609
0202010279060202609
0202010287053202609
0202010287058202609
0202010287060202609
0202010295053202609
0202010295058202609
0202010295060202609
0202010317053202609
0202010317058202609
0202010317060202609
0202010473053202609
0202010473058202609
0202010473060202609
0202010503053202609
0202010503058202609
0202010503060202609
0202010538053202609
0202010538058202609
0202010600053202609
0202010600058202609
0202010600060202609
0202010619053202609
0202010619058202609
0202010635053202609
0202010635058202609
0202010635060202609
0202010643053202609
0202010643058202609
0202010643060202609
0202010651053202609
0202010651058202609
0202010651060202609
0202010678053202609
0202010678058202609
0202010678060202609
0202010694053202609
0202010694058202609
0202010694060202609
0202010791009202609
0202010791053202609
0202020010053202609
0202020010058202609
0202020134053202609
0202020134058202609
0202020134060202609
0202020142053202609
0202020142058202609
0202020142060202609
0202020380053202609
0202020380058202609
0202020380060202609
0202020452009202609
0202030024009202609
0202030105009202609
0202030105053202609
0202030237053202609
0202030237058202609
0202030245009202609
0202030709053202609
0202030709058202609
0202031071009202609
0202031110053202609
0202031110058202609
0202031225009202609
0202031233009202609
0202031241009202609
0202031276005202609
0202031306009202609
0202031322005202609
0202031381009202609
0202031390009202609
0202031403009202609
0202031411009202609
0202031420009202609
0202031438009202609
0202031454009202609
0202031462009202609
0202031470009202609
0202031489009202609
0202031497009202609
0202031500009202609
0202031519009202609
0202031527009202609
0202031535009202609
0202031543009202609
0202031551009202609
0202031560009202609
0202031578009202609
0202031586009202609
0202031594009202609
0202031608009202609
0202031616009202609
0202031624009202609
0202050254009202609
0202070182009202609
0202080030053202609
0202080030058202609
0202080048053202609
0202080048058202609
0202080110053202609
0202080110058202609
0202080137053202609
0202080137058202609
0202080250053202609
0202080250058202609
0202090051053202609
0202090051058202609
0202090060053202609
0202090060058202609
0202090191053202609
0202090191058202609
0202090361053202609
0202090361058202609
0202100049009202609
0202100251009202609
0202110117009202609
0202110125009202609
0202110133009202609
0203010019023202609
0203010019040202609
0203010027005202609
0203010035048202609
0203010035053202609
0203010035058202609
0203010043025202609
0203010043040202609
0203010043053202609
0203010043058202609
0203010043060202609
0203010078023202609
0203010078040202609
0203010086023202609
0203010086040202609
0203020022040202609
0203020022053202609
0203020022055202609
0203020022058202609
0203020022060202609
0203020030005202609
0203020030048202609
0203020030053202609
0203020030055202609
0203020030058202609
0203020030060202609
0203020030065202609
0203020049053202609
0203020049058202609
0203020049060202609
0203020065025202609
0203020065040202609
0203020065053202609
0203020065055202609
0203020065058202609
0203020065060202609
0203020073025202609
0203020073040202609
0203020081023202609
0203020081040202609
0203020081053202609
0203020081055202609
0203020081058202609
0203020081060202609
0204010039053202609
0204010039058202609
0204010039060202609
0204010047053202609
0204010047058202609
0204010047060202609
0204010055053202609
0204010055058202609
0204010055060202609
0204010063058202609
0204010063060202609
0204010071053202609
0204010071058202609
0204010071060202609
0204010080053202609
0204010080058202609
0204010080060202609
0204010098058202609
0204010098060202609
0204010101058202609
0204010101060202609
0204010110053202609
0204010110058202609
0204010110060202609
0204010128053202609
0204010128058202609
0204010128060202609
0204010136058202609
0204010136060202609
0204010144053202609
0204010144058202609
0204010144060202609
0204010152058202609
0204010152060202609
0204010160053202609
0204010160058202609
0204010160060202609
0204010179053202609
0204010179058202609
0204010179060202609
0204010209053202609
0204010209058202609
0204010209060202609
0204010217053202609
0204010217058202609
0204010217060202609
0204010225053202609
0204010225058202609
0204010225060202609
0204020018005202609
0204020018009202609
0204020034053202609
0204020034058202609
0204020034060202609
0204020042053202609
0204020042058202609
0204020042060202609
0204020050058202609
0204020050060202609
0204020069058202609
0204020069060202609
0204020077053202609
0204020077058202609
0204020077060202609
0204020085053202609
0204020085058202609
0204020085060202609
0204020093053202609
0204020093058202609
0204020093060202609
0204020107053202609
0204020107058202609
0204020107060202609
0204020123058202609
0204020123060202609
0204020131053202609
0204020131058202609
0204020131060202609
0204030030025202609
0204030030040202609
0204030030053202609
0204030030058202609
0204030030060202609
0204030048005202609
0204030072058202609
0204030072060202609
0204030099058202609
0204030099060202609
0204030102058202609
0204030102060202609
0204030129058202609
0204030129060202609
0204030137058202609
0204030137060202609
0204030145058202609
0204030145060202609
0204030153053202609
0204030153058202609
0204030153060202609
0204030161058202609
0204030161060202609
0204030170058202609
0204030170060202609
0204030188025202609
0204030188040202609
0204030188058202609
0204030188065202609
0204040019058202609
0204040019060202609
0204040027058202609
0204040027060202609
0204040035053202609
0204040035058202609
0204040035060202609
0204040043058202609
0204040043060202609
0204040051058202609
0204040051060202609
0204040060058202609
0204040060060202609
0204040078053202609
0204040078058202609
0204040078060202609
0204040086058202609
0204040086060202609
0204040094053202609
0204040094058202609
0204040094060202609
0204040108058202609
0204040108060202609
0204040116053202609
0204040116058202609
0204040116060202609
0204040124053202609
0204040124058202609
0204040124060202609
0204050073009202609
0204050111058202609
0204050111060202609
0204050138058202609
0204050138060202609
0204050146058202609
0204050146060202609
0204060028058202609
0204060028065202609
0204060060053202609
0204060060058202609
0204060060060202609
0204060079058202609
0204060079060202609
0204060087058202609
0204060087060202609
0204060095053202609
0204060095058202609
0204060095060202609
0204060109053202609
0204060109058202609
0204060109060202609
0204060117058202609
0204060117060202609
0204060125053202609
0204060125058202609
0204060125060202609
0204060133053202609
0204060133058202609
0204060133060202609
0204060141053202609
0204060141058202609
0204060141060202609
0204060150053202609
0204060150058202609
0204060150060202609
0204060168058202609
0204060168060202609
0204060176053202609
0204060176058202609
0204060176060202609
0205010016005202609
0205010016009202609
0205010016053202609
0205010016060202609
0205010024005202609
0205010024009202609
0205010032005202609
0205010032053202609
0205010032058202609
0205010032060202609
0205010032065202609
0205010040005202609
0205010040058202609
0205010040060202609
0205010040065202609
0205010059058202609
0205010059060202609
0205010059065202609
0205020011005202609
0205020020058202609
0205020020060202609
0205020038005202609
0205020038058202609
0205020038060202609
0205020038065202609
0205020046005202609
0205020046053202609
0205020046058202609
0205020046060202609
0205020046065202609
0205020054005202609
0205020054058202609
0205020054060202609
0205020054065202609
0205020062005202609
0205020062053202609
0205020062058202609
0205020062060202609
0205020062065202609
0205020070005202609
0205020070058202609
0205020070060202609
0205020070065202609
0205020089005202609
0205020089053202609
0205020089058202609
0205020089060202609
0205020089065202609
0205020097053202609
0205020097058202609
0205020097060202609
0205020097065202609
0205020100005202609
0205020100058202609
0205020100060202609
0205020100065202609
0205020119005202609
0205020119053202609
0205020119058202609
0205020119060202609
0205020119065202609
0205020127005202609
0205020127058202609
0205020127060202609
0205020127065202609
0205020135005202609
0205020135058202609
0205020135065202609
0205020143058202609
0205020143060202609
0205020143065202609
0205020151058202609
0205020151060202609
0205020151065202609
0205020160005202609
0205020160053202609
0205020160058202609
0205020160060202609
0205020160065202609
0205020178005202609
0205020178058202609
0205020178065202609
0205020186053202609
0205020186058202609
0205020186060202609
0205020186065202609
0205020194005202609
0205020224005202609
0205020224058202609
0205020224065202609
0206010010005202609
0206010010053202609
0206010010058202609
0206010010060202609
0206010010065202609
0206010028005202609
0206010028053202609
0206010028058202609
0206010028060202609
0206010028065202609
0206010036005202609
0206010036053202609
0206010036058202609
0206010036060202609
0206010036065202609
0206010044005202609
0206010044053202609
0206010044058202609
0206010044060202609
0206010044065202609
0206010052058202609
0206010052060202609
0206010052065202609
0206010060005202609
0206010060058202609
0206010060060202609
0206010060065202609
0206010079005202609
0206010079053202609
0206010079058202609
0206010079060202609
0206010079065202609
0206010087009202609
0206010095009202609
0206020015053202609
0206020015058202609
0206020015060202609
0206020015065202609
0206020023053202609
0206020023058202609
0206020023060202609
0206020023065202609
0206020031005202609
0206020031053202609
0206020031058202609
0206020031060202609
0206020031065202609
0206020040005202609
0206020040058202609
0206020040060202609
0206030010005202609
0206030010053202609
0206030010058202609
0206030010060202609
0206030010065202609
0206030029053202609
0206030029058202609
0206030029060202609
0206030029065202609
0206030037005202609
0206030037053202609
0206030037058202609
0206030037060202609
0206030037065202609
0206030045058202609
0206030045065202609
0206030053058202609
0206030053065202609
0207010013005202609
0207010013058202609
0207010013065202609
0207010021005202609
0207010021053202609
0207010021058202609
0207010021060202609
0207010021065202609
0207010030005202609
0207010030053202609
0207010030058202609
0207010030065202609
0207010048005202609
0207010048053202609
0207010048058202609
0207010048065202609
0207010056005202609
0207010056053202609
0207010056058202609
0207010056065202609
0207010064005202609
0207010064053202609
0207010064058202609
0207010064065202609
0207010072005202609
0207010072058202609
0207010072065202609
0207020019005202609
0207020019058202609
0207020019065202609
0207020027005202609
0207020027053202609
0207020027058202609
0207020027065202609
0207020035005202609
0207020035058202609
0207020035065202609
0207020060005202609
0207020060058202609
0207020060065202609
0207030014005202609
0207030014058202609
0207030014065202609
0207030022005202609
0207030022053202609
0207030022058202609
0207030022060202609
0207030022065202609
0207030030005202609
0207030030053202609
0207030030058202609
0207030030065202609
0207030049058202609
0207030049065202609
0207030057058202609
0207030057065202609
0208010017058202609
0208010017065202609
0208010025005202609
0208010025058202609
0208010025060202609
0208010025065202609
0208010033005202609
0208010033053202609
0208010033058202609
0208010033060202609
0208010033065202609
0208010041005202609
0208010041058202609
0208010041065202609
0208010050005202609
0208010050058202609
0208010050065202609
0208010068005202609
0208010068058202609
0208010068065202609
0208010076005202609
0208010076058202609
0208010076065202609
0208010084005202609
0208010084058202609
0208010084065202609
0208010092005202609
0208010092009202609
0208020012005202609
0208020012058202609
0208020012065202609
0208020020005202609
0208020020058202609
0208020020065202609
0208020039005202609
0208020039058202609
0208020039065202609
0208020055005202609
0208020055058202609
0208020055065202609
0208020063005202609
0208020063058202609
0208020063065202609
0208020071005202609
0208020071058202609
0208020071065202609
0208020080005202609
0208020080058202609
0208020080065202609
0208020098005202609
0208020098058202609
0208020098065202609
0208020101005202609
0208020101058202609
0208020101065202609
0208020110005202609
0208020110058202609
0208020110065202609
0208020128005202609
0208020128058202609
0208020128065202609
0208030018005202609
0208030018058202609
0208030018065202609
0208030026005202609
0208030026058202609
0208030026065202609
0208030034005202609
0208030034058202609
0208030034065202609
0208030042005202609
0208030042058202609
0208030042065202609
0208030050005202609
0208030050009202609
0208040021005202609
0208040021058202609
0208040021065202609
0208040030005202609
0208040030058202609
0208040030065202609
0208040056005202609
0208040056058202609
0208040056065202609
0208040064005202609
0208040064058202609
0208040064065202609
0208040072005202609
0208040072058202609
0208040072065202609
0208040080005202609
0208040080009202609
0208040099005202609
0208040099009202609
0208040102005202609
0208040102009202609
0208050019005202609
0208050019058202609
0208050019065202609
0208050035005202609
0208050035058202609
0208050035065202609
0208050043005202609
0208050043058202609
0208050043065202609
0208060014005202609
0208060014058202609
0208060014065202609
0208060022005202609
0208060022058202609
0208060022065202609
0208060030005202609
0208060030009202609
0208070010005202609
0208070010058202609
0208070010065202609
0208070028005202609
0208070028058202609
0208070028065202609
0208070036005202609
0208070036058202609
0208070036065202609
0208070044005202609
0208070044058202609
0208070044065202609
0208080015005202609
0208080015058202609
0208080015065202609
0208080023005202609
0208080023009202609
0208080031005202609
0208080031009202609
0208080040005202609
0208080040058202609
0208080040065202609
0208090010005202609
0208090010058202609
0208090010065202609
0208090029005202609
0208090029058202609
0208090029065202609
0208090037005202609
0208090037058202609
0208090037065202609
0209010010005202609
0209010010058202609
0209010010065202609
0209010029005202609
0209010029053202609
0209010029058202609
0209010029060202609
0209010029065202609
0209010037005202609
0209010037053202609
0209010037058202609
0209010037065202609
0209010045005202609
0209010053005202609
0209010061009202609
0209030011009202609
0209030011053202609
0209030011060202609
0209040017053202609
0209040017058202609
0209040025009202609
0209040025053202609
0209040025060202609
0209040033001202609
0209040033004202609
0209040033049202609
0209040041009202609
0209040041053202609
0209040041060202609
0209040050001202609
0209040050004202609
0209040050049202609
0210010010005202609
0210010029009202609
0210010037009202609
0210010045005202609
0210010045009202609
0210010053005202609
0210010053009202609
0210010061005202609
0210010061009202609
0210010070005202609
0210010070009202609
0210010088009202609
0210010096005202609
0210010096009202609
0210010100005202609
0210010100009202609
0210010118005202609
0210010118009202609
0210010126005202609
0210010126009202609
0210010134005202609
0210010134009202609
0210010142005202609
0210010142009202609
0210010150005202609
0210010150009202609
0210010169009202609
0210010177009202609
0210010185009202609
0210010193005202609
0210010193009202609
0210010207009202609
0210020016005202609
0210020016009202609
0211020010006202609
0211020010058202609
0211020010065202609
0211020028001202609
0211020028006202609
0211020028049202609
0211020028058202609
0211020028065202609
0211020036009202609
0211020036053202609
0211020036060202609
0211020044009202609
0211020044053202609
0211020060009202609
0211020060053202609
0211020060060202609
0211020087009202609
0211020095009202609
0211030015005202609
0211030015009202609
0211030023005202609
0211030023009202609
0211030031005202609
0211030031009202609
0211030040005202609
0211030040009202609
0211030058005202609
0211030058009202609
0211030066005202609
0211030066009202609
0211030074005202609
0211030074009202609
0211030082005202609
0211030082009202609
0211030090005202609
0211030090009202609
0211040029053202609
0211040029058202609
0211040029060202609
0211040045058202609
0211040045060202609
0211050091001202609
0211050091005202609
0211050091006202609
0211050091049202609
0211050105005202609
0211050105009202609
0211050113009202609
0211050113053202609
0211050113060202609
0211050148006202609
0211060011058202609
0211060011060202609
0211060020053202609
0211060020058202609
0211060020060202609
0211060038053202609
0211060038058202609
0211060038060202609
0211060054058202609
0211060054060202609
0211060070009202609
0211060089009202609
0211060100009202609
0211060100060202609
0211060119009202609
0211060127053202609
0211060127058202609
0211060127060202609
0211060143058202609
0211060143060202609
0211060151058202609
0211060151060202609
0211060160009202609
0211060178053202609
0211060178058202609
0211060178060202609
0211060186009202609
0211060216009202609
0211060224053202609
0211060224058202609
0211060224060202609
0211060232053202609
0211060232058202609
0211060232060202609
0211060259009202609
0211060259053202609
0211060259060202609
0211060267058202609
0211060267060202609
0211060275009202609
0211060283058202609
0211060283060202609
0211070017009202609
0211070025009202609
0211070033009202609
0211070041009202609
0211070041053202609
0211070041060202609
0211070050009202609
0211070068009202609
0211070076009202609
0211070084009202609
0211070114009202609
0211070157009202609
0211070165009202609
0211070173009202609
0211070181009202609
0211070190009202609
0211070203009202609
0211070203053202609
0211070203060202609
0211070211009202609
0211070220009202609
0211070238009202609
0211070246009202609
0211070254009202609
0211070262009202609
0211070262060202609
0211070289009202609
0211070319009202609
0211070327009202609
0211070335009202609
0211070343009202609
0211070351009202609
0211100013009202609
0212010042009202609
0213010097009202609
0213010143009202609
0213010160009202609
0213010178009202609
0213010186009202609
0213010194009202609
0213010216009202609
0213010240009202609
0213010305009202609
0213010330009202609
0213010348009202609
0213010364009202609
0213010372009202609
0213010402009202609
0213010429009202609
0213010437009202609
0213010445009202609
0213010542009202609
0213010674009202609
0213010780009202609
0213010798009202609
0213010801009202609
0213010810009202609
0213010836009202609
0214010015009202609
0214010023009202609
0214010031009202609
0214010066009202609
0214010112009202609
0214010120009202609
0214010139009202609
0214010147009202609
0214010163009202609
0214010171009202609
0214010180009202609
0214010198053202609
0214010198058202609
0214010201009202609
0214010210053202609
0214010210058202609
0214010279009202609
0214010287009202609
0214010295009202609
0214010309009202609
0214010317009202609
0301010021009202609
0301010021012202609
0301010030009202609
0301010030012202609
0301010048012202609
0301010048053202609
0301010048058202609
0301010048060202609
0301010056012202609
0301010064009202609
0301010064012202609
0301010072012202609
0301010072053202609
0301010072058202609
0301010072060202609
0301010099009202609
0301010099012202609
0301010102014202609
0301010102033202609
0301010102058202609
0301010102060202609
0301010110009202609
0301010110012202609
0301010129009202609
0301010129012202609
0301010137009202609
0301010137012202609
0301010145005202609
0301010153009202609
0301010153012202609
0301010196014202609
0301010200014202609
0301010218014202609
0301010226009202609
0301010234009202609
0301010269009202609
0301010277009202609
0301010285009202609
0301010293009202609
0301010307053202609
0301010307058202609
0301010307060202609
0301010315053202609
0301010315058202609
0301010315060202609
0301010366009202609
0301010374009202609
0301040010009202609
0301040044009202609
0301040052009202609
0301040060009202609
0301040079009202609
0301040087009202609
0301040095009202609
0301040141058202609
0301040141060202609
0301040150009202609
0301040176058202609
0301040176060202609
0301040184009202609
0301050015014202609
0301050023009202609
0301050058009202609
0301050074007202609
0301050074008202609
0301050082009202609
0301050090009202609
0301050104009202609
0301050112009202609
0301050120009202609
0301050139009202609
0301050147009202609
0301050155009202609
0301050163009202609
0301050171009202609
0301060037009202609
0301060045009202609
0301060053009202609
0301060070008202609
0301060088008202609
0301060100009202609
0301070024009202609
0301070040009202609
0301070059009202609
0301070067009202609
0301070083009202609
0301070091009202609
0301070105009202609
0301070113009202609
0301070121009202609
0301070130009202609
0301070148009202609
0301070156009202609
0301070164009202609
0301070172009202609
0301070172014202609
0301070202009202609
0301070210009202609
0301070229009202609
0301070237009202609
0301070245009202609
0301070253009202609
0301070261009202609
0301070288009202609
0301070296009202609
0301070300009202609
0301080011009202609
0301080046036202609
0301080046038202609
0301080364036202609
0301080372036202609
0301080380036202609
0301090017007202609
0301090025007202609
0301090033009202609
0301100047009202609
0301100055009202609
0301100063009202609
0301100101009202609
0301100128009202609
0301100136009202609
0301100144009202609
0301100152009202609
0301100179009202609
0301100187009202609
0301100195009202609
0301100209009202609
0301100217009202609
0301100225009202609
0301100233009202609
0301100241009202609
0301100276009202609
0301100284009202609
0301110018014202609
0301110026014202609
0301120013009202609
0301120021009202609
0301120030009202609
0301120048009202609
0301120056014202609
0301120056022202609
0301120064009202609
0301120072009202609
0301120080009202609
0301120080022202609
0301130019009202609
0301130051058202609
0301130060014202609
0301130060058202609
0301130078009202609
0301140014009202609
0301160015009202609
0301160015014202609
0301160023007202609
0301160023009202609
0302030026009202609
0302040013009202609
0302040021009202609
0302040048009202609
0302040064009202609
0302050019009202609
0302050027009202609
0302060014009202609
0302060022009202609
0302060030009202609
0302060049005202609
0302060049009202609
0302060057009202609
0302070036005202609
0303010010004202609
0303010029004202609
0303010037004202609
0303010045004202609
0303010053004202609
0303010061004202609
0303010070004202609
0303010088004202609
0303010096004202609
0303010100004202609
0303010118004202609
0303010126004202609
0303010134004202609
0303010142004202609
0303010150004202609
0303010169004202609
0303010177004202609
0303010185004202609
0303010193004202609
0303010207004202609
0303010215003202609
0303010215007202609
0303020032004202609
0303020040004202609
0303020059004202609
0303020067004202609
0303020075004202609
0303020083004202609
0303020083008202609
0303030011007202609
0303030020004202609
0303030038004202609
0303030038011202609
0303030046004202609
0303030054004202609
0303030062004202609
0303040017004202609
0303040025004202609
0303040033004202609
0303040041004202609
0303040050004202609
0303040068004202609
0303040076004202609
0303040084004202609
0303040092004202609
0303040106004202609
0303040114004202609
0303040122004202609
0303040130004202609
0303040149004202609
0303040157004202609
0303040165004202609
0303040165011202609
0303040173004202609
0303040181004202609
0303040190004202609
0303040203004202609
0303040211004202609
0303040220004202609
0303040238004202609
0303040246004202609
0303040254004202609
0303040262004202609
0303040270004202609
0303040289004202609
0303040297004202609
0303040300004202609
0303050012014202609
0303050012033202609
0303050012058202609
0303050012060202609
0303050039009202609
0303050047009202609
0303050055009202609
0303050063009202609
0303050071009202609
0303050080009202609
0303050098009202609
0303050101009202609
0303050110009202609
0303050152009202609
0303050160009202609
0303050179009202609
0303050187009202609
0303050195009202609
0303050209009202609
0303050217009202609
0303050225009202609
0303050233009202609
0303050233014202609
0303060018004202609
0303060026004202609
0303060026011202609
0303060034004202609
0303060042004202609
0303060042011202609
0303060050004202609
0303060069004202609
0303060077004202609
0303060085004202609
0303060093004202609
0303060093011202609
0303060107004202609
0303060107011202609
0303060115004202609
0303060123004202609
0303060131004202609
0303060140004202609
0303060158004202609
0303060166004202609
0303060174004202609
0303060182004202609
0303060182011202609
0303060190004202609
0303060204004202609
0303060212004202609
0303060220004202609
0303060239004202609
0303060247004202609
0303060255004202609
0303060263004202609
0303060271004202609
0303060280004202609
0303060280011202609
0303060298004202609
0303060301004202609
0303070030009202609
0303070064004202609
0303070072004202609
0303070080004202609
0303070099004202609
0303070102004202609
0303070110004202609
0303070129004202609
0303070137004202609
0303080043004202609
0303080051004202609
0303080051011202609
0303080060004202609
0303080078004202609
0303080086004202609
0303080094004202609
0303080108009202609
0303080116009202609
0303090014005202609
0303090022005202609
0303090049005202609
0303090073009202609
0303090081009202609
0303090090009202609
0303090111009202609
0303090120009202609
0303090138004202609
0303090146009202609
0303090154009202609
0303090162009202609
0303090189009202609
0303090197004202609
0303090235004202609
0303090316004202609
0303100010004202609
0303100010042202609
0303100028004202609
0303100028042202609
0303100036004202609
0303100036042202609
0303100044004202609
0303100044042202609
0303100052004202609
0303100052042202609
0303110015004202609
0303110023004202609
0303110031004202609
0303110040004202609
0303110058004202609
0303110066004202609
0303110074004202609
0303110082004202609
0303110090004202609
0303110104004202609
0303110112004202609
0303120053009202609
0303120061009202609
0303120070009202609
0303130016003202609
0303130016007202609
0303130016008202609
0303130024003202609
0303130024007202609
0303130024008202609
0303130032003202609
0303130032007202609
0303130032008202609
0303130040003202609
0303130040007202609
0303130040008202609
0303130059003202609
0303130059007202609
0303130059008202609
0303130067003202609
0303130067007202609
0303130067008202609
0303130075003202609
0303130075007202609
0303130075008202609
0303130083003202609
0303130083007202609
0303140020004202609
0303140038004202609
0303140046004202609
0303140046011202609
0303140054004202609
0303140054011202609
0303140062004202609
0303140070004202609
0303140089004202609
0303140089011202609
0303140097004202609
0303140100004202609
0303140119004202609
0303140127004202609
0303140135004202609
0303140135011202609
0303140143004202609
0303140151004202609
0303150017004202609
0303150025004202609
0303150033004202609
0303150041004202609
0303150050004202609
0303150068004202609
0303160012004202609
0303160020004202609
0303160039004202609
0303160047004202609
0303160055004202609
0303160063004202609
0303160071004202609
0303170093003202609
0303170093007202609
0303170093008202609
0303170093015202609
0303170107007202609
0303170131007202609
0303170140007202609
0303170140009202609
0303170158007202609
0303170158009202609
0303170166007202609
0303170166009202609
0303170174007202609
0303170174009202609
0303170182007202609
0303170182009202609
0303170190003202609
0303170190007202609
0303170190008202609
0303170190015202609
0303170204003202609
0303170204007202609
0303170204008202609
0303170204015202609
0303180013004202609
0303180013008202609
0303180030004202609
0303180048004202609
0303180056004202609
0303180064004202609
0303180072007202609
0303190019007202609
0303190019008202609
0304010111007202609
0304010111058202609
0304010170001202609
0304010170058202609
0304010340058202609
0304010359006202609
0304010359007202609
0304010359058202609
0304010367022202609
0304010367058202609
0304010375022202609
0304010375058202609
0304010383022202609
0304010383058202609
0304010391022202609
0304010391058202609
0304010405022202609
0304010405058202609
0304010413022202609
0304010413058202609
0304010421022202609
0304010421058202609
0304010430006202609
0304010430022202609
0304010430058202609
0304010448022202609
0304010448058202609
0304010456022202609
0304010456058202609
0304010464006202609
0304010464022202609
0304010464058202609
0304010472022202609
0304010472058202609
0304010480022202609
0304010480058202609
0304010499001202609
0304010499006202609
0304010499058202609
0304010502022202609
0304010502058202609
0304010510006202609
0304010510022202609
0304010510058202609
0304010529022202609
0304010529058202609
0304010537022202609
0304010537058202609
0304010545022202609
0304010545058202609
0304010553022202609
0304010553058202609
0304010561022202609
0304010561058202609
0304010570022202609
0304010570058202609
0304010588022202609
0304010588058202609
0304010596006202609
0304010596007202609
0304010596058202609
0304020010009202609
0304020010014202609
0304020010022202609
0304020028009202609
0304020028014202609
0304020028022202609
0304020036009202609
0304020036014202609
0304020036022202609
0304020044009202609
0304020044014202609
0304020044022202609
0304020052009202609
0304020052014202609
0304020052022202609
0304020060009202609
0304020060014202609
0304020060022202609
0304020079009202609
0304020079014202609
0304020079022202609
0304020087009202609
0304020087014202609
0304020087022202609
0304020095009202609
0304020095014202609
0304020095022202609
0304020109009202609
0304020109014202609
0304020109022202609
0304020117009202609
0304020117014202609
0304020117022202609
0304020125009202609
0304020125014202609
0304020125022202609
0304020133009202609
0304020133014202609
0304020133022202609
0304020141009202609
0304020141014202609
0304020141022202609
0304020150009202609
0304020150014202609
0304020150022202609
0304020168009202609
0304020168014202609
0304020176009202609
0304020176014202609
0304020176022202609
0304020184009202609
0304020184014202609
0304020184022202609
0304020192009202609
0304020192014202609
0304020192022202609
0304020206009202609
0304020206014202609
0304020206022202609
0304020214009202609
0304020214014202609
0304020214022202609
0304020222009202609
0304020222014202609
0304020222022202609
0304020230009202609
0304020230014202609
0304020230022202609
0304020249009202609
0304020249014202609
0304020249022202609
0304020257009202609
0304020257014202609
0304020257022202609
0304020265009202609
0304020265014202609
0304020265022202609
0304020273009202609
0304020273014202609
0304020273022202609
0304020281009202609
0304020281014202609
0304020281022202609
0304020290009202609
0304020290014202609
0304020290022202609
0304020303009202609
0304020303014202609
0304020303022202609
0304020311009202609
0304020311014202609
0304020311022202609
0304020320009202609
0304020320014202609
0304020320022202609
0304020338009202609
0304020338014202609
0304020338022202609
0304020346009202609
0304020346014202609
0304020346022202609
0304020362009202609
0304020362014202609
0304020362022202609
0304020370009202609
0304020370014202609
0304020370022202609
0304020389009202609
0304020389014202609
0304020389022202609
0304020397009202609
0304020397014202609
0304020397022202609
0304020400009202609
0304020400014202609
0304020400022202609
0304020419009202609
0304020419014202609
0304020419022202609
0304020427009202609
0304020427014202609
0304020427022202609
0304020435009202609
0304020435014202609
0304020435022202609
0304020443009202609
0304020443014202609
0304020443022202609
0304020451009202609
0304020451014202609
0304020451022202609
0304020460009202609
0304020460014202609
0304020460022202609
0304020478009202609
0304020478014202609
0304020478022202609
0304020486009202609
0304020486014202609
0304020486022202609
0304020494009202609
0304020494014202609
0304020494022202609
0304030015009202609
0304030015014202609
0304030015022202609
0304030023009202609
0304030023014202609
0304030023022202609
0304030031009202609
0304030031014202609
0304030031022202609
0304030040009202609
0304030040014202609
0304030040022202609
0304030058009202609
0304030058014202609
0304030058022202609
0304030066009202609
0304030066014202609
0304030066022202609
0304030074009202609
0304030074014202609
0304030074022202609
0304030082009202609
0304030082014202609
0304030082022202609
0304030090009202609
0304030090014202609
0304030090022202609
0304030104009202609
0304030104014202609
0304030104022202609
0304030112009202609
0304030112014202609
0304030112022202609
0304030120009202609
0304030120014202609
0304030120022202609
0304030139009202609
0304030139014202609
0304030139022202609
0304030147009202609
0304030147014202609
0304030147022202609
0304030155009202609
0304030155014202609
0304030155022202609
0304030163009202609
0304030163014202609
0304030163022202609
0304030171009202609
0304030171014202609
0304030171022202609
0304030180009202609
0304030180014202609
0304030180022202609
0304030198009202609
0304030198014202609
0304030198022202609
0304030201009202609
0304030201014202609
0304030201022202609
0304030210009202609
0304030210014202609
0304030210022202609
0304030228009202609
0304030228014202609
0304030228022202609
0304030236009202609
0304030236014202609
0304030244009202609
0304030244014202609
0304030252009202609
0304030252014202609
0304030252022202609
0304030260009202609
0304030260014202609
0304030260022202609
0304040010009202609
0304040010014202609
0304040010022202609
0304040029009202609
0304040029014202609
0304040029022202609
0304040045009202609
0304040045014202609
0304040045022202609
0304040053009202609
0304040053014202609
0304040053022202609
0304040061009202609
0304040061014202609
0304040061022202609
0304040070009202609
0304040070014202609
0304040070022202609
0304040088009202609
0304040088014202609
0304040088022202609
0304040096009202609
0304040096014202609
0304040096022202609
0304040100009202609
0304040100014202609
0304040100022202609
0304040118009202609
0304040118014202609
0304040118022202609
0304040126009202609
0304040126014202609
0304040126022202609
0304040134009202609
0304040134014202609
0304040134022202609
0304040142009202609
0304040142014202609
0304040142022202609
0304040150009202609
0304040150014202609
0304040150022202609
0304040169009202609
0304040169014202609
0304040169022202609
0304040177009202609
0304040177014202609
0304040177022202609
0304040185009202609
0304040185014202609
0304040185022202609
0304040193009202609
0304040193014202609
0304040193022202609
0304040207009202609
0304040207014202609
0304040207022202609
0304050016009202609
0304050016014202609
0304050016022202609
0304050024009202609
0304050024014202609
0304050024022202609
0304050032009202609
0304050032014202609
0304050032022202609
0304050040009202609
0304050040014202609
0304050040022202609
0304050067009202609
0304050067014202609
0304050067022202609
0304050075009202609
0304050075014202609
0304050075022202609
0304050113009202609
0304050113014202609
0304050113022202609
0304050121009202609
0304050121014202609
0304050121022202609
0304050130009202609
0304050130014202609
0304050130022202609
0304050172009202609
0304050172014202609
0304050172022202609
0304050180009202609
0304050180014202609
0304050180022202609
0304050202009202609
0304050202014202609
0304050202022202609
0304050210009202609
0304050210014202609
0304050210022202609
0304050229009202609
0304050229014202609
0304050229022202609
0304050253009202609
0304050253014202609
0304050253022202609
0304050261009202609
0304050261014202609
0304050261022202609
0304050270009202609
0304050270014202609
0304050270022202609
0304050288009202609
0304050288014202609
0304050288022202609
0304050296009202609
0304050296014202609
0304050296022202609
0304050300009202609
0304050300014202609
0304050300022202609
0304050318009202609
0304050318014202609
0304050318022202609
0304050326009202609
0304050326014202609
0304050326022202609
0304050334009202609
0304050334014202609
0304050334022202609
0304050342009202609
0304050342014202609
0304050342022202609
0304050350009202609
0304050350014202609
0304050350022202609
0304060011009202609
0304060011014202609
0304060011022202609
0304060038009202609
0304060038014202609
0304060038022202609
0304060046009202609
0304060046014202609
0304060046022202609
0304060070009202609
0304060070014202609
0304060070022202609
0304060089009202609
0304060089014202609
0304060089022202609
0304060097009202609
0304060097014202609
0304060097022202609
0304060100009202609
0304060100014202609
0304060100022202609
0304060119009202609
0304060119014202609
0304060119022202609
0304060127009202609
0304060127014202609
0304060127022202609
0304060135009202609
0304060135014202609
0304060135022202609
0304060151009202609
0304060151014202609
0304060151022202609
0304060160009202609
0304060160014202609
0304060160022202609
0304060178009202609
0304060178014202609
0304060178022202609
0304060186009202609
0304060186014202609
0304060186022202609
0304060208009202609
0304060208014202609
0304060208022202609
0304060216009202609
0304060216014202609
0304060216022202609
0304060224009202609
0304060224014202609
0304060224022202609
0304060232009202609
0304060232014202609
0304060232022202609
0304060240009202609
0304060240014202609
0304060240022202609
0304070017009202609
0304070017014202609
0304070017022202609
0304070025009202609
0304070025014202609
0304070025022202609
0304070033009202609
0304070033014202609
0304070033022202609
0304070041009202609
0304070041014202609
0304070041022202609
0304070050009202609
0304070050014202609
0304070050022202609
0304070068009202609
0304070068014202609
0304070068022202609
0304070076009202609
0304070076014202609
0304070076022202609
0304070084009202609
0304070084022202609
0304080020006202609
0304080039006202609
0304080039007202609
0304080047006202609
0304080055009202609
0304080055014202609
0304080055022202609
0304080063006202609
0304080071009202609
0304080071014202609
0304080071022202609
0304090018004202609
0304090018006202609
0304090026006202609
0304090034006202609
0304090050009202609
0304090069009202609
0304100013007202609
0304100021004202609
0305010026009202609
0305010026014202609
0305010026022202609
0305010034005202609
0305010093058202609
0305010107014202609
0305010107022202609
0305010107058202609
0305010115014202609
0305010115022202609
0305010115043202609
0305010115058202609
0305010123058202609
0305010131005202609
0305010166014202609
0305010166022202609
0305010166058202609
0305010174007202609
0305010182009202609
0305010182022202609
0305010204014202609
0305010204022202609
0305010204058202609
0305020013004202609
0305020021004202609
0305020030004202609
0305020030011202609
0305020048004202609
0305020056004202609
0306010020009202609
0306020017009202609
0306020050009202609
0306020092009202609
0306020106009202609
0306020130009202609
0306020157009202609
0307010015020202609
0307010015053202609
0307010015058202609
0307010015060202609
0307010031009202609
0307010031020202609
0307010031053202609
0307010031058202609
0307010031060202609
0307010058020202609
0307010066020202609
0307010066053202609
0307010066058202609
0307010066060202609
0307010074020202609
0307010074053202609
0307010074058202609
0307010074060202609
0307010082009202609
0307010082020202609
0307010090009202609
0307010090020202609
0307010104009202609
0307010104020202609
0307010112009202609
0307010112020202609
0307010120020202609
0307010120053202609
0307010120058202609
0307010120060202609
0307010139009202609
0307010139020202609
0307010147009202609
0307010147020202609
0307010155009202609
0307020010053202609
0307020010058202609
0307020010060202609
0307020029053202609
0307020029058202609
0307020029060202609
0307020037020202609
0307020037053202609
0307020037058202609
0307020037060202609
0307020045020202609
0307020045053202609
0307020045058202609
0307020045060202609
0307020053020202609
0307020053053202609
0307020053058202609
0307020053060202609
0307020061020202609
0307020061053202609
0307020061058202609
0307020061060202609
0307020070009202609
0307020070020202609
0307020070053202609
0307020070058202609
0307020070060202609
0307020088020202609
0307020096020202609
0307020100020202609
0307020118020202609
0307030024009202609
0307030024020202609
0307030032020202609
0307030040009202609
0307030040020202609
0307030059009202609
0307030059020202609
0307030067009202609
0307030075053202609
0307030075058202609
0307030075060202609
0307030083009202609
0307040062053202609
0307040062058202609
0307040062060202609
0307040070053202609
0307040070058202609
0307040070060202609
0307040089053202609
0307040089058202609
0307040089060202609
0307040119053202609
0307040119058202609
0307040119060202609
0307040127053202609
0307040127058202609
0307040127060202609
0307040135053202609
0307040135058202609
0307040135060202609
0307040143053202609
0307040143058202609
0307040143060202609
0307040151053202609
0307040151058202609
0307040151060202609
0307040160053202609
0307040160058202609
0307040160060202609
0307040178053202609
0307040178058202609
0307040178060202609
0307040186053202609
0307040186058202609
0307040186060202609
0307040194053202609
0307040194058202609
0307040194060202609
0307050017009202609
0308010019004202609
0308010019011202609
0308010027004202609
0308010027011202609
0308010035004202609
0308010043004202609
0308020022004202609
0308020022011202609
0308020030004202609
0308020030011202609
0308030010004202609
0308030010011202609
0308030028004202609
0308030028011202609
0308030036004202609
0308030036011202609
0308040015004202609
0308040015011202609
0308040023004202609
0309010039001202609
0309010039049202609
0309010055005202609
0309010080005202609
0309030048058202609
0309030048060202609
0309050022009202609
0309050030009202609
0309050049009202609
0309050057009202609
0309050065009202609
0309050073009202609
0309050081009202609
0309050090009202609
0309050111009202609
0309050120009202609
0309050138009202609
0309050146009202609
0309050154009202609
0309050162009202609
0309050170009202609
0309050189009202609
0309050197009202609
0309050200009202609
0309050219009202609
0309050227009202609
0309050235009202609
0309060036017202609
0309070015009202609
0309070023009202609
0309080010004202609
0309080010009202609
0310010012009202609
0310010020005202609
0310010039004202609
0310010039042202609
0310010047004202609
0310010047042202609
0401010015005202609
0401010031009202609
0401010058053202609
0401010058058202609
0401010058060202609
0401010066001202609
0401010066009202609
0401010074001202609
0401010082009202609
0401010082020202609
0401010090001202609
0401010104005202609
0401010104053202609
0401010104058202609
0401010104060202609
0401010112001202609
0401010120001202609
0401010139001202609
0401020010001202609
0401020010004202609
0401020010049202609
0401020010051202609
0401020010059202609
0401020029001202609
0401020029004202609
0401020029049202609
0401020029051202609
0401020029059202609
0401020037001202609
0401020037004202609
0401020037049202609
0401020037051202609
0401020037059202609
0401020045001202609
0401020045004202609
0401020045049202609
0401020045051202609
0401020045059202609
0401020053001202609
0401020053004202609
0401020053049202609
0401020053051202609
0401020053059202609
0401020061001202609
0401020061004202609
0401020061049202609
0401020061051202609
0401020061059202609
0401020070001202609
0401020070004202609
0401020070049202609
0401020070051202609
0401020070059202609
0401020088001202609
0401020088004202609
0401020088049202609
0401020088051202609
0401020088052202609
0401020088059202609
0401020096001202609
0401020096004202609
0401020096049202609
0401020096051202609
0401020096059202609
0401020100001202609
0401020100004202609
0401020100049202609
0401020100051202609
0401020100059202609
0401020118001202609
0401020118004202609
0401020118049202609
0401020118051202609
0401020118059202609
0401020126001202609
0401020126004202609
0401020126049202609
0401020134001202609
0401020134049202609
0401020142001202609
0401020142004202609
0401020142049202609
0401020142051202609
0401020142059202609
0401020150001202609
0401020150004202609
0401020150049202609
0401020150051202609
0401020150059202609
0401020169001202609
0401020169004202609
0401020169049202609
0401020169051202609
0401020169059202609
0401020177009202609
0402010019001202609
0402010019004202609
0402010019049202609
0402010019051202609
0402010027001202609
0402010027004202609
0402010027049202609
0402010027051202609
0402010035001202609
0402010035004202609
0402010035049202609
0402010035051202609
0402010043001202609
0402010043004202609
0402010043049202609
0402010043051202609
0402010051001202609
0402010051004202609
0402010051049202609
0402010051051202609
0402020014001202609
0402020014004202609
0402020014049202609
0402020014051202609
0402020022001202609
0402020022004202609
0402020022049202609
0402020022051202609
0403010012001202609
0403010012004202609
0403010012049202609
0403010012051202609
0403010020001202609
0403010020004202609
0403010020049202609
0403010039001202609
0403010039004202609
0403010039049202609
0403010047001202609
0403010047004202609
0403010047049202609
0403010047051202609
0403010055001202609
0403010055004202609
0403010055049202609
0403010055051202609
0403010063001202609
0403010063004202609
0403010063049202609
0403010063051202609
0403010071001202609
0403010071004202609
0403010071049202609
0403010071051202609
0403010080001202609
0403010080004202609
0403010080049202609
0403010080051202609
0403010098001202609
0403010098004202609
0403010098049202609
0403010098051202609
0403010101001202609
0403010101004202609
0403010101049202609
0403010101051202609
0403010110001202609
0403010110004202609
0403010110049202609
0403010110051202609
0403010128001202609
0403010128004202609
0403010128006202609
0403010128049202609
0403010128051202609
0403010136001202609
0403010136004202609
0403010136049202609
0403010136051202609
0403010144001202609
0403010144004202609
0403010144049202609
0403010144051202609
0403010152001202609
0403010152004202609
0403010152049202609
0403010152051202609
0403010152059202609
0403010160001202609
0403010160004202609
0403010160049202609
0403010160051202609
0403010179001202609
0403010179004202609
0403010179049202609
0403010179051202609
0403010179059202609
0403010187001202609
0403010187004202609
0403010187049202609
0403010187051202609
0403010195001202609
0403010195004202609
0403010195049202609
0403010209001202609
0403010209004202609
0403010209049202609
0403010209051202609
0403010217001202609
0403010217004202609
0403010217049202609
0403010217051202609
0403010225001202609
0403010225004202609
0403010225049202609
0403010225051202609
0403010233001202609
0403010233004202609
0403010233049202609
0403010233051202609
0403010241001202609
0403010241004202609
0403010241049202609
0403010241051202609
0403010250001202609
0403010250004202609
0403010250049202609
0403010250051202609
0403010268001202609
0403010268004202609
0403010268049202609
0403010276001202609
0403010276004202609
0403010276049202609
0403010284001202609
0403010284004202609
0403010284049202609
0403010292001202609
0403010292004202609
0403010292049202609
0403010306001202609
0403010306004202609
0403010306049202609
0403010314001202609
0403010314004202609
0403010314049202609
0403010322001202609
0403010322004202609
0403010322049202609
0403010322051202609
0403010330001202609
0403010330004202609
0403010330049202609
0403010330051202609
0403010349001202609
0403010349004202609
0403010349017202609
0403010349049202609
0403010357001202609
0403010357004202609
0403010357049202609
0403010357051202609
0403010365001202609
0403010365004202609
0403010365049202609
0403010365051202609
0403010390001202609
0403010390004202609
0403010390049202609
0403010390051202609
0403020018001202609
0403020018006202609
0403020018049202609
0403020018051202609
0403020026001202609
0403020026006202609
0403020026049202609
0403020026051202609
0403020034001202609
0403020034006202609
0403020034049202609
0403020034051202609
0403020042001202609
0403020042006202609
0403020042049202609
0403020042051202609
0403020050001202609
0403020050006202609
0403020050049202609
0403020050051202609
0403020069001202609
0403020069006202609
0403020069049202609
0403020069051202609
0403020077001202609
0403020077049202609
0403020077051202609
0403020077059202609
0403020085001202609
0403020085049202609
0403020085051202609
0403020093001202609
0403020093049202609
0403020093051202609
0403020107001202609
0403020107049202609
0403020107051202609
0403020107059202609
0403020115001202609
0403020115049202609
0403020115051202609
0403020123001202609
0403020123004202609
0403020123049202609
0403020123051202609
0403020131001202609
0403020131006202609
0403020131049202609
0403020131051202609
0403030013001202609
0403030013004202609
0403030013049202609
0403030013051202609
0403030021001202609
0403030021004202609
0403030021049202609
0403030021051202609
0403030030001202609
0403030030004202609
0403030030049202609
0403030030051202609
0403030048001202609
0403030048004202609
0403030048049202609
0403030048051202609
0403030056001202609
0403030056004202609
0403030056006202609
0403030056049202609
0403030056051202609
0403030064001202609
0403030064004202609
0403030064006202609
0403030064049202609
0403030064051202609
0403030080001202609
0403030080004202609
0403030080006202609
0403030080049202609
0403030080051202609
0403030099001202609
0403030099004202609
0403030099006202609
0403030099049202609
0403030099051202609
0403030102001202609
0403030102004202609
0403030102006202609
0403030102049202609
0403030102051202609
0403030110001202609
0403030110004202609
0403030110049202609
0403030110051202609
0403030129001202609
0403030129004202609
0403030129006202609
0403030129049202609
0403030129051202609
0403030137001202609
0403030137004202609
0403030137006202609
0403030137049202609
0403030137051202609
0403030145001202609
0403030145004202609
0403030145049202609
0403030145051202609
0403030153001202609
0403030153004202609
0403030153006202609
0403030153049202609
0403030153051202609
0403030161001202609
0403030161004202609
0403030161049202609
0403030161051202609
0403040019001202609
0403040019004202609
0403040019006202609
0403040019049202609
0403040019051202609
0403040027001202609
0403040027004202609
0403040027006202609
0403040027049202609
0403040027051202609
0403040051001202609
0403040051004202609
0403040051006202609
0403040051049202609
0403040051051202609
0403040060001202609
0403040060004202609
0403040060006202609
0403040060049202609
0403040060051202609
0403040078001202609
0403040078004202609
0403040078006202609
0403040078049202609
0403040078051202609
0403040086001202609
0403040086004202609
0403040086006202609
0403040086049202609
0403040086051202609
0403040094001202609
0403040094004202609
0403040094006202609
0403040094049202609
0403040094051202609
0403040108001202609
0403040108004202609
0403040108006202609
0403040108049202609
0403040108051202609
0403040116001202609
0403040116004202609
0403040116006202609
0403040116049202609
0403040116051202609
0403040124001202609
0403040124004202609
0403040124006202609
0403040124049202609
0403040124051202609
0403050014001202609
0403050022001202609
0403050030001202609
0403050030004202609
0403050030006202609
0403050030049202609
0403050030051202609
0403050049001202609
0403050049004202609
0403050049006202609
0403050049049202609
0403050049051202609
0403050057001202609
0403050057004202609
0403050057006202609
0403050057017202609
0403050057049202609
0403050057051202609
0403050065001202609
0403050065004202609
0403050065006202609
0403050065049202609
0403050065051202609
0403050073001202609
0403050073004202609
0403050073006202609
0403050073049202609
0403050073051202609
0403050081001202609
0403050090001202609
0403050090004202609
0403050090006202609
0403050090049202609
0403050090051202609
0403050103001202609
0403050103004202609
0403050103006202609
0403050103049202609
0403050103051202609
0403050111001202609
0403050111004202609
0403050111049202609
0403050111051202609
0403050120001202609
0403050120004202609
0403050120049202609
0403050120051202609
0403050138001202609
0403050138004202609
0403050138049202609
0403050138051202609
0403050146001202609
0403050146004202609
0403050146049202609
0403050146051202609
0403050154001202609
0403050154004202609
0403050154006202609
0403050154049202609
0403050154051202609
0403050162001202609
0403050162004202609
0403050162006202609
0403050162049202609
0403050162051202609
0403060010001202609
0403060010006202609
0403060010049202609
0403060010051202609
0403060028001202609
0403060028006202609
0403060028049202609
0403060028051202609
0403060036001202609
0403060036004202609
0403060036006202609
0403060036049202609
0403060036051202609
0403060044001202609
0403060044004202609
0403060044006202609
0403060044049202609
0403060044051202609
0403060052001202609
0403060052004202609
0403060052006202609
0403060052049202609
0403060052051202609
0403060060001202609
0403060060004202609
0403060060006202609
0403060060049202609
0403060060051202609
0403060079001202609
0403060079004202609
0403060079006202609
0403060079049202609
0403060079051202609
0403060087001202609
0403060087004202609
0403060087006202609
0403060087049202609
0403060095001202609
0403060095004202609
0403060095006202609
0403060095049202609
0403070015001202609
0403070015004202609
0403070015006202609
0403070015049202609
0403070040001202609
0403070040004202609
0403070040006202609
0403070040049202609
0403070040051202609
0403070058001202609
0403070058004202609
0403070058006202609
0403070058049202609
0403070058051202609
0403070082001202609
0403070082006202609
0403070082049202609
0403070082051202609
0403070090001202609
0403070090006202609
0403070090049202609
0403070090051202609
0403070104001202609
0403070104006202609
0403070104049202609
0403070104051202609
0403070112001202609
0403070112006202609
0403070112049202609
0403070112051202609
0403070120001202609
0403070120006202609
0403070120049202609
0403070120051202609
0403070139001202609
0403070139006202609
0403070139049202609
0403070139051202609
0403070147001202609
0403070147006202609
0403070147049202609
0403070147051202609
0403070155001202609
0403070155006202609
0403070155049202609
0403070155051202609
0403070163001202609
0403070163004202609
0403070163006202609
0403070163049202609
0403070163051202609
0403070171001202609
0403070171004202609
0403070171009202609
0403070171049202609
0403080010001202609
0403080010004202609
0403080010006202609
0403080010017202609
0403080010049202609
0403080010051202609
0403080029001202609
0403080029004202609
0403080029006202609
0403080029017202609
0403080029049202609
0403080029051202609
0403080037001202609
0403080037004202609
0403080037006202609
0403080037017202609
0403080037049202609
0403080037051202609
0403080045001202609
0403080045004202609
0403080045006202609
0403080045049202609
0403080045051202609
0403080053001202609
0403080053004202609
0403080053006202609
0403080053049202609
0403080053051202609
0403080061001202609
0403080061004202609
0403080061006202609
0403080061049202609
0403080061051202609
0403080070001202609
0403080070004202609
0403080070006202609
0403080070049202609
0403080070051202609
0403080088001202609
0403080088004202609
0403080088006202609
0403080088049202609
0403080088051202609
0403080096001202609
0403080096004202609
0403080096006202609
0403080096049202609
0403080096051202609
0403080100001202609
0403080100004202609
0403080100006202609
0403080100049202609
0403080100051202609
0404010016001202609
0404010016004202609
0404010016049202609
0404010016051202609
0404010016052202609
0404010016059202609
0404010024001202609
0404010024049202609
0404010024051202609
0404010024052202609
0404010024059202609
0404010032001202609
0404010032004202609
0404010032049202609
0404010032051202609
0404010032052202609
0404010032059202609
0404010040001202609
0404010040004202609
0404010040049202609
0404010059001202609
0404010059004202609
0404010059049202609
0404010067001202609
0404010067004202609
0404010067049202609
0404010083001202609
0404010083004202609
0404010083049202609
0404010083051202609
0404010105001202609
0404010105004202609
0404010105049202609
0404010105051202609
0404010113001202609
0404010113004202609
0404010113049202609
0404010113051202609
0404010113059202609
0404010121001202609
0404010121004202609
0404010121049202609
0404010121051202609
0404010121052202609
0404010121059202609
0404010130001202609
0404010130004202609
0404010130049202609
0404010130051202609
0404010148001202609
0404010148004202609
0404010148049202609
0404010148051202609
0404010164001202609
0404010164004202609
0404010164049202609
0404010164051202609
0404010172001202609
0404010172004202609
0404010172049202609
0404010172051202609
0404010180001202609
0404010180004202609
0404010180049202609
0404010180051202609
0404010199001202609
0404010199004202609
0404010199049202609
0404010199051202609
0404010202001202609
0404010202004202609
0404010202049202609
0404010202051202609
0404010202059202609
0404010210001202609
0404010210004202609
0404010210049202609
0404010210051202609
0404010229049202609
0404010229051202609
0404010237001202609
0404010237049202609
0404010237051202609
0404010288001202609
0404010288004202609
0404010288049202609
0404010288051202609
0404010300009202609
0404010318001202609
0404010318049202609
0404010318051202609
0404010318059202609
0404010326001202609
0404010326004202609
0404010326049202609
0404010326051202609
0404010326059202609
0404010334001202609
0404010334004202609
0404010334049202609
0404010334051202609
0404010334059202609
0404010350001202609
0404010350004202609
0404010350049202609
0404010350051202609
0404010350059202609
0404010377001202609
0404010377004202609
0404010377049202609
0404010385001202609
0404010385004202609
0404010385049202609
0404010385051202609
0404010385059202609
0404010407001202609
0404010407004202609
0404010407049202609
0404010407051202609
0404010407059202609
0404010415001202609
0404010415004202609
0404010415049202609
0404010415051202609
0404010415052202609
0404010415059202609
0404010431001202609
0404010431004202609
0404010431008202609
0404010431049202609
0404010431051202609
0404010458001202609
0404010458004202609
0404010458049202609
0404010458051202609
0404010466001202609
0404010466004202609
0404010466049202609
0404010466051202609
0404010474001202609
0404010474004202609
0404010474049202609
0404010474051202609
0404010474059202609
0404010482001202609
0404010482004202609
0404010482049202609
0404010482051202609
0404010482059202609
0404010490001202609
0404010490004202609
0404010490049202609
0404010490051202609
0404010490059202609
0404010504001202609
0404010504004202609
0404010504049202609
0404010504051202609
0404010504059202609
0404010512001202609
0404010512004202609
0404010512020202609
0404010512049202609
0404010512051202609
0404010512052202609
0404010512059202609
0404010520001202609
0404010520004202609
0404010520049202609
0404010520051202609
0404010520059202609
0404010539001202609
0404010539004202609
0404010539049202609
0404010539051202609
0404010547001202609
0404010547004202609
0404010547049202609
0404010547051202609
0404010555001202609
0404010555004202609
0404010555049202609
0404010555051202609
0404010555059202609
0404010563001202609
0404010563004202609
0404010563049202609
0404010563051202609
0404010571001202609
0404010571004202609
0404010571017202609
0404010571049202609
0404010571051202609
0404010580001202609
0404010580004202609
0404010580017202609
0404010580049202609
0404010580051202609
0404010598001202609
0404010598004202609
0404010598049202609
0404010598051202609
0404010601001202609
0404010601004202609
0404010601017202609
0404010601049202609
0404010601051202609
0404010610001202609
0404010610004202609
0404010610017202609
0404010610049202609
0404010610051202609
0404010628001202609
0404010628004202609
0404010628017202609
0404010628049202609
0404010628051202609
0404010636001202609
0404010636004202609
0404010636049202609
0404010636051202609
0404010644001202609
0404010644004202609
0404010644017202609
0404010644049202609
0404010644051202609
0404010652001202609
0404010652004202609
0404010652017202609
0404010652049202609
0404010652051202609
0404020011001202609
0404020011004202609
0404020011049202609
0404020011051202609
0404020011059202609
0404020038001202609
0404020038004202609
0404020038020202609
0404020038049202609
0404020038051202609
0404020038059202609
0404020046001202609
0404020046004202609
0404020046049202609
0404020046051202609
0404020046059202609
0404020054020202609
0404020054053202609
0404020054058202609
0404020054060202609
0404020062001202609
0404020062004202609
0404020062049202609
0404020062051202609
0404020070001202609
0404020070004202609
0404020070049202609
0404020070051202609
0404020070059202609
0404020089001202609
0404020089004202609
0404020089020202609
0404020089049202609
0404020089051202609
0404020089059202609
0404020097020202609
0404020097053202609
0404020097058202609
0404020097060202609
0404020100020202609
0404020119001202609
0404020119004202609
0404020119049202609
0404020119051202609
0404020119059202609
0404020135001202609
0404020135004202609
0404020135049202609
0404020135051202609
0404020143001202609
0404020143004202609
0404020143049202609
0404020143051202609
0404020178001202609
0404020178004202609
0404020178049202609
0404020178051202609
0404020178059202609
0404020208001202609
0404020208004202609
0404020208049202609
0404020208051202609
0404020224001202609
0404020224004202609
0404020224049202609
0404020224051202609
0404020232001202609
0404020232004202609
0404020232049202609
0404020232051202609
0404020240001202609
0404020240004202609
0404020240049202609
0404020240051202609
0404020275001202609
0404020275004202609
0404020275049202609
0404020275051202609
0404020291001202609
0404020291004202609
0404020291049202609
0404020291051202609
0404020313001202609
0404020313004202609
0404020313020202609
0404020313049202609
0404020313051202609
0404020313059202609
0404020321001202609
0404020321004202609
0404020321049202609
0404020321051202609
0404020348001202609
0404020348004202609
0404020348049202609
0404020348051202609
0404020348059202609
0404020356001202609
0404020356004202609
0404020356049202609
0404020356051202609
0404020356059202609
0404020380001202609
0404020380004202609
0404020380049202609
0404020380051202609
0404020399001202609
0404020399004202609
0404020399049202609
0404020399051202609
0404020429001202609
0404020429004202609
0404020429049202609
0404020429051202609
0404020429059202609
0404020445020202609
0404020445053202609
0404020445058202609
0404020445060202609
0404020453001202609
0404020453004202609
0404020453049202609
0404020453051202609
0404020461001202609
0404020461004202609
0404020461049202609
0404020461051202609
0404020470001202609
0404020470004202609
0404020470049202609
0404020470051202609
0404020470059202609
0404020488004202609
0404020488020202609
0404020488049202609
0404020488051202609
0404020488059202609
0404020496001202609
0404020496004202609
0404020496049202609
0404020496051202609
0404020500001202609
0404020500004202609
0404020500049202609
0404020500051202609
0404020518001202609
0404020518004202609
0404020518049202609
0404020518051202609
0404020526001202609
0404020526004202609
0404020526049202609
0404020526051202609
0404020526059202609
0404020534001202609
0404020534004202609
0404020534049202609
0404020534051202609
0404020542001202609
0404020542004202609
0404020542049202609
0404020550004202609
0404020550049202609
0404020550051202609
0404020569001202609
0404020569004202609
0404020569049202609
0404020569051202609
0404020577004202609
0404020577020202609
0404020585004202609
0404020585051202609
0404020585059202609
0404020593004202609
0404020593051202609
0404020593059202609
0404020607004202609
0404020607051202609
0404020607059202609
0404020615020202609
0404020623020202609
0404020631020202609
0404020640001202609
0404020640004202609
0404020640049202609
0404020640051202609
0404020658001202609
0404020658004202609
0404020658049202609
0404020658051202609
0404020666001202609
0404020666004202609
0404020666049202609
0404020674020202609
0404020690001202609
0404020690004202609
0404020690049202609
0404020690051202609
0404020704001202609
0404020704004202609
0404020704049202609
0404020704051202609
0404020704059202609
0404020712001202609
0404020712004202609
0404020712049202609
0404020712051202609
0404020720001202609
0404020720004202609
0404020720049202609
0404020720051202609
0404020739001202609
0404020739004202609
0404020739049202609
0404020739051202609
0404020771001202609
0404020771004202609
0404020771049202609
0404020771051202609
0404020780001202609
0404020780004202609
0404020780049202609
0404020780051202609
0404020798001202609
0404020798004202609
0404020798049202609
0404030017001202609
0404030017004202609
0404030017049202609
0404030017051202609
0404030033001202609
0404030033049202609
0404030033051202609
0404030041001202609
0404030041004202609
0404030041049202609
0404030041051202609
0404030050001202609
0404030050049202609
0404030050051202609
0404030068001202609
0404030068049202609
0404030068051202609
0404030076001202609
0404030076004202609
0404030076049202609
0404030076051202609
0404030084001202609
0404030084004202609
0404030084049202609
0404030084051202609
0404030106001202609
0404030106004202609
0404030106049202609
0404030106051202609
0404030122001202609
0404030122004202609
0404030122049202609
0404030122051202609
0404030130001202609
0404030130004202609
0404030130049202609
0404030130051202609
0404030157001202609
0404030157004202609
0404030157049202609
0404030157051202609
0404030165001202609
0404030165004202609
0404030165049202609
0404030165051202609
0404030173001202609
0404030173004202609
0404030173049202609
0404030173051202609
0404030173059202609
0404030190001202609
0404030190004202609
0404030190049202609
0404030190051202609
0404030190059202609
0404030220001202609
0404030220004202609
0404030220049202609
0404030220051202609
0404030246001202609
0404030246004202609
0404030246049202609
0404030246051202609
0404030254001202609
0404030254004202609
0404030254049202609
0404030254051202609
0404030262001202609
0404030262004202609
0404030262049202609
0404030262051202609
0404030270001202609
0404030270004202609
0404030270049202609
0404030270051202609
0404030289001202609
0404030289004202609
0404030289049202609
0404030289051202609
0404030297001202609
0404030297004202609
0404030297049202609
0404030297051202609
0404030300001202609
0404030300004202609
0404030300049202609
0404030300051202609
0404030319001202609
0404030319004202609
0404030319049202609
0404030319051202609
0404030319059202609
0404030327001202609
0404030327004202609
0404030327049202609
0404030327051202609
0405010010004202609
0405010010051202609
0405010010052202609
0405010010059202609
0405010028004202609
0405010028051202609
0405010028052202609
0405010028059202609
0405010036004202609
0405010036051202609
0405010036052202609
0405010052001202609
0405010060001202609
0405010079051202609
0405010079052202609
0405010079059202609
0405010087001202609
0405010087004202609
0405010087049202609
0405010087051202609
0405010117001202609
0405010117004202609
0405010117049202609
0405010117051202609
0405010117052202609
0405010125004202609
0405010125051202609
0405010125052202609
0405010125059202609
0405010133001202609
0405010133004202609
0405010133049202609
0405010133051202609
0405010150001202609
0405010150004202609
0405010150049202609
0405010150051202609
0405010150059202609
0405010176004202609
0405020015004202609
0405020015051202609
0405020015052202609
0405020023004202609
0405020023051202609
0405020023052202609
0405030010001202609
0405030010004202609
0405030010049202609
0405030010051202609
0405030010059202609
0405030029004202609
0405030029049202609
0405030029051202609
0405030029059202609
0405030045001202609
0405030045052202609
0405030045059202609
0405030053001202609
0405030070001202609
0405030070004202609
0405030070049202609
0405030070051202609
0405030070052202609
0405030096004202609
0405030134001202609
0405030134049202609
0405030134051202609
0405030134052202609
0405030142051202609
0405030150001202609
0405030169004202609
0405030169051202609
0405030177004202609
0405030177051202609
0405030185004202609
0405030185051202609
0405030193001202609
0405030193004202609
0405030193049202609
0405030193051202609
0405030193052202609
0405030193059202609
0405030207004202609
0405040016004202609
0405040016051202609
0405040016052202609
0405040016059202609
0405040024004202609
0405040024006202609
0405040024051202609
0405040040004202609
0405040040049202609
0405040040051202609
0405040059004202609
0405040059049202609
0405040059051202609
0405040067004202609
0405040067049202609
0405040067051202609
0405040067052202609
0405040067059202609
0405040075004202609
0405040075049202609
0405040075051202609
0405040075052202609
0405040075059202609
0405040083001202609
0405040083004202609
0405040083006202609
0405040083049202609
0405040083051202609
0405040091001202609
0405040091004202609
0405040091006202609
0405040091049202609
0405040091051202609
0405040105001202609
0405040105004202609
0405040105049202609
0405040105051202609
0405040105052202609
0405040105059202609
0405040130001202609
0405040148001202609
0405040148004202609
0405040148006202609
0405040148049202609
0405040148051202609
0405040156001202609
0405040156004202609
0405040156049202609
0405040156051202609
0405040164001202609
0405040164004202609
0405040164049202609
0405040164051202609
0405040180001202609
0405040180004202609
0405040180049202609
0405040180051202609
0405040202004202609
0405040202051202609
0405040202052202609
0405040202059202609
0405040210051202609
0405040210052202609
0405040210059202609
0405050011004202609
0405050011051202609
0405050011052202609
0405050011059202609
0405050020001202609
0405050020052202609
0405050020059202609
0405050046004202609
0405050046051202609
0405050046052202609
0405050046059202609
0405050054004202609
0405050054051202609
0405050054052202609
0405050054059202609
0405050097001202609
0405050097004202609
0405050097049202609
0405050097051202609
0405050097052202609
0405050097059202609
0405050100001202609
0405050100004202609
0405050100049202609
0405050100051202609
0405050100052202609
0405050100059202609
0405050100060202609
0405050119001202609
0405050119004202609
0405050119049202609
0405050119051202609
0405050119052202609
0405050127001202609
0405050127052202609
0405050127059202609
0405050135001202609
0405050135004202609
0405050135049202609
0405050135051202609
0405050143001202609
0405050143004202609
0405050143049202609
0405050143051202609
0405050143052202609
0405050143059202609
0405050151001202609
0405050151004202609
0405050151049202609
0405050151051202609
0405050151052202609
0405050151059202609
0405050160001202609
0405050186001202609
0405050186004202609
0405050186006202609
0405050186049202609
0405050186051202609
0405050194001202609
0405050194052202609
0405050194059202609
0405050216004202609
0405050216051202609
0405050216052202609
0405050216059202609
0405050224004202609
0405050224051202609
0405050224052202609
0405050224059202609
0405050232001202609
0405050232004202609
0405050232049202609
0405050232051202609
0405050259001202609
0405050267001202609
0405050313001202609
0405050313004202609
0405050313049202609
0405050313051202609
0405050321004202609
0405050321051202609
0405050321052202609
0405050356001202609
0405050356004202609
0405050356049202609
0405050356051202609
0405050372001202609
0405050372049202609
0405050372051202609
0405050372052202609
0405050372059202609
0405050372060202609
0405050380001202609
0405050380004202609
0405050380049202609
0405050380051202609
0405050399004202609
0405050402001202609
0405050402049202609
0405050402051202609
0405050402059202609
0406010013001202609
0406010013004202609
0406010013006202609
0406010013042202609
0406010013049202609
0406010013051202609
0406010021001202609
0406010021004202609
0406010021006202609
0406010021049202609
0406010021051202609
0406010030001202609
0406010030004202609
0406010030006202609
0406010030049202609
0406010030051202609
0406010048001202609
0406010048004202609
0406010048006202609
0406010048049202609
0406010048051202609
0406010056001202609
0406010056004202609
0406010056006202609
0406010056049202609
0406010056051202609
0406010064001202609
0406010064004202609
0406010064006202609
0406010064049202609
0406010064051202609
0406010072001202609
0406010072004202609
0406010072006202609
0406010072042202609
0406010072049202609
0406010072051202609
0406010080001202609
0406010080004202609
0406010080006202609
0406010080049202609
0406010080051202609
0406010099001202609
0406010099004202609
0406010099006202609
0406010099049202609
0406010099051202609
0406010102001202609
0406010102004202609
0406010102049202609
0406010110001202609
0406010110004202609
0406010110049202609
0406010110051202609
0406010129017202609
0406010137001202609
0406010137004202609
0406010137006202609
0406010137049202609
0406010137051202609
0406010153001202609
0406010153004202609
0406010153006202609
0406010153042202609
0406010153049202609
0406010153051202609
0406010161001202609
0406010161004202609
0406010161006202609
0406010161042202609
0406010161049202609
0406010161051202609
0406010170001202609
0406010170004202609
0406010170006202609
0406010170042202609
0406010170049202609
0406010170051202609
0406010188001202609
0406010188004202609
0406010188006202609
0406010188049202609
0406010188051202609
0406010196001202609
0406010196004202609
0406010196006202609
0406010196049202609
0406010196051202609
0406010200001202609
0406010200004202609
0406010200006202609
0406010200049202609
0406010200051202609
0406010218001202609
0406010218004202609
0406010218006202609
0406010218042202609
0406010218049202609
0406010218051202609
0406010226001202609
0406010226004202609
0406010226006202609
0406010226042202609
0406010226049202609
0406010226051202609
0406010234001202609
0406010234004202609
0406010234006202609
0406010234049202609
0406010234051202609
0406010242001202609
0406010242004202609
0406010242006202609
0406010242049202609
0406010242051202609
0406010250001202609
0406010250004202609
0406010250006202609
0406010250042202609
0406010250049202609
0406010250051202609
0406010269001202609
0406010269004202609
0406010269006202609
0406010269042202609
0406010269049202609
0406010269051202609
0406010277001202609
0406010277004202609
0406010277006202609
0406010277042202609
0406010277049202609
0406010277051202609
0406010285001202609
0406010285004202609
0406010285006202609
0406010285042202609
0406010285049202609
0406010285051202609
0406010293001202609
0406010293004202609
0406010293006202609
0406010293049202609
0406010293051202609
0406010307001202609
0406010307004202609
0406010307006202609
0406010307049202609
0406010307051202609
0406010315001202609
0406010315004202609
0406010315006202609
0406010315049202609
0406010315051202609
0406010323001202609
0406010323004202609
0406010323006202609
0406010323049202609
0406010323051202609
0406010331001202609
0406010331004202609
0406010331006202609
0406010331042202609
0406010331049202609
0406010331051202609
0406010340001202609
0406010340004202609
0406010340006202609
0406010340049202609
0406010340051202609
0406010358001202609
0406010358004202609
0406010358006202609
0406010358049202609
0406010358051202609
0406010366001202609
0406010366004202609
0406010366006202609
0406010366042202609
0406010366049202609
0406010366051202609
0406010374001202609
0406010374004202609
0406010374006202609
0406010374042202609
0406010374049202609
0406010374051202609
0406010382001202609
0406010382004202609
0406010382006202609
0406010382049202609
0406010382051202609
0406010390001202609
0406010390004202609
0406010390006202609
0406010390042202609
0406010390049202609
0406010390051202609
0406010404001202609
0406010404004202609
0406010404006202609
0406010404049202609
0406010404051202609
0406010412001202609
0406010412004202609
0406010412049202609
0406010412051202609
0406010420001202609
0406010420004202609
0406010420006202609
0406010420042202609
0406010420049202609
0406010420051202609
0406010439001202609
0406010439004202609
0406010439006202609
0406010439049202609
0406010439051202609
0406010447001202609
0406010447004202609
0406010447006202609
0406010447042202609
0406010447049202609
0406010447051202609
0406010455001202609
0406010455004202609
0406010455006202609
0406010455049202609
0406010455051202609
0406010463001202609
0406010463004202609
0406010463006202609
0406010463042202609
0406010463049202609
0406010463051202609
0406010471001202609
0406010471004202609
0406010471006202609
0406010471042202609
0406010471051202609
0406010480001202609
0406010480004202609
0406010480006202609
0406010480049202609
0406010480051202609
0406010498001202609
0406010498004202609
0406010498006202609
0406010498042202609
0406010498049202609
0406010498051202609
0406010501001202609
0406010501004202609
0406010501006202609
0406010501049202609
0406010501051202609
0406010510001202609
0406010510004202609
0406010510049202609
0406010510051202609
0406010528001202609
0406010528004202609
0406010528006202609
0406010528049202609
0406010528051202609
0406010536001202609
0406010536004202609
0406010536006202609
0406010536049202609
0406010536051202609
0406010544001202609
0406010544004202609
0406010544006202609
0406010544049202609
0406010544051202609
0406010552001202609
0406010552004202609
0406010552006202609
0406010552049202609
0406010552051202609
0406010560004202609
0406010560006202609
0406010560017202609
0406010560049202609
0406010560051202609
0406010579001202609
0406010579004202609
0406010579017202609
0406010579049202609
0406010579051202609
0406010587001202609
0406010587004202609
0406010587006202609
0406010587017202609
0406010587049202609
0406010587051202609
0406010595001202609
0406010595004202609
0406010595017202609
0406010595049202609
0406010595051202609
0406010609001202609
0406010609004202609
0406010609017202609
0406010609049202609
0406010609051202609
0406010617001202609
0406010617004202609
0406010617017202609
0406010617049202609
0406010617051202609
0406010625001202609
0406010625004202609
0406010625006202609
0406010625017202609
0406010625049202609
0406010625051202609
0406010633001202609
0406010633004202609
0406010633006202609
0406010633017202609
0406010633049202609
0406010633051202609
0406010641001202609
0406010641004202609
0406010641006202609
0406010641017202609
0406010641049202609
0406010641051202609
0406010641058202609
0406010650001202609
0406010650004202609
0406010650006202609
0406010650017202609
0406010650049202609
0406010650051202609
0406010668001202609
0406010668004202609
0406010668006202609
0406010668017202609
0406010668049202609
0406010668051202609
0406010676001202609
0406010676004202609
0406010676006202609
0406010676017202609
0406010676049202609
0406010676051202609
0406010684004202609
0406010684017202609
0406010684051202609
0406010684059202609
0406010692001202609
0406010692004202609
0406010692006202609
0406010692049202609
0406010692051202609
0406010706001202609
0406010706004202609
0406010706049202609
0406010706051202609
0406010714001202609
0406010714004202609
0406010714006202609
0406010714049202609
0406010714051202609
0406010730001202609
0406010730004202609
0406010730006202609
0406010730049202609
0406010730051202609
0406010757001202609
0406010757004202609
0406010757006202609
0406010757049202609
0406010757051202609
0406010765001202609
0406010765004202609
0406010765006202609
0406010765049202609
0406010765051202609
0406010773004202609
0406010773049202609
0406010773051202609
0406010773059202609
0406010781001202609
0406010781004202609
0406010781042202609
0406010781049202609
0406010781051202609
0406010790004202609
0406010790049202609
0406010790051202609
0406010803001202609
0406010803004202609
0406010803006202609
0406010803049202609
0406010803051202609
0406010811001202609
0406010811004202609
0406010811006202609
0406010811049202609
0406010811051202609
0406010820001202609
0406010820004202609
0406010820006202609
0406010820049202609
0406010820051202609
0406010838001202609
0406010838004202609
0406010838006202609
0406010838049202609
0406010838051202609
0406010846001202609
0406010846004202609
0406010846006202609
0406010846049202609
0406010846051202609
0406010854004202609
0406010854049202609
0406010854051202609
0406010862004202609
0406010862006202609
0406010862049202609
0406010862051202609
0406010870004202609
0406010870049202609
0406010870051202609
0406010889001202609
0406010889004202609
0406010889006202609
0406010889049202609
0406010889051202609
0406010897001202609
0406010897004202609
0406010897006202609
0406010897049202609
0406010897051202609
0406010900001202609
0406010900004202609
0406010900049202609
0406010900051202609
0406010919004202609
0406010919006202609
0406010919051202609
0406010927001202609
0406010927004202609
0406010927006202609
0406010927049202609
0406010927051202609
0406010935001202609
0406010935004202609
0406010935006202609
0406010935049202609
0406010935051202609
0406010943001202609
0406010943004202609
0406010943006202609
0406010943049202609
0406010943051202609
0406010951001202609
0406010951004202609
0406010951006202609
0406010951049202609
0406010951051202609
0406010960004202609
0406010960049202609
0406010978004202609
0406010978049202609
0406010986001202609
0406010986004202609
0406010986006202609
0406010986049202609
0406010986051202609
0406010994001202609
0406010994004202609
0406010994006202609
0406010994049202609
0406010994051202609
0406011001004202609
0406011001049202609
0406011001051202609
0406011010004202609
0406011010049202609
0406011010051202609
0406011028004202609
0406011028049202609
0406011028051202609
0406011036004202609
0406011036049202609
0406011036051202609
0406011044004202609
0406011044049202609
0406011044051202609
0406011052004202609
0406011052049202609
0406011052051202609
0406011079004202609
0406011079049202609
0406011079051202609
0406011087004202609
0406011087049202609
0406011087051202609
0406011095004202609
0406011095049202609
0406011095051202609
0406011109004202609
0406011109006202609
0406011109049202609
0406011109051202609
0406011117004202609
0406011117049202609
0406011117051202609
0406011125004202609
0406011125006202609
0406011125049202609
0406011125051202609
0406011133004202609
0406011133006202609
0406011133049202609
0406011133051202609
0406011141004202609
0406011141049202609
0406011141051202609
0406011150004202609
0406011150049202609
0406011150051202609
0406011168004202609
0406011168049202609
0406011168051202609
0406011176004202609
0406011176049202609
0406011176051202609
0406011184004202609
0406011184049202609
0406011184051202609
0406011192004202609
0406011192049202609
0406011192051202609
0406011206001202609
0406011206004202609
0406011206006202609
0406011206049202609
0406011206051202609
0406011214001202609
0406011214004202609
0406011214006202609
0406011214042202609
0406011214049202609
0406011214051202609
0406011222001202609
0406011222004202609
0406011222006202609
0406011222042202609
0406011222049202609
0406011222051202609
0406011230001202609
0406011230004202609
0406011230006202609
0406011230049202609
0406011230051202609
0406011249001202609
0406011249004202609
0406011249006202609
0406011249049202609
0406011249051202609
0406011257001202609
0406011257004202609
0406011257049202609
0406011257051202609
0406011265001202609
0406011265004202609
0406011265006202609
0406011265042202609
0406011265049202609
0406011265051202609
0406011273001202609
0406011273004202609
0406011273006202609
0406011273042202609
0406011273049202609
0406011273051202609
0406011273058202609
0406011281001202609
0406011281004202609
0406011281006202609
0406011281042202609
0406011281049202609
0406011281051202609
0406011290001202609
0406011290004202609
0406011290006202609
0406011290042202609
0406011290049202609
0406011290051202609
0406011303001202609
0406011303004202609
0406011303006202609
0406011303042202609
0406011303049202609
0406011303051202609
0406011311001202609
0406011311004202609
0406011311006202609
0406011311042202609
0406011311049202609
0406011311051202609
0406011320001202609
0406011320004202609
0406011320006202609
0406011320042202609
0406011320049202609
0406011320051202609
0406011338001202609
0406011338004202609
0406011338006202609
0406011338042202609
0406011338049202609
0406011338051202609
0406011346001202609
0406011346004202609
0406011346006202609
0406011346042202609
0406011346049202609
0406011346051202609
0406011354001202609
0406011354004202609
0406011354006202609
0406011354042202609
0406011354049202609
0406011354051202609
0406011362001202609
0406011362004202609
0406011362006202609
0406011362042202609
0406011362049202609
0406011362051202609
0406011370001202609
0406011370004202609
0406011370006202609
0406011370042202609
0406011370049202609
0406011370051202609
0406011389001202609
0406011389004202609
0406011389006202609
0406011389042202609
0406011389049202609
0406011389051202609
0406011397001202609
0406011397004202609
0406011397006202609
0406011397042202609
0406011397049202609
0406011397051202609
0406011400001202609
0406011400004202609
0406011400006202609
0406011400042202609
0406011400049202609
0406011400051202609
0406011419001202609
0406011419004202609
0406011419006202609
0406011419042202609
0406011419049202609
0406011419051202609
0406011427001202609
0406011427004202609
0406011427006202609
0406011427042202609
0406011427049202609
0406011427051202609
0406011435001202609
0406011435004202609
0406011435006202609
0406011435042202609
0406011435049202609
0406011435051202609
0406011443001202609
0406011443004202609
0406011443006202609
0406011443042202609
0406011443049202609
0406011443051202609
0406011451001202609
0406011451004202609
0406011451006202609
0406011451042202609
0406011451049202609
0406011451051202609
0406011460001202609
0406011460004202609
0406011460006202609
0406011460042202609
0406011460049202609
0406011460051202609
0406011478001202609
0406011478004202609
0406011478006202609
0406011478042202609
0406011478049202609
0406011478051202609
0406011486001202609
0406011486004202609
0406011486006202609
0406011486042202609
0406011486049202609
0406011486051202609
0406011494001202609
0406011494004202609
0406011494006202609
0406011494042202609
0406011494049202609
0406011494051202609
0406011508001202609
0406011508004202609
0406011508006202609
0406011508042202609
0406011508049202609
0406011508051202609
0406011516001202609
0406011516004202609
0406011516006202609
0406011516042202609
0406011516049202609
0406011516051202609
0406020019001202609
0406020019004202609
0406020019049202609
0406020019051202609
0406020027001202609
0406020027004202609
0406020027049202609
0406020027051202609
0406020035001202609
0406020035004202609
0406020035049202609
0406020035051202609
0406020043001202609
0406020043004202609
0406020043049202609
0406020043051202609
0406020051001202609
0406020051004202609
0406020051006202609
0406020051049202609
0406020051051202609
0406020078001202609
0406020078004202609
0406020078017202609
0406020078049202609
0406020078051202609
0406020108001202609
0406020108004202609
0406020108049202609
0406020108051202609
0406020108059202609
0406020116001202609
0406020116004202609
0406020116049202609
0406020116051202609
0406020116059202609
0406020124001202609
0406020124004202609
0406020124049202609
0406020159001202609
0406020159049202609
0406020159051202609
0406020167001202609
0406020167004202609
0406020167049202609
0406020191001202609
0406020191004202609
0406020191049202609
0406020191051202609
0406020205001202609
0406020213001202609
0406020213004202609
0406020213049202609
0406020213051202609
0406020221001202609
0406020221004202609
0406020221049202609
0406020221051202609
0406020230001202609
0406020230004202609
0406020230049202609
0406020230051202609
0406020230059202609
0406020248001202609
0406020248004202609
0406020248049202609
0406020248051202609
0406020256001202609
0406020256004202609
0406020256049202609
0406020256051202609
0406020264001202609
0406020264004202609
0406020264049202609
0406020264051202609
0406020272001202609
0406020272004202609
0406020272049202609
0406020272051202609
0406020280001202609
0406020280004202609
0406020280049202609
0406020280051202609
0406020302001202609
0406020302004202609
0406020302049202609
0406020302051202609
0406020310001202609
0406020310004202609
0406020310049202609
0406020310051202609
0406020329001202609
0406020329004202609
0406020329049202609
0406020329051202609
0406020337001202609
0406020337004202609
0406020337049202609
0406020337051202609
0406020345001202609
0406020345004202609
0406020345049202609
0406020345051202609
0406020353001202609
0406020353004202609
0406020353049202609
0406020353051202609
0406020361001202609
0406020361004202609
0406020361049202609
0406020361051202609
0406020370001202609
0406020370004202609
0406020370049202609
0406020370051202609
0406020388001202609
0406020388004202609
0406020388049202609
0406020388051202609
0406020396001202609
0406020396004202609
0406020396049202609
0406020396051202609
0406020400001202609
0406020400004202609
0406020400049202609
0406020400051202609
0406020418001202609
0406020418004202609
0406020418049202609
0406020418051202609
0406020426001202609
0406020426004202609
0406020426049202609
0406020426051202609
0406020434001202609
0406020434004202609
0406020434049202609
0406020434051202609
0406020442001202609
0406020442004202609
0406020442049202609
0406020442051202609
0406020450001202609
0406020450004202609
0406020450049202609
0406020450051202609
0406020469001202609
0406020469004202609
0406020469049202609
0406020469051202609
0406020477001202609
0406020477004202609
0406020477049202609
0406020477051202609
0406020485001202609
0406020485004202609
0406020485049202609
0406020485051202609
0406020493001202609
0406020493004202609
0406020493049202609
0406020507001202609
0406020507004202609
0406020507049202609
0406020515001202609
0406020515004202609
0406020515049202609
0406020523001202609
0406020523004202609
0406020523049202609
0406020531001202609
0406020531004202609
0406020531049202609
0406020540001202609
0406020540004202609
0406020540049202609
0406020558001202609
0406020558004202609
0406020558049202609
0406020558051202609
0406020566001202609
0406020566004202609
0406020566049202609
0406020566051202609
0406020574001202609
0406020574004202609
0406020574049202609
0406020574051202609
0406020574059202609
0406020582001202609
0406020582004202609
0406020582006202609
0406020582049202609
0406020582051202609
0406020590001202609
0406020590004202609
0406020590049202609
0406020590051202609
0406020604001202609
0406020604004202609
0406020604049202609
0406020604051202609
0406020612001202609
0406020612017202609
0406020612049202609
0406030014001202609
0406030014004202609
0406030014006202609
0406030014049202609
0406030014051202609
0406030014052202609
0406030022001202609
0406030022004202609
0406030022006202609
0406030022049202609
0406030022051202609
0406030030001202609
0406030030004202609
0406030030006202609
0406030030049202609
0406030030051202609
0406030049001202609
0406030049004202609
0406030049006202609
0406030049049202609
0406030057001202609
0406030057004202609
0406030057006202609
0406030057049202609
0406030057051202609
0406030065001202609
0406030065004202609
0406030065006202609
0406030065049202609
0406030065051202609
0406030073001202609
0406030073006202609
0406030073049202609
0406030073051202609
0406030081001202609
0406030081006202609
0406030081049202609
0406030081051202609
0406030090001202609
0406030090004202609
0406030090006202609
0406030090049202609
0406030090051202609
0406030103001202609
0406030103004202609
0406030103006202609
0406030103049202609
0406030103051202609
0406030111001202609
0406030111006202609
0406030111049202609
0406030111051202609
0406030120001202609
0406030120006202609
0406030120049202609
0406030120051202609
0406030138001202609
0406030138004202609
0406030138006202609
0406030138049202609
0406030138051202609
0406030146001202609
0406030146006202609
0406030146049202609
0406030146051202609
0406030154001202609
0406030154004202609
0406030154006202609
0406030154049202609
0406030154051202609
0406030162001202609
0406030162004202609
0406030162006202609
0406030162049202609
0406040010004202609
0406040010049202609
0406040010051202609
0406040028001202609
0406040028004202609
0406040028006202609
0406040028049202609
0406040028051202609
0406040044001202609
0406040044004202609
0406040044006202609
0406040044049202609
0406040044051202609
0406040052001202609
0406040052004202609
0406040052006202609
0406040052049202609
0406040052051202609
0406040060001202609
0406040060004202609
0406040060006202609
0406040060049202609
0406040060051202609
0406040079004202609
0406040079049202609
0406040079051202609
0406040087001202609
0406040087004202609
0406040087006202609
0406040087049202609
0406040087051202609
0406040095001202609
0406040095004202609
0406040095006202609
0406040095049202609
0406040095051202609
0406040109004202609
0406040109006202609
0406040109049202609
0406040109051202609
0406040117004202609
0406040117049202609
0406040117051202609
0406040125004202609
0406040125006202609
0406040125049202609
0406040125051202609
0406040133001202609
0406040133004202609
0406040133006202609
0406040133049202609
0406040133051202609
0406040141004202609
0406040141006202609
0406040141017202609
0406040141049202609
0406040141051202609
0406040150001202609
0406040150004202609
0406040150006202609
0406040150049202609
0406040150051202609
0406040168001202609
0406040168004202609
0406040168006202609
0406040168049202609
0406040168051202609
0406040176001202609
0406040176004202609
0406040176006202609
0406040176049202609
0406040176051202609
0406040184001202609
0406040184004202609
0406040184049202609
0406040184051202609
0406040192001202609
0406040192004202609
0406040192049202609
0406040192051202609
0406040206001202609
0406040206004202609
0406040206049202609
0406040206051202609
0406040214001202609
0406040214004202609
0406040214049202609
0406040214051202609
0406040222001202609
0406040222004202609
0406040222049202609
0406040222051202609
0406040230001202609
0406040230004202609
0406040230049202609
0406040249001202609
0406040249004202609
0406040249049202609
0406040257001202609
0406040257004202609
0406040257049202609
0406040265001202609
0406040265004202609
0406040265006202609
0406040265049202609
0406040265051202609
0406040273001202609
0406040273004202609
0406040273049202609
0406040273051202609
0406040281001202609
0406040281004202609
0406040281049202609
0406040281051202609
0406040290001202609
0406040290004202609
0406040290049202609
0406040290051202609
0406040303001202609
0406040303004202609
0406040303049202609
0406040303051202609
0406040311001202609
0406040311004202609
0406040311049202609
0406040311051202609
0406040320001202609
0406040320004202609
0406040320049202609
0406040320051202609
0406040338001202609
0406040338004202609
0406040338049202609
0406040338051202609
0406050015004202609
0406050015006202609
0406050015049202609
0406050015051202609
0406050023004202609
0406050023006202609
0406050023049202609
0406050023051202609
0406050031004202609
0406050031006202609
0406050031049202609
0406050031051202609
0406050040001202609
0406050040004202609
0406050040006202609
0406050040049202609
0406050040051202609
0406050058004202609
0406050058006202609
0406050058049202609
0406050058051202609
0406050066004202609
0406050066006202609
0406050066049202609
0406050066051202609
0406050074004202609
0406050074006202609
0406050074049202609
0406050074051202609
0406050082004202609
0406050082006202609
0406050082049202609
0406050082051202609
0406050090001202609
0406050090004202609
0406050090049202609
0406050090051202609
0406050104004202609
0406050104006202609
0406050104049202609
0406050104051202609
0406050112001202609
0406050112004202609
0406050112006202609
0406050112049202609
0406050112051202609
0406050120004202609
0406050120006202609
0406050120049202609
0406050120051202609
0406050139004202609
0406050139006202609
0406050139049202609
0406050139051202609
0407010017001202609
0407010017004202609
0407010017049202609
0407010017051202609
0407010033001202609
0407010033004202609
0407010033049202609
0407010033051202609
0407010041001202609
0407010041004202609
0407010041049202609
0407010041051202609
0407010050001202609
0407010050004202609
0407010050049202609
0407010050051202609
0407010068001202609
0407010068004202609
0407010068049202609
0407010068051202609
0407010076001202609
0407010076004202609
0407010076049202609
0407010076051202609
0407010084001202609
0407010084004202609
0407010084049202609
0407010084051202609
0407010092001202609
0407010092004202609
0407010092049202609
0407010092051202609
0407010106001202609
0407010106004202609
0407010106049202609
0407010106051202609
0407010114001202609
0407010114004202609
0407010114049202609
0407010114051202609
0407010122001202609
0407010122004202609
0407010122017202609
0407010122049202609
0407010122051202609
0407010130001202609
0407010130004202609
0407010130049202609
0407010130051202609
0407010149001202609
0407010149004202609
0407010149049202609
0407010149051202609
0407010157001202609
0407010157004202609
0407010157049202609
0407010157051202609
0407010165001202609
0407010165004202609
0407010165049202609
0407010165051202609
0407010165059202609
0407010173001202609
0407010173004202609
0407010173017202609
0407010173049202609
0407010173051202609
0407010181001202609
0407010181004202609
0407010181017202609
0407010181049202609
0407010181051202609
0407010190001202609
0407010190004202609
0407010190049202609
0407010203001202609
0407010203004202609
0407010203049202609
0407010211001202609
0407010211004202609
0407010211049202609
0407010211051202609
0407010211059202609
0407010220001202609
0407010220004202609
0407010220049202609
0407010220051202609
0407010220059202609
0407010238001202609
0407010238004202609
0407010238049202609
0407010238051202609
0407010238059202609
0407010254058202609
0407010254065202609
0407010270001202609
0407010270004202609
0407010270049202609
0407010270051202609
0407010289001202609
0407010289004202609
0407010289049202609
0407010289051202609
0407010297001202609
0407010297004202609
0407010297049202609
0407010297051202609
0407010300001202609
0407010300004202609
0407010300049202609
0407010300051202609
0407010319001202609
0407010335001202609
0407010335004202609
0407010335049202609
0407010335051202609
0407010343001202609
0407010343004202609
0407010343049202609
0407010343051202609
0407010343059202609
0407010351001202609
0407010351004202609
0407010351049202609
0407010351051202609
0407010360001202609
0407010360004202609
0407010360017202609
0407010360049202609
0407010360051202609
0407010378001202609
0407010378004202609
0407010378049202609
0407010378051202609
0407010386001202609
0407010386004202609
0407010386049202609
0407010386051202609
0407020012001202609
0407020012004202609
0407020012049202609
0407020012051202609
0407020020001202609
0407020020004202609
0407020020049202609
0407020020051202609
0407020039001202609
0407020039004202609
0407020039049202609
0407020047001202609
0407020047004202609
0407020047049202609
0407020055001202609
0407020063001202609
0407020063004202609
0407020063049202609
0407020063051202609
0407020071001202609
0407020071004202609
0407020071049202609
0407020071051202609
0407020080001202609
0407020080004202609
0407020080049202609
0407020080051202609
0407020098001202609
0407020098004202609
0407020098049202609
0407020101001202609
0407020101004202609
0407020101049202609
0407020110001202609
0407020110004202609
0407020110049202609
0407020110051202609
0407020110059202609
0407020136001202609
0407020136004202609
0407020136049202609
0407020144001202609
0407020144004202609
0407020144049202609
0407020144051202609
0407020152001202609
0407020152004202609
0407020152049202609
0407020152051202609
0407020179001202609
0407020179004202609
0407020179049202609
0407020179051202609
0407020187001202609
0407020187004202609
0407020187049202609
0407020187051202609
0407020187059202609
0407020195001202609
0407020195004202609
0407020195049202609
0407020195051202609
0407020195059202609
0407020209001202609
0407020209004202609
0407020209049202609
0407020217001202609
0407020217004202609
0407020217049202609
0407020217051202609
0407020217059202609
0407020225001202609
0407020225004202609
0407020225049202609
0407020225051202609
0407020225052202609
0407020225059202609
0407020233001202609
0407020233004202609
0407020233049202609
0407020233051202609
0407020241001202609
0407020241004202609
0407020241049202609
0407020241051202609
0407020241059202609
0407020250001202609
0407020250004202609
0407020250049202609
0407020250051202609
0407020250059202609
0407020268001202609
0407020268004202609
0407020268049202609
0407020268051202609
0407020268059202609
0407020276001202609
0407020276004202609
0407020276049202609
0407020276051202609
0407020276059202609
0407020284001202609
0407020284004202609
0407020284049202609
0407020284051202609
0407020284059202609
0407020292001202609
0407020292004202609
0407020292049202609
0407020292051202609
0407020306001202609
0407020306004202609
0407020306049202609
0407020322001202609
0407020322004202609
0407020322049202609
0407020322051202609
0407020330001202609
0407020330004202609
0407020330049202609
0407020330051202609
0407020349001202609
0407020349004202609
0407020349049202609
0407020349051202609
0407020357001202609
0407020357004202609
0407020357049202609
0407020357051202609
0407020357059202609
0407020365001202609
0407020365004202609
0407020365049202609
0407020381001202609
0407020381004202609
0407020381049202609
0407020390058202609
0407020390065202609
0407020403001202609
0407020403004202609
0407020403049202609
0407020403051202609
0407020411001202609
0407020411004202609
0407020411049202609
0407020411051202609
0407020420001202609
0407020420004202609
0407020420049202609
0407020420051202609
0407020438001202609
0407020438004202609
0407020438049202609
0407020438051202609
0407020446001202609
0407020446004202609
0407020446049202609
0407020454001202609
0407020454004202609
0407020454049202609
0407020454051202609
0407020462001202609
0407020462004202609
0407020462049202609
0407020462051202609
0407020470001202609
0407020470004202609
0407020470049202609
0407020470051202609
0407030018001202609
0407030018004202609
0407030018049202609
0407030018051202609
0407030026001202609
0407030026004202609
0407030026049202609
0407030026051202609
0407030034001202609
0407030034004202609
0407030034049202609
0407030034051202609
0407030034059202609
0407030042001202609
0407030042004202609
0407030042049202609
0407030042051202609
0407030042059202609
0407030050001202609
0407030050004202609
0407030050049202609
0407030050051202609
0407030069001202609
0407030069004202609
0407030069049202609
0407030069051202609
0407030077001202609
0407030077004202609
0407030077049202609
0407030077051202609
0407030085009202609
0407030093009202609
0407030107009202609
0407030115009202609
0407030123001202609
0407030123004202609
0407030123049202609
0407030123051202609
0407030131001202609
0407030131004202609
0407030131049202609
0407030131051202609
0407030140001202609
0407030140004202609
0407030140049202609
0407030158001202609
0407030158004202609
0407030158049202609
0407030166001202609
0407030166004202609
0407030166049202609
0407030166051202609
0407030174001202609
0407030174004202609
0407030174049202609
0407030174051202609
0407030182001202609
0407030182004202609
0407030182049202609
0407030182051202609
0407030190001202609
0407030190004202609
0407030190049202609
0407030190051202609
0407030204001202609
0407030204004202609
0407030204049202609
0407030204051202609
0407030212001202609
0407030212004202609
0407030212049202609
0407030212051202609
0407030220001202609
0407030220004202609
0407030220049202609
0407030220051202609
0407030239009202609
0407030247001202609
0407030247004202609
0407030247049202609
0407030247051202609
0407030247059202609
0407030255001202609
0407030255004202609
0407030255049202609
0407030255051202609
0407040013001202609
0407040013004202609
0407040013049202609
0407040021001202609
0407040021004202609
0407040021049202609
0407040030001202609
0407040030004202609
0407040030049202609
0407040048001202609
0407040048004202609
0407040048049202609
0407040048051202609
0407040048059202609
0407040056001202609
0407040056004202609
0407040056049202609
0407040056051202609
0407040056059202609
0407040064001202609
0407040064004202609
0407040064049202609
0407040064051202609
0407040064059202609
0407040072001202609
0407040072004202609
0407040072049202609
0407040072051202609
0407040072059202609
0407040080001202609
0407040080004202609
0407040080049202609
0407040080051202609
0407040080059202609
0407040099001202609
0407040099004202609
0407040099049202609
0407040099051202609
0407040099059202609
0407040102001202609
0407040102004202609
0407040102049202609
0407040102051202609
0407040102059202609
0407040110001202609
0407040110004202609
0407040110049202609
0407040110051202609
0407040110059202609
0407040129001202609
0407040129004202609
0407040129049202609
0407040129051202609
0407040129059202609
0407040137001202609
0407040137004202609
0407040137049202609
0407040137051202609
0407040145001202609
0407040145004202609
0407040145049202609
0407040153001202609
0407040153004202609
0407040153049202609
0407040153051202609
0407040153059202609
0407040161001202609
0407040161004202609
0407040161049202609
0407040161051202609
0407040170001202609
0407040170004202609
0407040170049202609
0407040170051202609
0407040170059202609
0407040188001202609
0407040188004202609
0407040188049202609
0407040200001202609
0407040200004202609
0407040200049202609
0407040200051202609
0407040218005202609
0407040226001202609
0407040226004202609
0407040226049202609
0407040226051202609
0407040226059202609
0407040234001202609
0407040234004202609
0407040234049202609
0407040234051202609
0407040242001202609
0407040242004202609
0407040242049202609
0407040250001202609
0407040250004202609
0407040250049202609
0407040269001202609
0407040269004202609
0407040269049202609
0407040269051202609
0408010010001202609
0408010010004202609
0408010010006202609
0408010010049202609
0408010010051202609
0408010029001202609
0408010029004202609
0408010029049202609
0408010029051202609
0408010037001202609
0408010037004202609
0408010037006202609
0408010037049202609
0408010037051202609
0408010045001202609
0408010045004202609
0408010045049202609
0408010045051202609
0408010053001202609
0408010053004202609
0408010053006202609
0408010053049202609
0408010053051202609
0408010061001202609
0408010061004202609
0408010061049202609
0408010061051202609
0408010070001202609
0408010070004202609
0408010070049202609
0408010070051202609
0408010088001202609
0408010088004202609
0408010088006202609
0408010088049202609
0408010088051202609
0408010096001202609
0408010096004202609
0408010096049202609
0408010096051202609
0408010100001202609
0408010100004202609
0408010100049202609
0408010100051202609
0408010118001202609
0408010118004202609
0408010118049202609
0408010118051202609
0408010118059202609
0408010134001202609
0408010134004202609
0408010134049202609
0408010142001202609
0408010142004202609
0408010142049202609
0408010142051202609
0408010150001202609
0408010150004202609
0408010150049202609
0408010169001202609
0408010169004202609
0408010169049202609
0408010177001202609
0408010177004202609
0408010177049202609
0408010185001202609
0408010185004202609
0408010185049202609
0408010185051202609
0408010185059202609
0408010193001202609
0408010193004202609
0408010193049202609
0408010193051202609
0408010193059202609
0408010207001202609
0408010207004202609
0408010207049202609
0408010207051202609
0408010207059202609
0408010215001202609
0408010215004202609
0408010215049202609
0408010215051202609
0408010223001202609
0408010223004202609
0408010223049202609
0408010223051202609
0408010231001202609
0408010231049202609
0408010231051202609
0408020016001202609
0408020016004202609
0408020016049202609
0408020024001202609
0408020024004202609
0408020024049202609
0408020032001202609
0408020032004202609
0408020032049202609
0408020032051202609
0408020040001202609
0408020040004202609
0408020040049202609
0408020040051202609
0408020040059202609
0408020059001202609
0408020059004202609
0408020059049202609
0408020059051202609
0408020067001202609
0408020067004202609
0408020067049202609
0408020067051202609
0408020075001202609
0408020075004202609
0408020075049202609
0408020075051202609
0408020083001202609
0408020083004202609
0408020083006202609
0408020083049202609
0408020083051202609
0408020091001202609
0408020091004202609
0408020091049202609
0408020091051202609
0408020105001202609
0408020105004202609
0408020105049202609
0408020121001202609
0408020121004202609
0408020121049202609
0408020121051202609
0408020121059202609
0408020130001202609
0408020130004202609
0408020130049202609
0408020130051202609
0408020130059202609
0408020148001202609
0408020148004202609
0408020148049202609
0408020148051202609
0408020148059202609
0408020156004202609
0408020164004202609
0408020172004202609
0408020180004202609
0408020199004202609
0408020202004202609
0408020210004202609
0408020229004202609
0408020245001202609
0408020245004202609
0408020245049202609
0408020253001202609
0408020253004202609
0408020253049202609
0408020261001202609
0408020261004202609
0408020261049202609
0408020270001202609
0408020270004202609
0408020270049202609
0408020288001202609
0408020288004202609
0408020288006202609
0408020288049202609
0408020296001202609
0408020296004202609
0408020296049202609
0408020300001202609
0408020300004202609
0408020300049202609
0408020318001202609
0408020318004202609
0408020318049202609
0408020326001202609
0408020326004202609
0408020326049202609
0408020334001202609
0408020334004202609
0408020334049202609
0408020342001202609
0408020342004202609
0408020342049202609
0408020350001202609
0408020350004202609
0408020350049202609
0408020369001202609
0408020369004202609
0408020369049202609
0408020377001202609
0408020377004202609
0408020377049202609
0408020385001202609
0408020385004202609
0408020385049202609
0408020393001202609
0408020393004202609
0408020393049202609
0408020407001202609
0408020407004202609
0408020407049202609
0408020415001202609
0408020415004202609
0408020415049202609
0408020423001202609
0408020423004202609
0408020423049202609
0408020431001202609
0408020431004202609
0408020431049202609
0408020440001202609
0408020440004202609
0408020440049202609
0408020458001202609
0408020458004202609
0408020458049202609
0408020466001202609
0408020466004202609
0408020466049202609
0408020474001202609
0408020474004202609
0408020474049202609
0408020474051202609
0408020474059202609
0408020482001202609
0408020482004202609
0408020482049202609
0408020482051202609
0408020482059202609
0408020490001202609
0408020490004202609
0408020490049202609
0408020490051202609
0408020490059202609
0408020504001202609
0408020504004202609
0408020504049202609
0408020504051202609
0408020512001202609
0408020512004202609
0408020512049202609
0408020520001202609
0408020520004202609
0408020520049202609
0408020539001202609
0408020539004202609
0408020539049202609
0408020547001202609
0408020547004202609
0408020547049202609
0408020555001202609
0408020555004202609
0408020555049202609
0408020555051202609
0408020555059202609
0408020563001202609
0408020563004202609
0408020563049202609
0408020563051202609
0408020571001202609
0408020571004202609
0408020571049202609
0408020571051202609
0408020580001202609
0408020580004202609
0408020580049202609
0408020580051202609
0408020580059202609
0408020598001202609
0408020598004202609
0408020598051202609
0408020601001202609
0408020601004202609
0408020601049202609
0408020601051202609
0408020601059202609
0408020610001202609
0408020610004202609
0408020610049202609
0408020610051202609
0408020610059202609
0408020628001202609
0408020628004202609
0408020628049202609
0408020628051202609
0408020636001202609
0408020636004202609
0408020636049202609
0408020636051202609
0408020636059202609
0408020644001202609
0408020644004202609
0408020644049202609
0408020644051202609
0408030011001202609
0408030011004202609
0408030011006202609
0408030011049202609
0408030011051202609
0408030020001202609
0408030020004202609
0408030020006202609
0408030020049202609
0408030020051202609
0408030038001202609
0408030038004202609
0408030038006202609
0408030038049202609
0408030038051202609
0408030046001202609
0408030046004202609
0408030046006202609
0408030046049202609
0408030046051202609
0408030054001202609
0408030054004202609
0408030054006202609
0408030054049202609
0408030054051202609
0408030062001202609
0408030062004202609
0408030062006202609
0408030062049202609
0408030062051202609
0408030070001202609
0408030070004202609
0408030070006202609
0408030070049202609
0408030070051202609
0408030089001202609
0408030089004202609
0408030089006202609
0408030089049202609
0408030089051202609
0408030097001202609
0408030097004202609
0408030097006202609
0408030097049202609
0408030097051202609
0408030100001202609
0408030100004202609
0408030100006202609
0408030100049202609
0408030100051202609
0408030119001202609
0408030119004202609
0408030119006202609
0408030119049202609
0408030119051202609
0408030127001202609
0408030127004202609
0408030127006202609
0408030127049202609
0408030127051202609
0408030135001202609
0408030135004202609
0408030135006202609
0408030135049202609
0408030135051202609
0408030143001202609
0408030143004202609
0408030143006202609
0408030143049202609
0408030143051202609
0408030151001202609
0408030151004202609
0408030151006202609
0408030151049202609
0408030151051202609
0408030160001202609
0408030160004202609
0408030160006202609
0408030160049202609
0408030160051202609
0408030178001202609
0408030178004202609
0408030178006202609
0408030178049202609
0408030178051202609
0408030186001202609
0408030186004202609
0408030186006202609
0408030186049202609
0408030186051202609
0408030194001202609
0408030194004202609
0408030194006202609
0408030194049202609
0408030194051202609
0408030208001202609
0408030208004202609
0408030208006202609
0408030208049202609
0408030208051202609
0408030216001202609
0408030216004202609
0408030216006202609
0408030216049202609
0408030216051202609
0408030224001202609
0408030224004202609
0408030224006202609
0408030224049202609
0408030224051202609
0408030232001202609
0408030232004202609
0408030232006202609
0408030232049202609
0408030232051202609
0408030240001202609
0408030240004202609
0408030240006202609
0408030240049202609
0408030240051202609
0408030259001202609
0408030259004202609
0408030259006202609
0408030259049202609
0408030259051202609
0408030267001202609
0408030267004202609
0408030267006202609
0408030267049202609
0408030267051202609
0408030275001202609
0408030275004202609
0408030275006202609
0408030275049202609
0408030275051202609
0408030283001202609
0408030283004202609
0408030283006202609
0408030283049202609
0408030283051202609
0408030291001202609
0408030291004202609
0408030291006202609
0408030291049202609
0408030291051202609
0408030305001202609
0408030305004202609
0408030305006202609
0408030305049202609
0408030305051202609
0408030313001202609
0408030313004202609
0408030313006202609
0408030313049202609
0408030313051202609
0408030321001202609
0408030321004202609
0408030321006202609
0408030321049202609
0408030321051202609
0408030330001202609
0408030330004202609
0408030330006202609
0408030330049202609
0408030330051202609
0408030348001202609
0408030348004202609
0408030348049202609
0408030348051202609
0408030356001202609
0408030356004202609
0408030356006202609
0408030356049202609
0408030356051202609
0408030364001202609
0408030364004202609
0408030364006202609
0408030364049202609
0408030364051202609
0408030372001202609
0408030372004202609
0408030372006202609
0408030372049202609
0408030372051202609
0408030380001202609
0408030380004202609
0408030380006202609
0408030380049202609
0408030380051202609
0408030399001202609
0408030399004202609
0408030399049202609
0408030399051202609
0408030402001202609
0408030402004202609
0408030402049202609
0408030402051202609
0408030410001202609
0408030410004202609
0408030410006202609
0408030410049202609
0408030410051202609
0408030429001202609
0408030429004202609
0408030429006202609
0408030429049202609
0408030429051202609
0408030437001202609
0408030437004202609
0408030437049202609
0408030437051202609
0408030445001202609
0408030445004202609
0408030445049202609
0408030445051202609
0408030453001202609
0408030453004202609
0408030453006202609
0408030453049202609
0408030453051202609
0408030461001202609
0408030461004202609
0408030461006202609
0408030461049202609
0408030461051202609
0408030470001202609
0408030470004202609
0408030470049202609
0408030500001202609
0408030500004202609
0408030500006202609
0408030500049202609
0408030500051202609
0408030518001202609
0408030518004202609
0408030518006202609
0408030518049202609
0408030518051202609
0408030526001202609
0408030526004202609
0408030526049202609
0408030526051202609
0408030526059202609
0408030534001202609
0408030534004202609
0408030534049202609
0408030534051202609
0408030542001202609
0408030542004202609
0408030542049202609
0408030542051202609
0408030550001202609
0408030550004202609
0408030550006202609
0408030550049202609
0408030550051202609
0408030569001202609
0408030569004202609
0408030569006202609
0408030569049202609
0408030569051202609
0408030577001202609
0408030577004202609
0408030577006202609
0408030577049202609
0408030577051202609
0408030585001202609
0408030585004202609
0408030585006202609
0408030585049202609
0408030585051202609
0408030593001202609
0408030593004202609
0408030593006202609
0408030593049202609
0408030593051202609
0408030607001202609
0408030607004202609
0408030607049202609
0408030607051202609
0408030615001202609
0408030615004202609
0408030615006202609
0408030615049202609
0408030615051202609
0408030623001202609
0408030623004202609
0408030623006202609
0408030623049202609
0408030623051202609
0408030631001202609
0408030631004202609
0408030631006202609
0408030631049202609
0408030631051202609
0408030640001202609
0408030640004202609
0408030640006202609
0408030640049202609
0408030640051202609
0408030658001202609
0408030658004202609
0408030658006202609
0408030658049202609
0408030658051202609
0408030666001202609
0408030666004202609
0408030666006202609
0408030666049202609
0408030666051202609
0408030674001202609
0408030674004202609
0408030674006202609
0408030674049202609
0408030674051202609
0408030682001202609
0408030682004202609
0408030682006202609
0408030682049202609
0408030682051202609
0408030690001202609
0408030690004202609
0408030690006202609
0408030690049202609
0408030690051202609
0408030704001202609
0408030704004202609
0408030704006202609
0408030704049202609
0408030704051202609
0408030712001202609
0408030712004202609
0408030712006202609
0408030712049202609
0408030712051202609
0408030720001202609
0408030720004202609
0408030720006202609
0408030720049202609
0408030720051202609
0408030739001202609
0408030739004202609
0408030739006202609
0408030739049202609
0408030739051202609
0408030747001202609
0408030747004202609
0408030747006202609
0408030747049202609
0408030747051202609
0408030755001202609
0408030755004202609
0408030755049202609
0408030755051202609
0408030763001202609
0408030763004202609
0408030763006202609
0408030763049202609
0408030763051202609
0408030771001202609
0408030771004202609
0408030771006202609
0408030771049202609
0408030771051202609
0408030780001202609
0408030780004202609
0408030780006202609
0408030780049202609
0408030780051202609
0408030798001202609
0408030798004202609
0408030798006202609
0408030798049202609
0408030798051202609
0408030801001202609
0408030801004202609
0408030801006202609
0408030801049202609
0408030801051202609
0408030810001202609
0408030810004202609
0408030810006202609
0408030810049202609
0408030810051202609
0408030828001202609
0408030828004202609
0408030828006202609
0408030828049202609
0408030828051202609
0408030836001202609
0408030836004202609
0408030836006202609
0408030836049202609
0408030836051202609
0408030844001202609
0408030844004202609
0408030844006202609
0408030844049202609
0408030844051202609
0408030852001202609
0408030852004202609
0408030852006202609
0408030852049202609
0408030852051202609
0408030860001202609
0408030860004202609
0408030860006202609
0408030860049202609
0408030860051202609
0408030879001202609
0408030879004202609
0408030879006202609
0408030879049202609
0408030879051202609
0408030887001202609
0408030887004202609
0408030887006202609
0408030887049202609
0408030887051202609
0408030895001202609
0408030895004202609
0408030895006202609
0408030895049202609
0408030895051202609
0408030909001202609
0408030909004202609
0408030909006202609
0408030909049202609
0408030909051202609
0408030917001202609
0408030917004202609
0408030917006202609
0408030917049202609
0408030917051202609
0408040017001202609
0408040017004202609
0408040017049202609
0408040017051202609
0408040025001202609
0408040025004202609
0408040025049202609
0408040025051202609
0408040033001202609
0408040033004202609
0408040033049202609
0408040033051202609
0408040041001202609
0408040041004202609
0408040041006202609
0408040041049202609
0408040041051202609
0408040050001202609
0408040050004202609
0408040050049202609
0408040050051202609
0408040068001202609
0408040068004202609
0408040068006202609
0408040068049202609
0408040068051202609
0408040076001202609
0408040076004202609
0408040076006202609
0408040076049202609
0408040076051202609
0408040084001202609
0408040084004202609
0408040084049202609
0408040084051202609
0408040092001202609
0408040092004202609
0408040092006202609
0408040092049202609
0408040092051202609
0408040106001202609
0408040106004202609
0408040106049202609
0408040114001202609
0408040114004202609
0408040114006202609
0408040114049202609
0408040122001202609
0408040122004202609
0408040122049202609
0408040122051202609
0408040122059202609
0408040130001202609
0408040130004202609
0408040130049202609
0408040130051202609
0408040130059202609
0408040149001202609
0408040149004202609
0408040149049202609
0408040149051202609
0408040157001202609
0408040157004202609
0408040157006202609
0408040157049202609
0408040157051202609
0408040165001202609
0408040165004202609
0408040165049202609
0408040165051202609
0408040173001202609
0408040173004202609
0408040173049202609
0408040173051202609
0408040181001202609
0408040181004202609
0408040181049202609
0408040181051202609
0408040181059202609
0408040190001202609
0408040190004202609
0408040190049202609
0408040203001202609
0408040203004202609
0408040203049202609
0408040220001202609
0408040220006202609
0408040220049202609
0408040220051202609
0408040238001202609
0408040238004202609
0408040238049202609
0408040246001202609
0408040246004202609
0408040246049202609
0408040254001202609
0408040254004202609
0408040254006202609
0408040254049202609
0408040262001202609
0408040262004202609
0408040262049202609
0408040262051202609
0408040270001202609
0408040270004202609
0408040270049202609
0408040289001202609
0408040289004202609
0408040289006202609
0408040289049202609
0408040297001202609
0408040297004202609
0408040297049202609
0408040300001202609
0408040300004202609
0408040300049202609
0408040319001202609
0408040319004202609
0408040319006202609
0408040319049202609
0408040327001202609
0408040327004202609
0408040327049202609
0408040327051202609
0408040335001202609
0408040335004202609
0408040335049202609
0408040343001202609
0408040343004202609
0408040343049202609
0408050012001202609
0408050012004202609
0408050012049202609
0408050020001202609
0408050020004202609
0408050020049202609
0408050039001202609
0408050039004202609
0408050039049202609
0408050039051202609
0408050047001202609
0408050047004202609
0408050047006202609
0408050047049202609
0408050047051202609
0408050055001202609
0408050055004202609
0408050055006202609
0408050055049202609
0408050055051202609
0408050063001202609
0408050063004202609
0408050063006202609
0408050063049202609
0408050063051202609
0408050071001202609
0408050071004202609
0408050071006202609
0408050071049202609
0408050071051202609
0408050080001202609
0408050080004202609
0408050080049202609
0408050101001202609
0408050101004202609
0408050101049202609
0408050101051202609
0408050101059202609
0408050110001202609
0408050110004202609
0408050110049202609
0408050110051202609
0408050128001202609
0408050128004202609
0408050128049202609
0408050128051202609
0408050128059202609
0408050136001202609
0408050136004202609
0408050136049202609
0408050136051202609
0408050144001202609
0408050144004202609
0408050144049202609
0408050144051202609
0408050144059202609
0408050152001202609
0408050152004202609
0408050152049202609
0408050152051202609
0408050152059202609
0408050160001202609
0408050160004202609
0408050160049202609
0408050160051202609
0408050179001202609
0408050179004202609
0408050179049202609
0408050179051202609
0408050195004202609
0408050209004202609
0408050217004202609
0408050225004202609
0408050233004202609
0408050241004202609
0408050250004202609
0408050268001202609
0408050268004202609
0408050268049202609
0408050276001202609
0408050276004202609
0408050276049202609
0408050284001202609
0408050284004202609
0408050284049202609
0408050292001202609
0408050292004202609
0408050292049202609
0408050306001202609
0408050306004202609
0408050306049202609
0408050314001202609
0408050314004202609
0408050314049202609
0408050322001202609
0408050322004202609
0408050322049202609
0408050322051202609
0408050322059202609
0408050330001202609
0408050330004202609
0408050330049202609
0408050330051202609
0408050330052202609
0408050330059202609
0408050349001202609
0408050349004202609
0408050349049202609
0408050349051202609
0408050349059202609
0408050357001202609
0408050357004202609
0408050357049202609
0408050357051202609
0408050357059202609
0408050365001202609
0408050365004202609
0408050365049202609
0408050365051202609
0408050365059202609
0408050373001202609
0408050373004202609
0408050373049202609
0408050373051202609
0408050373059202609
0408050381001202609
0408050381004202609
0408050381049202609
0408050381051202609
0408050390001202609
0408050390004202609
0408050390049202609
0408050390051202609
0408050390059202609
0408050403001202609
0408050403004202609
0408050403049202609
0408050403051202609
0408050411001202609
0408050411004202609
0408050411049202609
0408050411051202609
0408050420001202609
0408050420004202609
0408050420049202609
0408050420051202609
0408050438001202609
0408050438004202609
0408050438049202609
0408050438051202609
0408050446001202609
0408050446004202609
0408050446049202609
0408050446051202609
0408050446059202609
0408050454001202609
0408050454004202609
0408050454049202609
0408050462001202609
0408050462004202609
0408050462049202609
0408050470001202609
0408050470004202609
0408050470049202609
0408050489001202609
0408050489004202609
0408050489049202609
0408050497001202609
0408050497004202609
0408050497049202609
0408050500001202609
0408050500004202609
0408050500049202609
0408050519001202609
0408050519004202609
0408050519049202609
0408050527001202609
0408050527004202609
0408050527049202609
0408050535001202609
0408050535004202609
0408050535049202609
0408050543001202609
0408050543004202609
0408050543049202609
0408050551001202609
0408050551004202609
0408050551049202609
0408050560001202609
0408050560004202609
0408050560049202609
0408050578001202609
0408050578004202609
0408050578049202609
0408050586001202609
0408050586004202609
0408050586049202609
0408050594001202609
0408050594004202609
0408050594049202609
0408050608001202609
0408050608004202609
0408050608049202609
0408050616001202609
0408050616004202609
0408050616049202609
0408050624001202609
0408050624004202609
0408050624049202609
0408050632001202609
0408050632004202609
0408050632049202609
0408050640001202609
0408050640004202609
0408050640049202609
0408050640051202609
0408050640059202609
0408050659001202609
0408050659004202609
0408050659049202609
0408050659051202609
0408050659059202609
0408050667001202609
0408050667004202609
0408050667049202609
0408050667051202609
0408050675001202609
0408050675004202609
0408050675049202609
0408050675051202609
0408050683001202609
0408050683004202609
0408050683049202609
0408050691001202609
0408050691004202609
0408050691049202609
0408050705001202609
0408050705004202609
0408050705049202609
0408050713001202609
0408050713004202609
0408050713049202609
0408050721001202609
0408050721004202609
0408050721049202609
0408050721051202609
0408050730001202609
0408050730004202609
0408050730049202609
0408050730051202609
0408050748001202609
0408050748004202609
0408050748049202609
0408050748051202609
0408050756001202609
0408050756004202609
0408050756006202609
0408050756049202609
0408050756051202609
0408050764001202609
0408050764004202609
0408050764049202609
0408050764051202609
0408050764059202609
0408050772001202609
0408050772004202609
0408050772049202609
0408050772051202609
0408050780001202609
0408050780004202609
0408050780049202609
0408050780051202609
0408050780059202609
0408050799001202609
0408050799004202609
0408050799049202609
0408050799051202609
0408050802001202609
0408050802004202609
0408050802049202609
0408050802051202609
0408050810001202609
0408050810004202609
0408050810049202609
0408050810051202609
0408050829001202609
0408050829004202609
0408050829049202609
0408050829051202609
0408050829059202609
0408050837001202609
0408050837004202609
0408050837049202609
0408050837051202609
0408050845001202609
0408050845004202609
0408050845049202609
0408050845051202609
0408050845059202609
0408050853001202609
0408050853004202609
0408050853006202609
0408050853049202609
0408050853051202609
0408050861001202609
0408050861004202609
0408050861049202609
0408050861051202609
0408050861059202609
0408050870001202609
0408050870004202609
0408050870049202609
0408050870051202609
0408050888001202609
0408050888004202609
0408050888049202609
0408050888051202609
0408050888059202609
0408050896001202609
0408050896004202609
0408050896049202609
0408050896051202609
0408050900001202609
0408050900004202609
0408050900049202609
0408050900051202609
0408050900059202609
0408050918001202609
0408050918004202609
0408050918049202609
0408050918051202609
0408050918059202609
0408050926001202609
0408050926004202609
0408050926049202609
0408050926051202609
0408050926059202609
0408060018001202609
0408060018004202609
0408060018049202609
0408060018051202609
0408060018059202609
0408060026001202609
0408060026004202609
0408060026006202609
0408060026049202609
0408060026051202609
0408060034001202609
0408060034004202609
0408060034006202609
0408060034049202609
0408060034051202609
0408060042001202609
0408060042004202609
0408060042049202609
0408060050001202609
0408060050004202609
0408060050049202609
0408060050051202609
0408060069001202609
0408060069004202609
0408060069049202609
0408060069051202609
0408060077001202609
0408060077004202609
0408060077049202609
0408060077051202609
0408060077059202609
0408060085001202609
0408060085004202609
0408060085049202609
0408060085051202609
0408060085052202609
0408060085059202609
0408060093001202609
0408060093004202609
0408060093049202609
0408060093051202609
0408060107001202609
0408060107004202609
0408060107049202609
0408060107051202609
0408060115001202609
0408060115004202609
0408060115049202609
0408060115051202609
0408060123001202609
0408060123004202609
0408060123049202609
0408060123051202609
0408060123059202609
0408060131001202609
0408060131004202609
0408060131049202609
0408060131051202609
0408060140001202609
0408060140004202609
0408060140049202609
0408060140051202609
0408060140059202609
0408060158001202609
0408060158004202609
0408060158049202609
0408060158051202609
0408060158059202609
0408060166001202609
0408060166049202609
0408060166051202609
0408060166059202609
0408060174001202609
0408060174004202609
0408060174049202609
0408060174051202609
0408060174059202609
0408060182001202609
0408060182004202609
0408060182049202609
0408060182051202609
0408060182059202609
0408060190001202609
0408060190004202609
0408060190049202609
0408060190051202609
0408060190059202609
0408060204001202609
0408060204004202609
0408060204049202609
0408060204051202609
0408060204059202609
0408060212001202609
0408060212004202609
0408060212049202609
0408060212051202609
0408060212052202609
0408060212059202609
0408060239001202609
0408060239004202609
0408060239006202609
0408060239049202609
0408060239051202609
0408060247001202609
0408060247004202609
0408060247049202609
0408060247051202609
0408060255001202609
0408060255004202609
0408060255006202609
0408060255049202609
0408060255051202609
0408060263001202609
0408060263004202609
0408060263006202609
0408060263049202609
0408060263051202609
0408060271001202609
0408060271004202609
0408060271049202609
0408060271051202609
0408060280001202609
0408060280004202609
0408060280049202609
0408060280051202609
0408060298001202609
0408060298004202609
0408060298006202609
0408060298049202609
0408060298051202609
0408060301001202609
0408060301004202609
0408060301049202609
0408060301051202609
0408060301052202609
0408060301059202609
0408060310001202609
0408060310004202609
0408060310049202609
0408060310051202609
0408060310059202609
0408060328001202609
0408060328049202609
0408060328051202609
0408060328059202609
0408060336001202609
0408060336004202609
0408060336049202609
0408060336051202609
0408060336059202609
0408060344001202609
0408060344004202609
0408060344049202609
0408060344051202609
0408060344059202609
0408060352001202609
0408060352004202609
0408060352049202609
0408060352051202609
0408060352059202609
0408060360001202609
0408060360004202609
0408060360049202609
0408060360051202609
0408060379001202609
0408060379004202609
0408060379049202609
0408060379051202609
0408060379059202609
0408060387001202609
0408060387004202609
0408060387049202609
0408060387051202609
0408060395001202609
0408060395049202609
0408060395051202609
0408060409001202609
0408060409004202609
0408060409049202609
0408060409051202609
0408060409052202609
0408060409059202609
0408060417001202609
0408060417004202609
0408060417049202609
0408060417051202609
0408060417059202609
0408060425001202609
0408060425004202609
0408060425049202609
0408060425051202609
0408060425052202609
0408060425059202609
0408060433001202609
0408060433004202609
0408060433049202609
0408060433051202609
0408060433059202609
0408060441001202609
0408060441004202609
0408060441049202609
0408060441051202609
0408060441059202609
0408060450001202609
0408060450004202609
0408060450049202609
0408060450051202609
0408060450052202609
0408060450059202609
0408060468001202609
0408060468004202609
0408060468049202609
0408060468051202609
0408060468059202609
0408060476001202609
0408060476004202609
0408060476049202609
0408060476051202609
0408060476059202609
0408060484001202609
0408060484004202609
0408060484049202609
0408060484051202609
0408060484059202609
0408060492001202609
0408060492004202609
0408060492006202609
0408060492049202609
0408060492051202609
0408060506001202609
0408060506004202609
0408060506006202609
0408060506049202609
0408060506051202609
0408060514001202609
0408060514004202609
0408060514006202609
0408060514049202609
0408060514051202609
0408060522001202609
0408060522004202609
0408060522006202609
0408060522049202609
0408060522051202609
0408060530001202609
0408060530004202609
0408060530049202609
0408060530051202609
0408060549001202609
0408060549049202609
0408060549051202609
0408060549059202609
0408060557001202609
0408060557004202609
0408060557049202609
0408060565001202609
0408060565004202609
0408060565049202609
0408060573001202609
0408060573004202609
0408060573049202609
0408060573051202609
0408060573059202609
0408060581001202609
0408060581004202609
0408060581049202609
0408060581051202609
0408060581059202609
0408060590001202609
0408060590004202609
0408060590049202609
0408060590051202609
0408060590059202609
0408060603001202609
0408060603004202609
0408060603049202609
0408060603051202609
0408060603059202609
0408060611001202609
0408060611004202609
0408060611049202609
0408060620001202609
0408060620004202609
0408060620049202609
0408060638001202609
0408060638004202609
0408060638049202609
0408060646001202609
0408060646004202609
0408060646006202609
0408060646049202609
0408060646051202609
0408060662001202609
0408060662004202609
0408060662049202609
0408060662051202609
0408060670001202609
0408060670004202609
0408060670049202609
0408060670051202609
0408060670059202609
0408060697001202609
0408060697004202609
0408060697049202609
0408060697051202609
0408060700001202609
0408060700004202609
0408060700049202609
0408060700051202609
0408060700059202609
0409010014001202609
0409010014004202609
0409010014049202609
0409010014051202609
0409010022001202609
0409010022004202609
0409010022049202609
0409010022051202609
0409010030001202609
0409010030004202609
0409010030049202609
0409010030051202609
0409010049001202609
0409010049004202609
0409010049049202609
0409010049051202609
0409010057001202609
0409010057004202609
0409010057049202609
0409010057051202609
0409010057059202609
0409010065001202609
0409010065004202609
0409010065049202609
0409010065051202609
0409010065059202609
0409010073001202609
0409010073004202609
0409010073049202609
0409010073051202609
0409010073059202609
0409010081001202609
0409010081004202609
0409010081049202609
0409010090001202609
0409010090004202609
0409010090049202609
0409010090051202609
0409010090059202609
0409010103001202609
0409010103009202609
0409010111001202609
0409010111009202609
0409010120001202609
0409010120004202609
0409010120049202609
0409010120051202609
0409010120059202609
0409010138001202609
0409010138004202609
0409010138049202609
0409010146001202609
0409010146004202609
0409010146049202609
0409010146051202609
0409010146059202609
0409010154001202609
0409010162001202609
0409010170001202609
0409010170004202609
0409010170017202609
0409010170049202609
0409010170051202609
0409010170052202609
0409010170059202609
0409010189001202609
0409010189004202609
0409010189049202609
0409010189051202609
0409010197001202609
0409010197004202609
0409010197049202609
0409010197051202609
0409010200001202609
0409010200004202609
0409010200049202609
0409010200051202609
0409010219001202609
0409010219004202609
0409010219049202609
0409010219051202609
0409010227001202609
0409010227004202609
0409010227049202609
0409010227051202609
0409010235001202609
0409010235004202609
0409010235049202609
0409010235051202609
0409010243001202609
0409010243004202609
0409010243049202609
0409010243051202609
0409010243059202609
0409010251001202609
0409010251004202609
0409010251049202609
0409010251051202609
0409010251059202609
0409010260001202609
0409010260004202609
0409010260049202609
0409010278001202609
0409010286001202609
0409010286004202609
0409010286049202609
0409010286051202609
0409010286059202609
0409010294001202609
0409010294004202609
0409010294049202609
0409010294051202609
0409010294052202609
0409010294059202609
0409010308001202609
0409010308004202609
0409010308049202609
0409010308051202609
0409010316001202609
0409010316004202609
0409010316049202609
0409010316051202609
0409010316059202609
0409010324001202609
0409010324004202609
0409010324049202609
0409010324051202609
0409010332001202609
0409010332004202609
0409010332049202609
0409010332051202609
0409010332059202609
0409010340001202609
0409010340004202609
0409010340049202609
0409010340051202609
0409010340059202609
0409010367001202609
0409010367004202609
0409010367049202609
0409010367051202609
0409010367059202609
0409010375001202609
0409010375004202609
0409010375049202609
0409010375051202609
0409010375059202609
0409010383001202609
0409010383004202609
0409010383049202609
0409010383051202609
0409010383052202609
0409010391001202609
0409010391004202609
0409010391049202609
0409010391051202609
0409010391059202609
0409010405001202609
0409010405004202609
0409010405049202609
0409010405051202609
0409010413001202609
0409010413004202609
0409010413049202609
0409010413051202609
0409010421001202609
0409010421009202609
0409010430001202609
0409010430004202609
0409010430049202609
0409010430051202609
0409010448001202609
0409010456001202609
0409010456004202609
0409010456049202609
0409010456051202609
0409010464001202609
0409010464004202609
0409010464049202609
0409010464051202609
0409010472001202609
0409010472004202609
0409010472049202609
0409010472051202609
0409010480001202609
0409010480004202609
0409010480049202609
0409010480051202609
0409010480059202609
0409010499001202609
0409010499004202609
0409010499049202609
0409010499051202609
0409010502001202609
0409010502004202609
0409010502049202609
0409010502051202609
0409010510001202609
0409010510004202609
0409010510049202609
0409010510051202609
0409010510059202609
0409010529001202609
0409010529004202609
0409010529049202609
0409010529051202609
0409010537001202609
0409010537004202609
0409010537049202609
0409010537051202609
0409010545001202609
0409010545004202609
0409010545049202609
0409010545051202609
0409010553001202609
0409010553004202609
0409010553049202609
0409010553051202609
0409010561001202609
0409010561004202609
0409010561049202609
0409010561051202609
0409010561059202609
0409010570001202609
0409010570004202609
0409010570049202609
0409010570051202609
0409010570059202609
0409010588001202609
0409010588004202609
0409010588049202609
0409010588051202609
0409010588059202609
0409010596001202609
0409010596004202609
0409010596049202609
0409010596051202609
0409020010001202609
0409020010004202609
0409020010049202609
0409020028001202609
0409020028004202609
0409020028049202609
0409020044001202609
0409020044004202609
0409020044049202609
0409020044051202609
0409020052001202609
0409020052004202609
0409020052049202609
0409020052051202609
0409020052059202609
0409020060001202609
0409020079001202609
0409020079004202609
0409020079049202609
0409020079051202609
0409020079052202609
0409020079059202609
0409020087001202609
0409020087004202609
0409020087049202609
0409020087051202609
0409020087059202609
0409020095001202609
0409020095004202609
0409020095049202609
0409020095051202609
0409020095059202609
0409020109001202609
0409020109004202609
0409020109049202609
0409020109051202609
0409020117001202609
0409020125001202609
0409020125004202609
0409020125049202609
0409020125051202609
0409020133001202609
0409020133004202609
0409020133049202609
0409020133051202609
0409020133059202609
0409020141001202609
0409020141004202609
0409020141049202609
0409020141051202609
0409020141059202609
0409020150001202609
0409020150004202609
0409020150049202609
0409020168001202609
0409020168004202609
0409020168049202609
0409020168051202609
0409020168059202609
0409020176001202609
0409020176049202609
0409020176051202609
0409020176052202609
0409020184001202609
0409030015001202609
0409030015004202609
0409030015049202609
0409030023001202609
0409030023004202609
0409030023049202609
0409030023051202609
0409030031001202609
0409030031004202609
0409030031049202609
0409030031051202609
0409030040001202609
0409030040004202609
0409030040049202609
0409030040051202609
0409030058001202609
0409030058004202609
0409030058006202609
0409030058009202609
0409030058049202609
0409040010001202609
0409040010004202609
0409040010049202609
0409040037001202609
0409040037004202609
0409040037049202609
0409040037051202609
0409040037059202609
0409040045001202609
0409040045004202609
0409040045049202609
0409040045051202609
0409040045059202609
0409040053001202609
0409040053004202609
0409040053049202609
0409040053051202609
0409040053059202609
0409040070001202609
0409040070004202609
0409040070049202609
0409040070051202609
0409040070052202609
0409040070059202609
0409040088001202609
0409040088004202609
0409040088049202609
0409040088051202609
0409040088052202609
0409040088059202609
0409040096001202609
0409040096004202609
0409040096049202609
0409040096051202609
0409040096059202609
0409040100001202609
0409040118001202609
0409040118004202609
0409040118049202609
0409040118051202609
0409040118059202609
0409040126001202609
0409040126004202609
0409040126049202609
0409040126051202609
0409040126059202609
0409040134001202609
0409040134004202609
0409040134049202609
0409040134051202609
0409040134059202609
0409040142001202609
0409040142004202609
0409040142049202609
0409040142051202609
0409040142052202609
0409040142059202609
0409040150001202609
0409040150004202609
0409040150049202609
0409040150051202609
0409040150059202609
0409040169001202609
0409040169004202609
0409040169049202609
0409040169051202609
0409040169052202609
0409040169059202609
0409040177001202609
0409040177004202609
0409040177049202609
0409040177051202609
0409040185001202609
0409040185004202609
0409040185049202609
0409040185051202609
0409040185059202609
0409040193001202609
0409040193004202609
0409040193049202609
0409040193051202609
0409040193059202609
0409040207001202609
0409040207004202609
0409040207049202609
0409040207051202609
0409040215001202609
0409040215004202609
0409040215049202609
0409040215051202609
0409040215052202609
0409040215059202609
0409040223001202609
0409040223004202609
0409040223049202609
0409040231001202609
0409040231004202609
0409040231049202609
0409040231051202609
0409040231059202609
0409040240004202609
0409040240049202609
0409040240051202609
0409040240052202609
0409040240059202609
0409050016001202609
0409050016004202609
0409050016049202609
0409050016051202609
0409050024001202609
0409050024004202609
0409050024049202609
0409050024051202609
0409050032001202609
0409050032004202609
0409050032049202609
0409050032051202609
0409050040001202609
0409050040004202609
0409050040049202609
0409050040051202609
0409050059001202609
0409050067001202609
0409050075001202609
0409050075004202609
0409050075049202609
0409050075051202609
0409050083001202609
0409050083004202609
0409050083049202609
0409050083052202609
0409050083059202609
0409050091001202609
0409050091004202609
0409050091049202609
0409050091051202609
0409050105001202609
0409050105004202609
0409050105049202609
0409050105051202609
0409050113001202609
0409050113004202609
0409050113049202609
0409050130001202609
0409050130004202609
0409050130049202609
0409050130051202609
0409050148001202609
0409050148004202609
0409050148049202609
0409050148051202609
0409050164001202609
0409050164004202609
0409060011001202609
0409060011004202609
0409060011042202609
0409060011049202609
0409060011051202609
0409060011052202609
0409060011059202609
0409060020001202609
0409060020004202609
0409060020049202609
0409060020051202609
0409060020059202609
0409060038001202609
0409060038004202609
0409060038049202609
0409060038051202609
0409060038059202609
0409060046001202609
0409060046004202609
0409060046049202609
0409060046051202609
0409060046052202609
0409060046059202609
0409060054001202609
0409060054004202609
0409060054049202609
0409060054051202609
0409060054059202609
0409060062001202609
0409060070001202609
0409060070042202609
0409060070049202609
0409060089001202609
0409060089053202609
0409060089058202609
0409060089060202609
0409060097001202609
0409060100001202609
0409060100004202609
0409060100049202609
0409060100051202609
0409060100059202609
0409060119001202609
0409060119004202609
0409060119049202609
0409060119051202609
0409060119059202609
0409060127001202609
0409060127004202609
0409060127049202609
0409060127051202609
0409060127059202609
0409060135001202609
0409060135004202609
0409060135049202609
0409060135051202609
0409060135059202609
0409060143001202609
0409060143004202609
0409060143049202609
0409060143051202609
0409060143059202609
0409060151001202609
0409060151004202609
0409060151049202609
0409060151051202609
0409060151059202609
0409060160001202609
0409060160004202609
0409060160049202609
0409060178001202609
0409060178004202609
0409060178049202609
0409060178051202609
0409060178052202609
0409060178059202609
0409060186001202609
0409060186004202609
0409060186049202609
0409060186051202609
0409060186059202609
0409060194001202609
0409060194004202609
0409060194049202609
0409060194051202609
0409060194059202609
0409060208001202609
0409060208004202609
0409060208049202609
0409060208051202609
0409060216001202609
0409060216004202609
0409060216049202609
0409060216051202609
0409060216059202609
0409060224001202609
0409060224004202609
0409060224049202609
0409060224051202609
0409060232001202609
0409060232049202609
0409060232051202609
0409060240001202609
0409060240049202609
0409060240051202609
0409060259001202609
0409060259004202609
0409060259049202609
0409060259051202609
0409060267001202609
0409060267049202609
0409060267051202609
0409060275001202609
0409060275049202609
0409060275051202609
0409060283001202609
0409060283004202609
0409060283049202609
0409060283051202609
0409060291001202609
0409060291004202609
0409060291049202609
0409060291051202609
0409060305001202609
0409060305053202609
0409060305058202609
0409060305060202609
0409060313001202609
0409060313004202609
0409060313049202609
0409070017001202609
0409070017004202609
0409070017049202609
0409070017051202609
0409070017059202609
0409070025001202609
0409070025004202609
0409070025049202609
0409070025051202609
0409070033001202609
0409070033004202609
0409070033049202609
0409070033051202609
0409070033059202609
0409070041001202609
0409070041004202609
0409070041049202609
0409070041051202609
0409070041059202609
0409070050001202609
0409070050004202609
0409070050049202609
0409070050051202609
0409070050059202609
0409070068001202609
0409070068004202609
0409070068049202609
0409070068051202609
0409070068059202609
0409070076001202609
0409070076004202609
0409070076049202609
0409070076051202609
0409070076059202609
0409070084001202609
0409070084004202609
0409070084049202609
0409070084051202609
0409070084059202609
0409070092001202609
0409070092049202609
0409070106001202609
0409070106004202609
0409070106049202609
0409070106051202609
0409070106059202609
0409070114001202609
0409070114004202609
0409070114049202609
0409070114051202609
0409070130001202609
0409070130049202609
0409070130051202609
0409070130059202609
0409070149001202609
0409070149049202609
0409070149051202609
0409070149052202609
0409070149059202609
0409070149060202609
0409070157001202609
0409070157049202609
0409070157051202609
0409070157052202609
0409070157059202609
0409070157060202609
0409070173001202609
0409070190001202609
0409070190049202609
0409070190051202609
0409070190059202609
0409070190060202609
0409070203001202609
0409070203004202609
0409070203049202609
0409070203051202609
0409070211001202609
0409070211004202609
0409070211049202609
0409070211051202609
0409070220001202609
0409070220049202609
0409070220051202609
0409070220059202609
0409070238001202609
0409070238004202609
0409070238049202609
0409070238051202609
0409070246001202609
0409070246004202609
0409070246049202609
0409070246051202609
0409070254001202609
0409070254004202609
0409070254049202609
0409070254051202609
0409070262001202609
0409070262004202609
0409070262049202609
0409070262051202609
0409070262059202609
0409070270001202609
0409070270004202609
0409070270049202609
0409070270051202609
0409070289001202609
0409070289004202609
0409070289049202609
0409070289051202609
0409070289059202609
0409070297001202609
0409070297004202609
0409070297049202609
0409070297051202609
0409070300001202609
0409070300004202609
0409070300049202609
0409070300051202609
0409070319001202609
0409070319004202609
0409070319051202609
0410010014001202609
0410010014004202609
0410010014049202609
0410010057001202609
0410010057004202609
0410010057049202609
0410010057051202609
0410010065001202609
0410010065004202609
0410010065049202609
0410010065051202609
0410010065059202609
0410010073001202609
0410010073004202609
0410010073049202609
0410010073051202609
0410010081001202609
0410010081004202609
0410010081049202609
0410010081051202609
0410010081059202609
0410010090001202609
0410010090004202609
0410010090049202609
0410010090051202609
0410010111004202609
0410010111049202609
0410010111051202609
0410010111059202609
0410010120001202609
0410010120004202609
0410010120049202609
0410010120051202609
0410010120059202609
0410010138001202609
0410010138004202609
0410010138009202609
0410010138049202609
0410010146001202609
0410010146004202609
0410010146009202609
0410010146049202609
0410010154001202609
0410010154004202609
0410010154009202609
0410010154049202609
0410010162001202609
0410010162004202609
0410010162009202609
0410010162049202609
0410010197001202609
0410010197004202609
0410010197049202609
0410010197051202609
0410010200001202609
0410010200004202609
0410010200049202609
0410010200051202609
0410010219001202609
0410010219006202609
0410010219009202609
0410010219049202609
0411010018001202609
0411010018042202609
0411010018049202609
0411010026004202609
0411010026042202609
0411010026049202609
0411010034004202609
0411010034042202609
0411010034049202609
0411010042004202609
0411010042049202609
0411010050001202609
0411010050004202609
0411010050042202609
0411010050049202609
0411010077001202609
0411010077004202609
0411010077042202609
0411010077049202609
0411010085001202609
0411010085004202609
0411010085042202609
0411010085049202609
0411020013001202609
0411020013004202609
0411020013042202609
0411020013049202609
0411020021001202609
0411020021004202609
0411020021042202609
0411020021049202609
0411020030001202609
0411020030004202609
0411020030042202609
0411020030049202609
0411020048001202609
0411020048004202609
0411020048042202609
0411020048049202609
0412010011001202609
0412010011004202609
0412010011049202609
0412010011051202609
0412010020001202609
0412010020004202609
0412010020049202609
0412010020051202609
0412010038001202609
0412010038004202609
0412010038049202609
0412010038051202609
0412010046001202609
0412010046004202609
0412010046049202609
0412010046051202609
0412010070001202609
0412010070004202609
0412010070049202609
0412010070051202609
0412010089001202609
0412010089004202609
0412010089049202609
0412010089051202609
0412010097001202609
0412010097004202609
0412010097049202609
0412010097051202609
0412010100001202609
0412010100004202609
0412010100049202609
0412010100051202609
0412010119001202609
0412010119004202609
0412010119049202609
0412010119051202609
0412010119059202609
0412010127001202609
0412010127049202609
0412010135001202609
0412010135004202609
0412010135049202609
0412010135051202609
0412010143001202609
0412010143004202609
0412010143049202609
0412010143051202609
0412020017001202609
0412020017004202609
0412020017049202609
0412020017051202609
0412020025001202609
0412020025004202609
0412020025049202609
0412020025051202609
0412020033001202609
0412020033004202609
0412020033049202609
0412020050001202609
0412020050004202609
0412020050049202609
0412020050051202609
0412020068001202609
0412020068004202609
0412020068049202609
0412020068051202609
0412020076001202609
0412020076004202609
0412020076049202609
0412020076051202609
0412020084001202609
0412020084004202609
0412020084049202609
0412030012001202609
0412030012004202609
0412030012049202609
0412030012051202609
0412030047001202609
0412030047004202609
0412030047049202609
0412030047051202609
0412030047059202609
0412030080001202609
0412030080004202609
0412030080049202609
0412030080051202609
0412030098001202609
0412030098004202609
0412030098049202609
0412030101001202609
0412030101004202609
0412030101049202609
0412030110001202609
0412030110004202609
0412030110049202609
0412030110051202609
0412040018001202609
0412040018004202609
0412040018049202609
0412040018051202609
0412040018059202609
0412040026001202609
0412040026004202609
0412040026049202609
0412040026051202609
0412040034001202609
0412040034004202609
0412040034049202609
0412040034051202609
0412040042001202609
0412040042004202609
0412040042049202609
0412040042051202609
0412040050001202609
0412040050004202609
0412040050049202609
0412040050051202609
0412040069001202609
0412040069004202609
0412040069049202609
0412040069051202609
0412040085001202609
0412040085004202609
0412040085049202609
0412040107001202609
0412040107004202609
0412040107049202609
0412040107051202609
0412040115001202609
0412040115004202609
0412040115049202609
0412040115051202609
0412040123001202609
0412040123004202609
0412040123049202609
0412040123051202609
0412040131001202609
0412040131004202609
0412040131049202609
0412040131051202609
0412040158001202609
0412040158004202609
0412040158049202609
0412040158051202609
0412040166004202609
0412040166049202609
0412040174001202609
0412040174004202609
0412040174006202609
0412040174049202609
0412040174051202609
0412040182001202609
0412040182004202609
0412040182049202609
0412040182051202609
0412040190001202609
0412040190004202609
0412040190049202609
0412040204001202609
0412040204004202609
0412040204049202609
0412040212001202609
0412040212004202609
0412040212049202609
0412040212051202609
0412040220001202609
0412040220004202609
0412040220049202609
0412040220051202609
0412050013001202609
0412050013004202609
0412050013049202609
0412050013051202609
0412050030001202609
0412050030004202609
0412050030049202609
0412050030051202609
0412050048001202609
0412050048004202609
0412050048049202609
0412050048051202609
0412050064001202609
0412050064004202609
0412050064049202609
0412050064051202609
0412050072001202609
0412050072004202609
0412050072049202609
0412050072051202609
0412050080001202609
0412050080004202609
0412050080049202609
0412050102001202609
0412050102004202609
0412050102049202609
0412050102051202609
0412050110001202609
0412050110004202609
0412050110049202609
0412050110051202609
0412050137001202609
0412050137004202609
0412050137049202609
0412050137051202609
0412050145001202609
0412050145004202609
0412050145049202609
0412050145051202609
0412050153001202609
0412050153004202609
0412050153049202609
0412050153051202609
0412050161001202609
0412050161004202609
0412050161049202609
0412050161051202609
0413010023009202609
0413010066004202609
0413010066049202609
0413010082004202609
0413010082049202609
0413010090001202609
0413010090004202609
0413010090049202609
0413030016001202609
0413030016004202609
0413030016049202609
0413030016051202609
0413030024001202609
0413030024004202609
0413030024049202609
0413030024051202609
0413030032001202609
0413030032004202609
0413030032049202609
0413030032051202609
0413030040001202609
0413030040009202609
0413030040052202609
0413030059001202609
0413030059004202609
0413030059049202609
0413030059051202609
0413030067001202609
0413030067004202609
0413030067049202609
0413030067051202609
0413030075001202609
0413030075004202609
0413030075049202609
0413030075051202609
0413030083001202609
0413030083004202609
0413030083049202609
0413030083051202609
0413040020001202609
0413040020004202609
0413040020049202609
0413040020051202609
0413040038001202609
0413040038004202609
0413040038049202609
0413040038051202609
0413040046001202609
0413040046004202609
0413040046049202609
0413040046051202609
0413040054001202609
0413040054004202609
0413040054049202609
0413040054051202609
0413040062001202609
0413040062004202609
0413040062049202609
0413040062051202609
0413040070001202609
0413040070004202609
0413040070049202609
0413040070051202609
0413040089001202609
0413040089004202609
0413040089049202609
0413040089051202609
0413040097001202609
0413040097004202609
0413040097049202609
0413040097051202609
0413040097059202609
0413040100001202609
0413040100004202609
0413040100049202609
0413040100051202609
0413040100059202609
0413040119001202609
0413040119004202609
0413040119049202609
0413040119051202609
0413040119059202609
0413040127001202609
0413040127004202609
0413040127049202609
0413040127051202609
0413040127059202609
0413040135001202609
0413040135004202609
0413040135049202609
0413040135051202609
0413040135059202609
0413040143001202609
0413040143004202609
0413040143049202609
0413040143051202609
0413040151001202609
0413040151004202609
0413040151049202609
0413040151051202609
0413040151059202609
0413040160001202609
0413040160004202609
0413040160049202609
0413040160051202609
0413040160059202609
0413040178001202609
0413040178004202609
0413040178049202609
0413040186001202609
0413040186004202609
0413040186049202609
0413040186051202609
0413040186059202609
0413040194001202609
0413040194004202609
0413040194049202609
0413040194051202609
0413040194059202609
0413040208001202609
0413040208004202609
0413040208049202609
0413040208051202609
0413040208059202609
0413040216001202609
0413040216004202609
0413040216049202609
0413040216051202609
0413040224001202609
0413040224004202609
0413040224049202609
0413040224051202609
0413040224059202609
0413040232001202609
0413040232004202609
0413040232049202609
0413040232051202609
0413040232059202609
0413040240001202609
0413040240004202609
0413040240049202609
0413040259001202609
0413040259004202609
0413040259049202609
0413040259051202609
0413040267001202609
0413040267004202609
0413040267049202609
0413040267051202609
0414010027001202609
0414010027004202609
0414010027049202609
0414010027051202609
0414010035001202609
0414010035049202609
0414010256001202609
0414010256004202609
0414010256020202609
0414010256049202609
0414010272001202609
0414010272004202609
0414010272049202609
0414010272051202609
0414010272059202609
0414010329001202609
0414010329004202609
0414010329049202609
0414010329051202609
0414010329059202609
0414010345004202609
0414010345020202609
0414010345051202609
0414010345059202609
0414010361020202609
0414010370052202609
0414010388020202609
0414020022020202609
0414020030020202609
0414020049020202609
0414020057020202609
0414020065020202609
0414020073020202609
0414020081020202609
0414020081053202609
0414020081058202609
0414020081060202609
0414020090020202609
0414020120009202609
0414020120020202609
0414020138020202609
0414020138053202609
0414020138058202609
0414020138060202609
0414020146020202609
0414020146053202609
0414020146058202609
0414020146060202609
0414020154020202609
0414020162020202609
0414020162053202609
0414020162058202609
0414020162060202609
0414020170009202609
0414020170020202609
0414020200020202609
0414020219020202609
0414020243020202609
0414020243053202609
0414020243058202609
0414020243060202609
0414020278020202609
0414020294020202609
0414020359009202609
0414020359020202609
0414020367020202609
0414020375020202609
0414020383009202609
0414020383020202609
0414020405009202609
0414020405020202609
0414020413001202609
0414020413049202609
0414020413051202609
0414020413059202609
0414020421052202609
0414020421053202609
0414020421058202609
0414020421060202609
0414020430009202609
0415010012004202609
0415010012006202609
0415010012051202609
0415020018004202609
0415020018008202609
0415020018009202609
0415020018051202609
0415020034001202609
0415020034004202609
0415020034051202609
0415020042004202609
0415020042008202609
0415020042051202609
0415020050001202609
0415020050004202609
0415020050006202609
0415020050051202609
0415020069001202609
0415020069004202609
0415020069006202609
0415020069051202609
0415020077001202609
0415020077004202609
0415020077006202609
0415020077051202609
0415020085001202609
0415020085004202609
0415020085008202609
0415020085009202609
0415020085049202609
0415020085051202609
0415030013004202609
0415040027001202609
0415040027004202609
0415040027049202609
0415040035001202609
0415040035004202609
0415040035049202609
0416010016001202609
0416010016004202609
0416010016006202609
0416010016049202609
0416010016051202609
0416010024001202609
0416010024004202609
0416010024006202609
0416010024049202609
0416010024051202609
0416010040001202609
0416010040004202609
0416010040006202609
0416010040049202609
0416010040051202609
0416010075001202609
0416010075004202609
0416010075006202609
0416010075049202609
0416010075051202609
0416010091001202609
0416010091004202609
0416010091006202609
0416010091049202609
0416010091051202609
0416010113001202609
0416010113004202609
0416010113006202609
0416010113049202609
0416010113051202609
0416010121001202609
0416010121004202609
0416010121006202609
0416010121049202609
0416010121051202609
0416010130001202609
0416010130004202609
0416010130006202609
0416010130049202609
0416010130051202609
0416010164001202609
0416010164004202609
0416010164006202609
0416010164049202609
0416010164051202609
0416010172001202609
0416010172004202609
0416010172049202609
0416010172051202609
0416010180001202609
0416010180004202609
0416010180006202609
0416010180049202609
0416010180051202609
0416010199001202609
0416010199004202609
0416010199006202609
0416010199049202609
0416010199051202609
0416010202001202609
0416010202004202609
0416010202006202609
0416010202049202609
0416010202051202609
0416010210001202609
0416010210004202609
0416010210006202609
0416010210049202609
0416010210051202609
0416010229001202609
0416010229004202609
0416010229006202609
0416010229049202609
0416010229051202609
0416010237001202609
0416010237004202609
0416010237006202609
0416010237009202609
0416010237049202609
0416020020001202609
0416020020004202609
0416020020006202609
0416020020049202609
0416020020051202609
0416020151001202609
0416020151004202609
0416020151006202609
0416020151049202609
0416020151051202609
0416020160001202609
0416020160004202609
0416020160006202609
0416020160049202609
0416020160051202609
0416020178001202609
0416020178004202609
0416020178006202609
0416020178049202609
0416020178051202609
0416020186001202609
0416020186004202609
0416020186006202609
0416020186049202609
0416020186051202609
0416020194001202609
0416020194004202609
0416020194006202609
0416020194049202609
0416020194051202609
0416020208001202609
0416020208004202609
0416020208006202609
0416020208049202609
0416020208051202609
0416020216001202609
0416020216004202609
0416020216006202609
0416020216049202609
0416020216051202609
0416020224001202609
0416020224004202609
0416020224006202609
0416020224049202609
0416020224051202609
0416020232001202609
0416020232004202609
0416020232006202609
0416020232049202609
0416020232051202609
0416020240001202609
0416020240004202609
0416020240006202609
0416020240049202609
0416020240051202609
0416020259001202609
0416020259004202609
0416020259006202609
0416020259049202609
0416020259051202609
0416030025001202609
0416030025004202609
0416030025006202609
0416030025049202609
0416030025051202609
0416030033001202609
0416030033004202609
0416030033006202609
0416030033049202609
0416030033051202609
0416030041001202609
0416030041004202609
0416030041006202609
0416030041049202609
0416030041051202609
0416030068001202609
0416030068004202609
0416030068006202609
0416030068049202609
0416030068051202609
0416030076001202609
0416030076004202609
0416030076006202609
0416030076049202609
0416030076051202609
0416030084001202609
0416030084004202609
0416030084006202609
0416030084049202609
0416030084051202609
0416030092001202609
0416030092004202609
0416030092006202609
0416030092049202609
0416030092051202609
0416030149001202609
0416030149004202609
0416030149006202609
0416030149009202609
0416030149049202609
0416030149051202609
0416030157001202609
0416030157004202609
0416030157006202609
0416030157049202609
0416030157051202609
0416030165001202609
0416030165004202609
0416030165006202609
0416030165049202609
0416030165051202609
0416030173001202609
0416030173004202609
0416030173006202609
0416030173049202609
0416030173051202609
0416030181001202609
0416030181004202609
0416030181006202609
0416030181049202609
0416030181051202609
0416030190001202609
0416030190004202609
0416030190006202609
0416030190049202609
0416030190051202609
0416030203001202609
0416030203004202609
0416030203006202609
0416030203049202609
0416030203051202609
0416030211001202609
0416030211004202609
0416030211006202609
0416030211049202609
0416030211051202609
0416030220001202609
0416030220004202609
0416030220006202609
0416030220049202609
0416030220051202609
0416030238001202609
0416030238004202609
0416030238006202609
0416030238049202609
0416030238051202609
0416030246001202609
0416030246004202609
0416030246006202609
0416030246049202609
0416030246051202609
0416030254001202609
0416030254004202609
0416030254006202609
0416030254049202609
0416030254051202609
0416030262001202609
0416030262004202609
0416030262006202609
0416030262049202609
0416030262051202609
0416030270001202609
0416030270004202609
0416030270006202609
0416030270049202609
0416030270051202609
0416030289001202609
0416030289004202609
0416030289006202609
0416030289049202609
0416030289051202609
0416030297001202609
0416030297004202609
0416030297006202609
0416030297049202609
0416030297051202609
0416030300001202609
0416030300004202609
0416030300006202609
0416030300049202609
0416030300051202609
0416030319001202609
0416030319004202609
0416030319006202609
0416030319049202609
0416030319051202609
0416030327001202609
0416030327004202609
0416030327006202609
0416030327049202609
0416030327051202609
0416030335001202609
0416030335004202609
0416030335006202609
0416030335049202609
0416030335051202609
0416030343001202609
0416030343004202609
0416030343006202609
0416030343049202609
0416030343051202609
0416030351001202609
0416030351004202609
0416030351006202609
0416030351049202609
0416030351051202609
0416030360001202609
0416030360004202609
0416030360006202609
0416030360049202609
0416030360051202609
0416040012001202609
0416040012004202609
0416040012006202609
0416040012049202609
0416040012051202609
0416040020001202609
0416040020004202609
0416040020006202609
0416040020049202609
0416040020051202609
0416040039001202609
0416040039004202609
0416040039006202609
0416040039049202609
0416040039051202609
0416040047001202609
0416040047004202609
0416040047006202609
0416040047049202609
0416040047051202609
0416040055001202609
0416040055004202609
0416040055006202609
0416040055049202609
0416040055051202609
0416040071001202609
0416040071004202609
0416040071006202609
0416040071049202609
0416040071051202609
0416040101001202609
0416040101004202609
0416040101006202609
0416040101049202609
0416040101051202609
0416040110001202609
0416040110004202609
0416040110006202609
0416040110049202609
0416040110051202609
0416040128001202609
0416040128004202609
0416040128006202609
0416040128049202609
0416040128051202609
0416040144001202609
0416040144004202609
0416040144006202609
0416040144049202609
0416040144051202609
0416040179001202609
0416040179004202609
0416040179049202609
0416040179051202609
0416040187001202609
0416040187004202609
0416040187049202609
0416040187051202609
0416040195001202609
0416040195004202609
0416040195049202609
0416040195051202609
0416040209001202609
0416040209004202609
0416040209006202609
0416040209049202609
0416040209051202609
0416040217001202609
0416040217004202609
0416040217006202609
0416040217049202609
0416040217051202609
0416040225001202609
0416040225004202609
0416040225006202609
0416040225049202609
0416040225051202609
0416040233001202609
0416040233004202609
0416040233006202609
0416040233049202609
0416040233051202609
0416040241001202609
0416040241004202609
0416040241006202609
0416040241049202609
0416040241051202609
0416040250001202609
0416040250004202609
0416040250006202609
0416040250049202609
0416040250051202609
0416040268001202609
0416040268004202609
0416040268006202609
0416040268049202609
0416040268051202609
0416040276001202609
0416040276004202609
0416040276006202609
0416040276049202609
0416040276051202609
0416040284001202609
0416040284009202609
0416040284017202609
0416040284051202609
0416040292001202609
0416040292004202609
0416040292006202609
0416040292009202609
0416040292049202609
0416040292051202609
0416040314001202609
0416040314004202609
0416040314009202609
0416040314049202609
0416040314051202609
0416040322001202609
0416040322004202609
0416040322009202609
0416040322049202609
0416040322051202609
0416040330001202609
0416040330004202609
0416040330009202609
0416040330049202609
0416040330051202609
0416040349001202609
0416040349004202609
0416040349009202609
0416040349049202609
0416040349051202609
0416050018001202609
0416050018004202609
0416050018006202609
0416050018049202609
0416050018051202609
0416050026001202609
0416050026004202609
0416050026006202609
0416050026049202609
0416050026051202609
0416050034001202609
0416050034004202609
0416050034006202609
0416050034049202609
0416050034051202609
0416050050001202609
0416050050004202609
0416050050006202609
0416050050049202609
0416050050051202609
0416050077001202609
0416050077004202609
0416050077006202609
0416050077049202609
0416050077051202609
0416050093001202609
0416050093004202609
0416050093006202609
0416050093049202609
0416050093051202609
0416050107001202609
0416050107004202609
0416050107006202609
0416050107049202609
0416050107051202609
0416050115001202609
0416050115004202609
0416050115006202609
0416050115049202609
0416050115051202609
0416050123001202609
0416050123004202609
0416050123009202609
0416050123049202609
0416050123051202609
0416060013001202609
0416060013004202609
0416060013006202609
0416060013049202609
0416060013051202609
0416060021001202609
0416060021004202609
0416060021006202609
0416060021049202609
0416060021051202609
0416060030001202609
0416060030004202609
0416060030006202609
0416060030049202609
0416060030051202609
0416060056001202609
0416060056004202609
0416060056006202609
0416060056049202609
0416060056051202609
0416060064001202609
0416060064004202609
0416060064006202609
0416060064049202609
0416060064051202609
0416060080001202609
0416060080004202609
0416060080006202609
0416060080049202609
0416060080051202609
0416060099001202609
0416060099004202609
0416060099006202609
0416060099049202609
0416060099051202609
0416060102001202609
0416060102004202609
0416060102006202609
0416060102049202609
0416060102051202609
0416060110001202609
0416060110004202609
0416060110006202609
0416060110049202609
0416060110051202609
0416060129001202609
0416060129004202609
0416060129006202609
0416060129049202609
0416060129051202609
0416060137001202609
0416060137004202609
0416060137009202609
0416060137049202609
0416080014001202609
0416080014004202609
0416080014049202609
0416080014051202609
0416080030001202609
0416080030004202609
0416080030006202609
0416080030049202609
0416080030051202609
0416080081001202609
0416080081004202609
0416080081006202609
0416080081049202609
0416080081051202609
0416080090001202609
0416080090004202609
0416080090006202609
0416080090049202609
0416080090051202609
0416080111001202609
0416080111004202609
0416080111006202609
0416080111049202609
0416080111051202609
0416080120001202609
0416080120004202609
0416080120006202609
0416080120049202609
0416080120051202609
0416090010001202609
0416090010004202609
0416090010006202609
0416090010049202609
0416090010051202609
0416090028001202609
0416090028004202609
0416090028006202609
0416090028049202609
0416090028051202609
0416090036001202609
0416090036006202609
0416090036049202609
0416090036051202609
0416090079001202609
0416090079004202609
0416090079006202609
0416090079049202609
0416090079051202609
0416090109001202609
0416090109004202609
0416090109006202609
0416090109049202609
0416090109051202609
0416090117001202609
0416090117004202609
0416090117006202609
0416090117049202609
0416090117051202609
0416090125001202609
0416090125004202609
0416090125006202609
0416090125049202609
0416090125051202609
0416090133001202609
0416090133004202609
0416090133006202609
0416090133049202609
0416090133051202609
0416110010001202609
0416110010006202609
0416110010049202609
0416110010051202609
0416110029001202609
0416110029006202609
0416110029049202609
0416110029051202609
0416110037001202609
0416110037004202609
0416110037006202609
0416110037049202609
0416110037051202609
0416110045001202609
0416110045006202609
0416110045049202609
0416110045051202609
0416110053001202609
0416110053004202609
0416110053006202609
0416110053049202609
0416110053051202609
0416110061001202609
0416110061004202609
0416110061006202609
0416110061049202609
0416110061051202609
0416110070001202609
0416110070004202609
0416110070006202609
0416110070049202609
0416110070051202609
0416110088001202609
0416110088004202609
0416110088006202609
0416110088049202609
0416110088051202609
0416120024001202609
0416120024004202609
0416120024006202609
0416120024049202609
0416120024051202609
0416120032001202609
0416120032004202609
0416120032006202609
0416120032049202609
0416120032051202609
0416120040001202609
0416120040004202609
0416120040006202609
0416120040049202609
0416120040051202609
0416120059001202609
0416120059004202609
0416120059049202609
0416120059051202609
0417010028042202609
0417010044005202609
0417010052005202609
0417010060005202609
0417010060009202609
0417010060053202609
0417010060058202609
0417010060060202609
0417010060065202609
0418010013001202609
0418010013009202609
0418010013022202609
0418010013052202609
0418010021001202609
0418010021009202609
0418010021022202609
0418010021052202609
0418010030001202609
0418010030009202609
0418010030022202609
0418010030052202609
0418010048001202609
0418010048009202609
0418010048022202609
0418010048052202609
0418010064001202609
0418010080001202609
0418010080009202609
0418010080022202609
0418010080052202609
0418010099001202609
0418020019001202609
0418020019009202609
0418020019022202609
0418020019051202609
0418020019052202609
0418020027001202609
0418020027009202609
0418020027051202609
0418020027052202609
0418020035001202609
0501010017009202609
0501030069001202609
0501030069004202609
0501030069049202609
0501040064034202609
0501050043009202609
0501060057026202609
0501070044009202609
0501070052009202609
0501070087009202609
0501070095009202609
0501070109009202609
0501070117009202609
0501070125009202609
0501070133009202609
0501070141009202609
0501080031009202609
0501080040009202609
0501080058009202609
0501080090058202609
0501080090065202609
0501080104009202609
0503010014008202609
0503010014011202609
0503010014034202609
0503010022008202609
0503010022034202609
0503020010001202609
0503020010004202609
0503020010049202609
0503020028001202609
0503020028004202609
0503020028049202609
0503030023049202609
0503030040049202609
0503030058013202609
0503030066049202609
0503030074049202609
0503030090049202609
0504010026034202609
0504020013013202609
0504020021013202609
0504020030013202609
0504020048013202609
0504020056013202609
0504030027013202609
0504040014034202609
0504040022034202609
0505010011004202609
0505010011009202609
0505010020004202609
0505010020009202609
0505010038004202609
0505010038009202609
0505010046004202609
0505010046009202609
0505010054004202609
0505010054009202609
0505010062004202609
0505010062009202609
0505010070004202609
0505010070009202609
0505010089004202609
0505010089009202609
0505010097001202609
0505010097049202609
0505010127001202609
0505010127049202609
0505010135001202609
0505010135049202609
0505010143007202609
0505020041001202609
0505020041009202609
0505020041049202609
0505020050001202609
0505020050009202609
0505020050049202609
0505020068001202609
0505020068009202609
0505020068049202609
0505020076001202609
0505020076009202609
0505020076049202609
0505020084001202609
0505020084009202609
0505020084049202609
0505020092001202609
0505020092049202609
0505020106001202609
0505020106049202609
0505020122001202609
0505020122009202609
0505020122049202609
0505020149001202609
0505020149009202609
0505020149049202609
0506010015009202609
0506010015014202609
0506010066009202609
0506010066014202609
0506010074009202609
0506010074014202609
0506010082009202609
0506010082014202609
0506010090009202609
0506010090014202609
0506010104009202609
0506010104014202609
0506010112009202609
0506010112014202609
0506010120009202609
0506010120014202609
0506010139009202609
0506010139014202609
0506010147009202609
0506010147014202609
0506010155009202609
0506010155014202609
0506010163009202609
0506010163014202609
0506010171009202609
0506010171014202609
0506010228009202609
0506010236009202609
0506020010007202609
0506020029007202609
0506020037007202609
0506020045007202609
0506020053007202609
0506020061007202609
0506020070007202609
0506020096007202609
0506020100007202609
0506020118007202609
0506020134007202609
0603050115009202609
0603050123009202609
0604010010009202609
0604010010014202609
0604010010022202609
0604010028009202609
0604010028014202609
0604010028022202609
0604010036009202609
0604010036014202609
0604010036022202609
0604010044009202609
0604010044014202609
0604010044022202609
0604010052009202609
0604010052014202609
0604010052022202609
0604010060009202609
0604010060014202609
0604010060022202609
0604010079009202609
0604010079014202609
0604010079022202609
0604010087009202609
0604010087014202609
0604010087022202609
0604010095009202609
0604010095014202609
0604010095022202609
0604010109009202609
0604010109014202609
0604010109022202609
0604020015009202609
0604020015014202609
0604020015022202609
0604020023009202609
0604020023014202609
0604020023022202609
0604020031009202609
0604020031014202609
0604020031022202609
0604020040009202609
0604020040014202609
0604020040022202609
0604020058009202609
0604020058014202609
0604020058022202609
0604020066009202609
0604020066014202609
0604020066022202609
0604030010009202609
0604030010014202609
0604030010022202609
0604030037009202609
0604030037014202609
0604030037022202609
0604030045009202609
0604030045014202609
0604030045022202609
0604030053009202609
0604030053014202609
0604030053022202609
0604030061009202609
0604030061014202609
0604030061022202609
0604040016009202609
0604040016014202609
0604040016022202609
0604040024009202609
0604040024014202609
0604040024022202609
0604040032009202609
0604040032014202609
0604040032022202609
0604040040009202609
0604040040014202609
0604040040022202609
0604040059009202609
0604040059014202609
0604040059022202609
0604040067009202609
0604040067014202609
0604040067022202609
0604040075009202609
0604040075014202609
0604040075022202609
0604040091009202609
0604040091014202609
0604040091022202609
0604050011009202609
0604050011014202609
0604050011022202609
0604050020009202609
0604050020014202609
0604050020022202609
0604050038009202609
0604050038014202609
0604050038022202609
0604050046009202609
0604050046014202609
0604050046022202609
0604050054009202609
0604050054014202609
0604050054022202609
0604050062009202609
0604050062014202609
0604050062022202609
0604050070009202609
0604050070014202609
0604050070022202609
0604050089009202609
0604050089014202609
0604050089022202609
0604050097009202609
0604050097014202609
0604050097022202609
0604050100009202609
0604050100014202609
0604050100022202609
0604050119009202609
0604050119014202609
0604050119022202609
0604060017009202609
0604060017014202609
0604060017022202609
0604060025009202609
0604060025014202609
0604060025022202609
0604070012009202609
0604070012014202609
0604070012022202609
0604080018009202609
0604080018014202609
0604080018022202609
0604080026009202609
0604080026014202609
0604080026022202609
0604080034009202609
0604080034014202609
0604080034022202609
0604090013009202609
0604090013014202609
0604090013022202609
0604100019009202609
0604100019014202609
0604100019022202609
0604100027009202609
0604100027014202609
0604100027022202609
0604100035009202609
0604100035014202609
0604100035022202609
0604110014009202609
0604110014014202609
0604110014022202609
0604110022009202609
0604110022014202609
0604110022022202609
0604110030009202609
0604110030014202609
0604110030022202609
0604110049009202609
0604110049014202609
0604110049022202609
0604110057009202609
0604110057014202609
0604110057022202609
0604110065009202609
0604110065014202609
0604110065022202609
0604110073009202609
0604110073014202609
0604110073022202609
0604110081009202609
0604110081014202609
0604110081022202609
0604120010009202609
0604120010014202609
0604120010022202609
0604130015009202609
0604130015014202609
0604130015022202609
0604130023009202609
0604130023014202609
0604130023022202609
0604130031009202609
0604130031014202609
0604130031022202609
0604130040009202609
0604130040014202609
0604130040022202609
0604130058009202609
0604130058014202609
0604130058022202609
0604130066009202609
0604130066014202609
0604130066022202609
0604130074009202609
0604130074014202609
0604130074022202609
0604130082009202609
0604130082014202609
0604130082022202609
0604130090009202609
0604130090014202609
0604130090022202609
0604130104009202609
0604130104014202609
0604130104022202609
0604130112009202609
0604130112014202609
0604130112022202609
0604130120009202609
0604130120014202609
0604130120022202609
0604130139009202609
0604130139014202609
0604130139022202609
0604140029009202609
0604140029014202609
0604140029022202609
0604140037009202609
0604140037014202609
0604140037022202609
0604150016009202609
0604150016014202609
0604150016022202609
0604150024009202609
0604150024014202609
0604150024022202609
0604160011009202609
0604160011014202609
0604160011022202609
0604160020009202609
0604160020014202609
0604160020022202609
0604160046009202609
0604160046014202609
0604160046022202609
0604160054009202609
0604160054014202609
0604160054022202609
0604160062009202609
0604160062014202609
0604160062022202609
0604170017009202609
0604170017014202609
0604170017022202609
0604170025009202609
0604170025014202609
0604170025022202609
0604170033009202609
0604170033014202609
0604170033022202609
0604170041009202609
0604170041014202609
0604170041022202609
0604170050009202609
0604170050014202609
0604170050022202609
0604180012009202609
0604180012014202609
0604180012022202609
0604180020009202609
0604180020014202609
0604180020022202609
0604190018009202609
0604190018014202609
0604190018022202609
0604200013009202609
0604200013014202609
0604200013022202609
0604210019009202609
0604210019014202609
0604210019022202609
0604210027009202609
0604210027014202609
0604210027022202609
0604220014009202609
0604220014014202609
0604220014022202609
0604230010009202609
0604230010014202609
0604230010022202609
0604230028009202609
0604230028014202609
0604230028022202609
0604230036009202609
0604230036014202609
0604230036022202609
0604230044009202609
0604230044014202609
0604230044022202609
0604230052009202609
0604230052014202609
0604230052022202609
0604230060009202609
0604230060014202609
0604230060022202609
0604230079009202609
0604230079014202609
0604230079022202609
0604230087009202609
0604230087014202609
0604230087022202609
0604240023009202609
0604240023014202609
0604240023022202609
0604240031009202609
0604240031014202609
0604240031022202609
0604240058009202609
0604240058014202609
0604240058022202609
0604240066009202609
0604240066014202609
0604240066022202609
0604240074009202609
0604240074014202609
0604240074022202609
0604240082009202609
0604240082014202609
0604240082022202609
0604240090009202609
0604240090014202609
0604240090022202609
0604240104009202609
0604240104014202609
0604240104022202609
0604240112009202609
0604240112014202609
0604240112022202609
0604240120009202609
0604240120014202609
0604240120022202609
0604250010009202609
0604250010014202609
0604250010022202609
0604250037009202609
0604250037014202609
0604250037022202609
0604250045009202609
0604250045014202609
0604250045022202609
0604260016009202609
0604260016014202609
0604260016022202609
0604270011009202609
0604270011014202609
0604270011022202609
0604270020009202609
0604270020014202609
0604270020022202609
0604270038009202609
0604270038014202609
0604270038022202609
0604270046009202609
0604270046014202609
0604270046022202609
0604270054009202609
0604270054014202609
0604270054022202609
0604270062009202609
0604270062014202609
0604270062022202609
0604270070009202609
0604270070014202609
0604270070022202609
0604270089009202609
0604270089014202609
0604270089022202609
0604270097009202609
0604270097014202609
0604270097022202609
0604270100009202609
0604270100014202609
0604270100022202609
0604270119009202609
0604270119014202609
0604270119022202609
0604280068009202609
0604280068014202609
0604280068022202609
0604280076009202609
0604280076014202609
0604280076022202609
0604280084009202609
0604280084014202609
0604280084022202609
0604280092009202609
0604280092014202609
0604280092022202609
0604280106009202609
0604280106014202609
0604280106022202609
0604290012009202609
0604290012014202609
0604290012022202609
0604290020009202609
0604290020014202609
0604290020022202609
0604290039009202609
0604290039014202609
0604290039022202609
0604290047009202609
0604290047014202609
0604290047022202609
0604290063009202609
0604290063014202609
0604290063022202609
0604290071009202609
0604290071014202609
0604290071022202609
0604290080009202609
0604290080014202609
0604290080022202609
0604310013009202609
0604310013014202609
0604310013022202609
0604310021009202609
0604310021014202609
0604310021022202609
0604310030009202609
0604310030014202609
0604310030022202609
0604310048009202609
0604310048014202609
0604310048022202609
0604310056009202609
0604310056014202609
0604310056022202609
0604310064009202609
0604310064014202609
0604310064022202609
0604320019009202609
0604320019014202609
0604320019022202609
0604320027009202609
0604320027014202609
0604320027022202609
0604320035009202609
0604320035014202609
0604320035022202609
0604320043009202609
0604320043014202609
0604320043022202609
0604320051009202609
0604320051014202609
0604320051022202609
0604320060009202609
0604320060014202609
0604320060022202609
0604320078009202609
0604320078014202609
0604320078022202609
0604320086009202609
0604320086014202609
0604320086022202609
0604320094009202609
0604320094014202609
0604320094022202609
0604320116009202609
0604320116014202609
0604320116022202609
0604320124009202609
0604320124014202609
0604320124022202609
0604320132009202609
0604320132014202609
0604320132022202609
0604320140009202609
0604320140014202609
0604320140022202609
0604320159009202609
0604320159014202609
0604320159022202609
0604320167009202609
0604320167014202609
0604320167022202609
0604320175009202609
0604320175014202609
0604320175022202609
0604320183009202609
0604320183014202609
0604320183022202609
0604320191009202609
0604320191014202609
0604320191022202609
0604320205009202609
0604320205014202609
0604320205022202609
0604320213009202609
0604320213014202609
0604320213022202609
0604320221009202609
0604320221014202609
0604320221022202609
0604330014009202609
0604330014014202609
0604330014022202609
0604330022009202609
0604330022014202609
0604330022022202609
0604330030009202609
0604330030014202609
0604330030022202609
0604330049009202609
0604330049014202609
0604330049022202609
0604330057009202609
0604330057014202609
0604330057022202609
0604330065009202609
0604330065014202609
0604330065022202609
0604330073009202609
0604330073014202609
0604330073022202609
0604330081009202609
0604330081014202609
0604330081022202609
0604330090009202609
0604330090014202609
0604330090022202609
0604330103009202609
0604330103014202609
0604330103022202609
0604330111009202609
0604330111014202609
0604330111022202609
0604330120009202609
0604330120014202609
0604330120022202609
0604340010009202609
0604340010014202609
0604340010022202609
0604340028009202609
0604340028014202609
0604340028022202609
0604340036009202609
0604340036014202609
0604340036022202609
0604340044009202609
0604340044014202609
0604340044022202609
0604340052009202609
0604340052014202609
0604340052022202609
0604340060009202609
0604340060014202609
0604340060022202609
0604340079009202609
0604340079014202609
0604340079022202609
0604340087009202609
0604340087014202609
0604340087022202609
0604340095009202609
0604340095014202609
0604340095022202609
0604340109009202609
0604340109014202609
0604340109022202609
0604340117009202609
0604340117014202609
0604340117022202609
0604350015009202609
0604350015014202609
0604350015022202609
0604350023009202609
0604350023014202609
0604350023022202609
0604350031009202609
0604350031014202609
0604350031022202609
0604360010009202609
0604360010014202609
0604360010022202609
0604360029009202609
0604360029014202609
0604360029022202609
0604360037009202609
0604360037014202609
0604360037022202609
0604360045009202609
0604360045014202609
0604360045022202609
0604360053009202609
0604360053014202609
0604360053022202609
0604360061009202609
0604360061014202609
0604360061022202609
0604360070009202609
0604360070014202609
0604360070022202609
0604360088009202609
0604360088014202609
0604360088022202609
0604360096009202609
0604360096014202609
0604360096022202609
0604360100009202609
0604360100014202609
0604360100022202609
0604360118009202609
0604360118014202609
0604360118022202609
0604360126009202609
0604360126014202609
0604360126022202609
0604370016009202609
0604370016014202609
0604370016022202609
0604370024009202609
0604370024014202609
0604370024022202609
0604370032009202609
0604370032014202609
0604370032022202609
0604380011009202609
0604380011014202609
0604380011022202609
0604380020009202609
0604380020014202609
0604380020022202609
0604380038009202609
0604380038014202609
0604380038022202609
0604380046009202609
0604380046014202609
0604380046022202609
0604380054009202609
0604380054014202609
0604380054022202609
0604380062009202609
0604380062014202609
0604380062022202609
0604380070009202609
0604380070014202609
0604380070022202609
0604380089009202609
0604380089014202609
0604380089022202609
0604380097009202609
0604380097014202609
0604380097022202609
0604380100009202609
0604380100014202609
0604380100022202609
0604380119009202609
0604380119014202609
0604380119022202609
0604380127009202609
0604380127014202609
0604380127022202609
0604380135009202609
0604380135014202609
0604380135022202609
0604380143009202609
0604380143014202609
0604380143022202609
0604390017009202609
0604390017014202609
0604390017022202609
0604390025009202609
0604390025014202609
0604390025022202609
0604390033009202609
0604390033014202609
0604390033022202609
0604390084009202609
0604390084014202609
0604390084022202609
0604390092009202609
0604390092014202609
0604390092022202609
0604390106009202609
0604390106014202609
0604390106022202609
0604390114009202609
0604390114014202609
0604390114022202609
0604400012009202609
0604400012014202609
0604400012022202609
0604410018009202609
0604410018014202609
0604410018022202609
0604410026009202609
0604410026014202609
0604410026022202609
0604410034009202609
0604410034014202609
0604410034022202609
0604420013009202609
0604420013014202609
0604420013022202609
0604430019009202609
0604430019014202609
0604430019022202609
0604440014009202609
0604440014014202609
0604440014022202609
0604470010009202609
0604470010014202609
0604470010022202609
0604470029009202609
0604470029014202609
0604470029022202609
0604470037009202609
0604470037014202609
0604470037022202609
0604470045009202609
0604470045014202609
0604470045022202609
0604470053009202609
0604470053014202609
0604470053022202609
0604480016009202609
0604480016014202609
0604480016022202609
0604480024009202609
0604480024014202609
0604480024022202609
0604490011009202609
0604490011014202609
0604490011022202609
0604490020009202609
0604490020014202609
0604490020022202609
0604500017009202609
0604500017014202609
0604500017022202609
0604500025009202609
0604500025014202609
0604500025022202609
0604500033009202609
0604500033014202609
0604500033022202609
0604500041009202609
0604500041014202609
0604500041022202609
0604500050009202609
0604500050014202609
0604500050022202609
0604500068009202609
0604500068014202609
0604500068022202609
0604500076009202609
0604500076014202609
0604500076022202609
0604500084009202609
0604500084014202609
0604500084022202609
0604500092009202609
0604500092014202609
0604500092022202609
0604500106009202609
0604500106014202609
0604500106022202609
0604500114009202609
0604500114014202609
0604500114022202609
0604500122009202609
0604500122014202609
0604500122022202609
0604500130009202609
0604500130014202609
0604500130022202609
0604500149009202609
0604500149014202609
0604500149022202609
0604510012009202609
0604510012014202609
0604510012022202609
0604510020009202609
0604510020014202609
0604510020022202609
0604510039009202609
0604510039014202609
0604510039022202609
0604510047009202609
0604510047014202609
0604510047022202609
0604520018009202609
0604520018014202609
0604520018022202609
0604520026009202609
0604520026014202609
0604520026022202609
0604530013009202609
0604530013014202609
0604530013022202609
0604530021009202609
0604530021014202609
0604530021022202609
0604530030009202609
0604530030014202609
0604530030022202609
0604540019009202609
0604540019014202609
0604540019022202609
0604540027009202609
0604540027014202609
0604540027022202609
0604540035009202609
0604540035014202609
0604540035022202609
0604540043009202609
0604540043014202609
0604540043022202609
0604540060009202609
0604540060014202609
0604540060022202609
0604540078009202609
0604540078014202609
0604540078022202609
0604540086009202609
0604540086014202609
0604540086022202609
0604550014009202609
0604550014014202609
0604550014022202609
0604550022009202609
0604550022014202609
0604550022022202609
0604560010009202609
0604560010014202609
0604560010022202609
0604570015009202609
0604570015014202609
0604570015022202609
0604570023009202609
0604570023014202609
0604570023022202609
0604570031009202609
0604570031014202609
0604570031022202609
0604580010009202609
0604580010014202609
0604580010022202609
0604580029009202609
0604580029014202609
0604580029022202609
0604590016009202609
0604590016014202609
0604590016022202609
0604590024009202609
0604590024014202609
0604590024022202609
0604600011009202609
0604600011014202609
0604600011022202609
0604600020009202609
0604600020014202609
0604600020022202609
0604610017009202609
0604610017014202609
0604610017022202609
0604610025009202609
0604610025014202609
0604610025022202609
0604610033009202609
0604610033014202609
0604610033022202609
0604620012009202609
0604620012014202609
0604620012022202609
0604620020009202609
0604620020014202609
0604620020022202609
0604620039009202609
0604620039014202609
0604620039022202609
0604620047009202609
0604620047014202609
0604620047022202609
0604630018009202609
0604630018014202609
0604630018022202609
0604630026009202609
0604630026014202609
0604630026022202609
0604630034009202609
0604630034014202609
0604630034022202609
0604630042009202609
0604630042014202609
0604630042022202609
0604630050009202609
0604630050014202609
0604630050022202609
0604630069009202609
0604630069014202609
0604630069022202609
0604630077009202609
0604630077014202609
0604630077022202609
0604650019009202609
0604650019014202609
0604650019022202609
0604650027009202609
0604650027014202609
0604650027022202609
0604650035009202609
0604650035014202609
0604650035022202609
0604660014009202609
0604660014014202609
0604660014022202609
0604660022009202609
0604660022014202609
0604660022022202609
0604660030009202609
0604660030014202609
0604660030022202609
0604670010009202609
0604670010014202609
0604670010022202609
0604680023009202609
0604680023014202609
0604680023022202609
0604680031009202609
0604680031014202609
0604680031022202609
0604680040009202609
0604680040014202609
0604680040022202609
0604680058009202609
0604680058014202609
0604680058022202609
0604680066009202609
0604680066014202609
0604680066022202609
0604680074009202609
0604680074014202609
0604680074022202609
0604690010009202609
0604690010014202609
0604690010022202609
0604690029009202609
0604690029014202609
0604690029022202609
0604690037009202609
0604690037014202609
0604690037022202609
0604690053009202609
0604690053014202609
0604690053022202609
0604690061009202609
0604690061014202609
0604690061022202609
0604700016009202609
0604700016014202609
0604700016022202609
0604710011009202609
0604710011014202609
0604710011022202609
0604710020009202609
0604710020014202609
0604710020022202609
0604710038009202609
0604710038014202609
0604710038022202609
0604720017009202609
0604720017014202609
0604720017022202609
0604720025009202609
0604720025014202609
0604720025022202609
0604730012009202609
0604730012014202609
0604730012022202609
0604740018009202609
0604740018014202609
0604740018022202609
0604750013009202609
0604750013014202609
0604750013022202609
0604750021009202609
0604750021014202609
0604750021022202609
0604750030009202609
0604750030014202609
0604750030022202609
0604750048009202609
0604750048014202609
0604750048022202609
0604770014009202609
0604770014014202609
0604770014022202609
0604770022009202609
0604770022014202609
0604770022022202609
0604770030009202609
0604770030014202609
0604770030022202609
0604780010009202609
0604780010014202609
0604780010022202609
0604780036009202609
0604780036014202609
0604780036022202609
0604780044009202609
0604780044014202609
0604780044022202609
0604780052009202609
0604780052014202609
0604780052022202609
0604780060009202609
0604780060014202609
0604780060022202609
0604790015009202609
0604790015014202609
0604790015022202609
0604790023009202609
0604790023014202609
0604790023022202609
0604800010009202609
0604800010014202609
0604800010022202609
0604800029009202609
0604800029014202609
0604800029022202609
0604810016009202609
0604810016014202609
0604810016022202609
0604820011009202609
0604820011014202609
0604820011022202609
0604830017009202609
0604830017014202609
0604830017022202609
0604830025009202609
0604830025014202609
0604830025022202609
0604830033009202609
0604830033014202609
0604830033022202609
0604840012009202609
0604840012014202609
0604840012022202609
0604840020009202609
0604840020014202609
0604840020022202609
0604840063009202609
0604840063014202609
0604840063022202609
0604840071009202609
0604840071014202609
0604840071022202609
0604840098009202609
0604840098014202609
0604840098022202609
0604850018009202609
0604850018014202609
0604850018022202609
0604850026009202609
0604850026014202609
0604850026022202609
0604850034009202609
0604850034014202609
0604850034022202609
0604850042009202609
0604850042014202609
0604850042022202609
0604860013009202609
0604860013014202609
0604860013022202609
0604860021009202609
0604860021014202609
0604860021022202609
0604860030009202609
0604860030014202609
0604860030022202609
0604870019009202609
0604870019014202609
0604870019022202609
0604870027009202609
0604870027014202609
0604870027022202609
0604870035009202609
0604870035014202609
0604870035022202609
0604870043009202609
0604870043014202609
0604870043022202609
0604880014009202609
0604880014014202609
0604880014022202609
0701010010009202609
0701010029009202609
0701010037009202609
0701010045009202609
0701010053009202609
0701010061009202609
0701010070009202609
0701010088009202609
0701010096009202609
0701010100009202609
0701010118009202609
0701010126009202609
0701010134009202609
0701010142009202609
0701010150009202609
0701010169009202609
0701010177009202609
0701010185009202609
0701010185037202609
0701010193009202609
0701010193037202609
0701010207009202609
0701010215009202609
0701010223009202609
0701010231009202609
0701010240009202609
0701010258009202609
0701010266009202609
0701010274009202609
0701010282009202609
0701010290009202609
0701010304009202609
0701010312009202609
0701010320009202609
0701010339009202609
0701020016009202609
0701020024009202609
0701020032009202609
0701020040009202609
0701020059009202609
0701020067009202609
0701020075009202609
0701020083009202609
0701020091009202609
0701020105009202609
0701020113009202609
0701020121009202609
0701020130009202609
0701020148009202609
0701020156009202609
0701020164009202609
0701020172009202609
0701020180009202609
0701020199009202609
0701020202009202609
0701020210009202609
0701020229009202609
0701020237009202609
0701020245009202609
0701020253009202609
0701020261009202609
0701020270009202609
0701020288009202609
0701020296009202609
0701020300009202609
0701020318009202609
0701020326009202609
0701020334009202609
0701020342009202609
0701020350009202609
0701020369009202609
0701020377009202609
0701020385009202609
0701020393009202609
0701020407009202609
0701020415009202609
0701020423009202609
0701020431009202609
0701020440009202609
0701020458009202609
0701020466009202609
0701020474009202609
0701020482009202609
0701020490009202609
0701020504009202609
0701020512009202609
0701020520009202609
0701020539009202609
0701020547009202609
0701020555009202609
0701020563009202609
0701020571009202609
0701020571037202609
0701020580009202609
0701020580037202609
0701020598009202609
0701020601009202609
0701020610009202609
0701020628009202609
0701020636009202609
0701020644009202609
0701020652009202609
0701030305009202609
0701030305037202609
0701030321009202609
0701040017009202609
0701040025009202609
0701040033009202609
0701040041009202609
0701040050009202609
0701040068009202609
0701040092009202609
0701040106009202609
0701040114009202609
0701040122009202609
0701040130009202609
0701040149009202609
0701040149037202609
0701040157009202609
0701040157037202609
0701050012009202609
0701050020009202609
0701050047009202609
0701060018009202609
0701060026009202609
0701060034009202609
0701060042009202609
0701070013009202609
0701070021009202609
0701070030009202609
0701070048009202609
0701070056009202609
0701070064009202609
0701070072009202609
0701070080009202609
0701070099009202609
0701070099053202609
0701070099058202609
0701070099060202609
0701070102053202609
0701070102058202609
0701070102060202609
0701070110009202609
0701070129009202609
0701070129053202609
0701070129058202609
0701070129060202609
0701070137053202609
0701070137058202609
0701070137060202609
0701070145053202609
0701070145058202609
0701070145060202609
0701070153053202609
0701070153058202609
0701070153060202609
0701070188053202609
0701070188058202609
0701070188060202609
0701070196053202609
0701070196058202609
0701070196060202609
0701070200053202609
0701070200058202609
0701070200060202609
0701070218053202609
0701070218058202609
0701070218060202609
0701070226053202609
0701070226058202609
0701070226060202609
0701070234053202609
0701070234058202609
0701070234060202609
0701070242053202609
0701070242058202609
0701070242060202609
0701070250053202609
0701070250058202609
0701070250060202609
0701080027009202609
0701080051009202609
0701080060009202609
0701080078009202609
0701080086009202609
0701080116009202609
0701080124009202609
0701080132009202609
0701080140009202609
0701080159009202609
0701080167009202609
0701080175009202609
0701080183009202609
0701080191009202609
0701090014009202609
0701090022009202609
0701090030009202609
0701090049009202609
0701090057009202609
0701090065009202609
0701090073009202609
0701090081009202609
0701090090009202609
0702020028009202609
0702020036009202609
0702020044009202609
0801010012009202609
0801010012024202609
0801010020009202609
0801010020024202609
0801010047005202609
0802010334058202609
0802010342005202609
0802010350005202609
0803010010009202609
0803010028009202609
0803010036009202609
0803010044009202609
0803010052009202609
0803010060009202609
0803010079009202609
0803010087009202609
0803010095009202609
0803010109009202609
0803010117009202609
0803010125009202609
0803010133009202609
0803010141009202609
0803010150058202609
0803010168058202609
0804010013009202609
0804010021009202609
0804010030009202609
0804010048009202609
0804010056009202609
0804010064009202609
0804020019009202609
0804020027009202609
0804020027053202609
0804020027060202609
0804020035009202609
0804020043009202609
0804030014009202609
0804040010009202609
0804040028009202609
0804040036009202609
0901010014053202609
0901010014054202609
0901010014058202609
0901010014059202609
0901010014060202609
0901010014061202609
0901010049053202609
0901010049054202609
0901010049058202609
0901010049059202609
0901010049060202609
0901010057053202609
0901010057054202609
0901010057058202609
0901010057059202609
0901010057060202609
0901010057062202609
0901010073053202609
0901010073054202609
0901010073058202609
0901010073059202609
0901010073060202609
0901010081053202609
0901010081054202609
0901010081058202609
0901010081059202609
0901010081060202609
0901010090053202609
0901010090054202609
0901010090058202609
0901010090059202609
0901010090060202609
0901010103053202609
0901010103054202609
0901010103058202609
0901010103059202609
0901010103060202609
0901010111053202609
0901010111054202609
0901010111058202609
0901010111059202609
0901010111060202609
0901010120053202609
0901010120054202609
0901010120058202609
0901010120059202609
0901010120060202609
0901010138053202609
0901010138054202609
0901010138058202609
0901010138059202609
0901010138060202609
0902010018053202609
0902010018058202609
0902010018059202609
0902010018060202609
0902010026053202609
0902010026058202609
0902010026059202609
0902010026060202609
0902010034053202609
0902010034058202609
0902010034059202609
0902010034060202609
0902010042053202609
0902010042058202609
0902010042059202609
0902010042060202609
0902010050053202609
0902010050058202609
0902010050059202609
0902010050060202609
0902010069053202609
0902010069058202609
0902010069059202609
0902010069060202609
0902010077043202609
0902010077053202609
0902010077058202609
0903010011053202609
0903010011058202609
0903010011059202609
0903010011060202609
0903010020053202609
0903010020058202609
0903010020059202609
0903010020060202609
0903010038053202609
0903010038056202609
0903010038058202609
0903010038059202609
0903010038060202609
0903010046053202609
0903010046057202609
0903010046058202609
0903010046059202609
0903010046060202609
0904010015053202609
0904010015058202609
0904010015059202609
0904010015060202609
0904010023053202609
0904010023058202609
0904010023059202609
0904010023060202609
0904010031053202609
0904010031058202609
0904010031059202609
0904010031060202609
0905010019053202609
0905010019058202609
0905010019059202609
0905010019060202609
0905010027053202609
0905010027058202609
0905010027059202609
0905010027060202609
0905010035053202609
0905010035058202609
0905010035059202609
0905010035060202609
0905010043053202609
0905010043058202609
0905010043059202609
0905010043060202609
0905010051053202609
0905010051058202609
0905010051059202609
0905010051060202609
0905010060053202609
0905010060058202609
0905010060059202609
0905010060060202609
0905010078053202609
0905010078058202609
0905010078059202609
0905010078060202609
0905010078063202609
0906010012053202609
0906010012058202609
0906010012059202609
0906010012060202609
0906010020053202609
0906010020058202609
0906010020059202609
0906010020060202609
0906010039053202609
0906010039058202609
0906010039059202609
0906010039060202609
0906010047053202609
0906010047058202609
0906010047059202609
0906010047060202609
0906010055053202609
0906010055058202609
0906010055059202609
0906010055060202609
0907010016053202609
0907010016058202609
0907010016059202609
0907010016060202609
0907010016064202609
0907010024053202609
0907010024058202609
0907010024059202609
0907010024071202609
0908010010043202609
0908010010053202609
0908010010058202609
0908010010059202609
0908010028043202609
0908010028053202609
0908010028058202609
0908010028059202609
0908010036043202609
0908010036053202609
0908010036058202609
0908010036059202609
0908010036067202609
0908010044043202609
0908010044053202609
0908010044057202609
0908010044058202609
0908010044059202609
0908010052043202609
0908010052053202609
0908010052058202609
0908010052059202609
0908010052068202609
0908010060043202609
0908010060053202609
0908010060058202609
0908010060059202609
0908010060069202609
0908010079043202609
0908010079053202609
0908010079058202609
0908010079059202609
0908010079070202609
0908010087043202609
0908010087053202609
0908010087058202609
0908010087059202609
