010101001001202609
010101002801202609
010101003601202609
010101009501202609
010101010901202609
010101011701202609
010101012501202609
010101013301202609
010101014101202609
010101015001202609
010101016801202609
010101017601202609
010101018401202609
010101019201202609
010101020601202609
010101021401202609
010101022201202609
010101023001202609
010101024901202609
010101025701202609
010101026501202609
010101027301202609
010101028101202609
010101029001202609
010101030301202609
010102001501202609
010102002301202609
010102003101202609
010102004001202609
010102005801202609
010102005802202609
010102005803202609
010102005806202609
010102006601202609
010102006602202609
010102006603202609
010102007401202609
010102007402202609
010102007403202609
010102008201202609
010102009001202609
010102009002202609
010102009003202609
010102010401202609
010102010406202609
010102011201202609
010102011206202609
010102012001202609
010102012006202609
010103001001202609
010103001006202609
010103002901202609
010104002401202609
010104003201202609
010104004001202609
010104005901202609
010104005902202609
010104007501202609
010104008301202609
010104009101202609
010104010501202609
010104011301202609
010104012101202609
010105001101202609
010105001102202609
010105001103202609
010105001106202609
010105002001202609
010105002002202609
010105002003202609
010105002006202609
010105004601202609
010105004602202609
010105004603202609
010105004606202609
010105005401202609
010105005402202609
010105005403202609
010105005406202609
010105006201202609
010105006202202609
010105006203202609
010105006206202609
010105007001202609
010105007002202609
010105007003202609
010105007006202609
010105008901202609
010105008902202609
010105008903202609
010105008906202609
010105009701202609
010105009702202609
010105009703202609
010105009706202609
010105010001202609
010105010006202609
010105011901202609
010105011902202609
010105011903202609
010105011906202609
010105012701202609
010105012702202609
010105012703202609
010105012706202609
010105013501202609
010105013502202609
010105013503202609
010105013506202609
010105014301202609
010105014302202609
010105014303202609
010105014306202609
010105015101202609
010105015106202609
010105016001202609
010105016006202609
010105017801202609
010105017806202609
010105018601202609
010105019401202609
010105020801202609
010105021601202609
010105022401202609
010105023201202609
010105024001202609
010105025901202609
010105026701202609
010201005601202609
010201006401202609
010201007201202609
010201014501202609
010201015301202609
010201016101202609
010201017001202609
010201018801202609
010201019601202609
010201020001202609
010201021801202609
010201022601202609
010201023401202609
010201024201202609
010201025001202609
010201026901202609
010201027701202609
010201028501202609
010201029301202609
010201030701202609
010201031501202609
010201032301202609
010201033101202609
010201034001202609
010201035801202609
010201036601202609
010201037401202609
010201038201202609
010201039001202609
010201040401202609
010201041201202609
010201042001202609
010201043901202609
010201044701202609
010201045501202609
010201046301202609
010201047101202609
010201048001202609
010201049801202609
010201050101202609
010201051001202609
010201052801202609
010201053601202609
010201054401202609
010201055201202609
010201056001202609
010201057901202609
010201058701202609
010201059501202609
010201060901202609
010201061701202609
010201062501202609
010201063301202609
010201064101202609
010201065001202609
010201066801202609
010202001901202609
010202002701202609
010202003501202609
010202004301202609
010202005101202609
010202006001202609
010202007801202609
010202008601202609
010202009401202609
010202010801202609
010202011601202609
010202012401202609
010202013201202609
010202014001202609
020101001101202609
020101001102202609
020101001103202609
020101002001202609
020101002002202609
020101002003202609
020101003802202609
020101003803202609
020101004601202609
020101004602202609
020101004603202609
020101005402202609
020101005403202609
020101006201202609
020101006202202609
020101006203202609
020101007001202609
020101007002202609
020101007003202609
020101008901202609
020101008902202609
020101008903202609
020101009701202609
020101009702202609
020101009703202609
020101010001202609
020101010002202609
020101010003202609
020101011901202609
020101011902202609
020101011903202609
020101012702202609
020101012703202609
020101013502202609
020101013503202609
020101014302202609
020101014303202609
020101015101202609
020101015102202609
020101015103202609
020101016001202609
020101016002202609
020101016003202609
020101017801202609
020101017802202609
020101017803202609
020101018601202609
020101018602202609
020101018603202609
020101019401202609
020101019402202609
020101019403202609
020101020802202609
020101020803202609
020101021601202609
020101021602202609
020101021603202609
020101022401202609
020101022402202609
020101022403202609
020101023201202609
020101023202202609
020101023203202609
020101024001202609
020101024002202609
020101024003202609
020101025902202609
020101025903202609
020101026701202609
020101026702202609
020101026703202609
020101027501202609
020101027502202609
020101027503202609
020101028301202609
020101028302202609
020101028303202609
020101029101202609
020101029102202609
020101029103202609
020101030501202609
020101030502202609
020101030503202609
020101031301202609
020101031302202609
020101031303202609
020101032101202609
020101032102202609
020101032103202609
020101033001202609
020101033002202609
020101033003202609
020101034801202609
020101034802202609
020101034803202609
020101035601202609
020101036401202609
020101037201202609
020101037202202609
020101037203202609
020101038001202609
020101038002202609
020101038003202609
020101039901202609
020101039902202609
020101039903202609
020101040201202609
020101040202202609
020101040203202609
020101041001202609
020101041002202609
020101041003202609
020101042902202609
020101043701202609
020101043702202609
020101043703202609
020101044501202609
020101044502202609
020101044503202609
020101045301202609
020101045302202609
020101045303202609
020101046101202609
020101046102202609
020101046103202609
020101047001202609
020101047002202609
020101047003202609
020101048801202609
020101048802202609
020101048803202609
020101049601202609
020101049602202609
020101049603202609
020101050001202609
020101050002202609
020101050003202609
020101051801202609
020101051802202609
020101051803202609
020101052601202609
020101052602202609
020101052603202609
020101053402202609
020101053403202609
020101054201202609
020101054202202609
020101054203202609
020101055002202609
020101055003202609
020101056901202609
020101056902202609
020101056903202609
020101058501202609
020101059301202609
020101059302202609
020101059303202609
020101060701202609
020101061501202609
020101061502202609
020101061503202609
020101062301202609
020101062302202609
020101062303202609
020101063101202609
020101063102202609
020101063103202609
020101064001202609
020101064002202609
020101064003202609
020101065801202609
020101065802202609
020101065803202609
020101066601202609
020101066602202609
020101066603202609
020102001701202609
020102001702202609
020102001703202609
020102002501202609
020102002502202609
020102002503202609
020102003301202609
020102003302202609
020102003303202609
020102003306202609
020102004101202609
020102004102202609
020102004103202609
020102004106202609
020102005001202609
020102005002202609
020102005003202609
020102006801202609
020102007601202609
020102008401202609
020201001501202609
020201001502202609
020201001503202609
020201002301202609
020201002302202609
020201002303202609
020201003101202609
020201003102202609
020201003103202609
020201004001202609
020201004002202609
020201004003202609
020201005801202609
020201005802202609
020201005803202609
020201006601202609
020201006602202609
020201006603202609
020201007401202609
020201007402202609
020201007403202609
020201008201202609
020201008202202609
020201008203202609
020201009001202609
020201009002202609
020201009003202609
020201010401202609
020201010402202609
020201010403202609
020201011201202609
020201011202202609
020201011203202609
020201012001202609
020201012002202609
020201012003202609
020201013901202609
020201013902202609
020201013903202609
020201014701202609
020201014702202609
020201014703202609
020201015501202609
020201015502202609
020201015503202609
020201016301202609
020201016302202609
020201016303202609
020201017101202609
020201017102202609
020201017103202609
020201018001202609
020201018002202609
020201018003202609
020201019801202609
020201019802202609
020201019803202609
020201020101202609
020201020102202609
020201020103202609
020201021001202609
020201021002202609
020201021003202609
020201022801202609
020201022802202609
020201022803202609
020201023601202609
020201023602202609
020201023603202609
020201024402202609
020201024403202609
020201025201202609
020201025202202609
020201025203202609
020201026001202609
020201026002202609
020201026003202609
020201027901202609
020201027902202609
020201027903202609
020201028701202609
020201028702202609
020201028703202609
020201029501202609
020201029502202609
020201029503202609
020201030901202609
020201030902202609
020201030903202609
020201031701202609
020201031702202609
020201031703202609
020201032501202609
020201032502202609
020201032503202609
020201033301202609
020201033302202609
020201033303202609
020201034101202609
020201034102202609
020201034103202609
020201035001202609
020201035002202609
020201035003202609
020201036801202609
020201036802202609
020201036803202609
020201037601202609
020201037602202609
020201037603202609
020201038401202609
020201038402202609
020201038403202609
020201039201202609
020201039202202609
020201039203202609
020201040601202609
020201040602202609
020201040603202609
020201041401202609
020201041402202609
020201041403202609
020201042201202609
020201042202202609
020201042203202609
020201043001202609
020201043002202609
020201043003202609
020201044901202609
020201044902202609
020201044903202609
020201045701202609
020201045702202609
020201045703202609
020201046501202609
020201046502202609
020201046503202609
020201047301202609
020201047302202609
020201047303202609
020201048101202609
020201048102202609
020201048103202609
020201049001202609
020201049002202609
020201049003202609
020201050301202609
020201050302202609
020201050303202609
020201051101202609
020201051102202609
020201051103202609
020201052001202609
020201053801202609
020201053802202609
020201053803202609
020201054601202609
020201054602202609
020201054603202609
020201055401202609
020201055402202609
020201055403202609
020201056201202609
020201056202202609
020201056203202609
020201057001202609
020201057002202609
020201057003202609
020201058901202609
020201058902202609
020201058903202609
020201059701202609
020201059702202609
020201059703202609
020201060001202609
020201060002202609
020201060003202609
020201061901202609
020201061902202609
020201061903202609
020201062701202609
020201062702202609
020201062703202609
020201063501202609
020201063502202609
020201063503202609
020201064301202609
020201064302202609
020201064303202609
020201065101202609
020201065102202609
020201065103202609
020201066001202609
020201066002202609
020201066003202609
020201067801202609
020201067802202609
020201067803202609
020201068601202609
020201068602202609
020201068603202609
020201069401202609
020201069402202609
020201069403202609
020201070801202609
020201070802202609
020201070803202609
020201071601202609
020201071602202609
020201071603202609
020201072401202609
020201072402202609
020201072403202609
020201073201202609
020201073202202609
020201073203202609
020201074001202609
020201074002202609
020201074003202609
020201075901202609
020201075902202609
020201075903202609
020201076701202609
020201076702202609
020201076703202609
020201077501202609
020201078301202609
020201079101202609
020202001001202609
020202001002202609
020202001003202609
020202002901202609
020202002902202609
020202002903202609
020202003701202609
020202003702202609
020202003703202609
020202004501202609
020202004502202609
020202004503202609
020202005301202609
020202005302202609
020202005303202609
020202006101202609
020202006102202609
020202006103202609
020202007001202609
020202007002202609
020202007003202609
020202008801202609
020202008802202609
020202008803202609
020202009601202609
020202009602202609
020202009603202609
020202010001202609
020202010002202609
020202010003202609
020202011801202609
020202012601202609
020202012602202609
020202013401202609
020202013402202609
020202013403202609
020202014201202609
020202014202202609
020202014203202609
020202015001202609
020202015002202609
020202015003202609
020202016901202609
020202016902202609
020202016903202609
020202017701202609
020202017702202609
020202017703202609
020202018501202609
020202018502202609
020202018503202609
020202019301202609
020202019302202609
020202019303202609
020202020701202609
020202020702202609
020202020703202609
020202021501202609
020202021502202609
020202021503202609
020202022301202609
020202022302202609
020202022303202609
020202023101202609
020202023102202609
020202023103202609
020202024001202609
020202024002202609
020202024003202609
020202025801202609
020202025802202609
020202025803202609
020202026601202609
020202026602202609
020202026603202609
020202027401202609
020202027402202609
020202027403202609
020202028201202609
020202028202202609
020202028203202609
020202029001202609
020202029002202609
020202029003202609
020202030401202609
020202030402202609
020202030403202609
020202031201202609
020202031202202609
020202031203202609
020202032001202609
020202032002202609
020202032003202609
020202033901202609
020202033902202609
020202033903202609
020202034701202609
020202034702202609
020202034703202609
020202035501202609
020202035502202609
020202035503202609
020202036301202609
020202036302202609
020202036303202609
020202037101202609
020202037102202609
020202037103202609
020202038001202609
020202038002202609
020202038003202609
020202039801202609
020202039802202609
020202039803202609
020202040101202609
020202040102202609
020202040103202609
020202041001202609
020202041002202609
020202041003202609
020202042801202609
020202042802202609
020202042803202609
020202043601202609
020202043602202609
020202043603202609
020202044401202609
020202044402202609
020202044403202609
020202045201202609
020202045202202609
020202045203202609
020202046001202609
020202046002202609
020202046003202609
020202047902202609
020202048701202609
020202048702202609
020202048703202609
020202049501202609
020202049502202609
020202049503202609
020202050901202609
020202050902202609
020202050903202609
020202051701202609
020202052501202609
020202052502202609
020202052503202609
020202053301202609
020202053302202609
020202053303202609
020202054101202609
020202054102202609
020202054103202609
020202055001202609
020202055002202609
020202056801202609
020202056802202609
020202057601202609
020202057602202609
020203001601202609
020203001602202609
020203001603202609
020203002401202609
020203002402202609
020203002403202609
020203003201202609
020203003202202609
020203003203202609
020203004001202609
020203004002202609
020203004003202609
020203005901202609
020203005902202609
020203005903202609
020203006701202609
020203006702202609
020203006703202609
020203007501202609
020203007502202609
020203007503202609
020203008301202609
020203008302202609
020203008303202609
020203009101202609
020203009102202609
020203009103202609
020203010501202609
020203010502202609
020203010503202609
020203011301202609
020203011302202609
020203011303202609
020203012101202609
020203012102202609
020203012103202609
020203013001202609
020203013002202609
020203013003202609
020203014801202609
020203014802202609
020203014803202609
020203015601202609
020203015602202609
020203015603202609
020203016401202609
020203016402202609
020203016403202609
020203017202202609
020203017203202609
020203018001202609
020203018002202609
020203018003202609
020203019901202609
020203019902202609
020203019903202609
020203020201202609
020203020202202609
020203020203202609
020203022901202609
020203022902202609
020203022903202609
020203023701202609
020203023702202609
020203024501202609
020203024502202609
020203024503202609
020203024506202609
020203025301202609
020203025302202609
020203025303202609
020203026101202609
020203027001202609
020203027002202609
020203027003202609
020203028801202609
020203028802202609
020203028803202609
020203029601202609
020203029602202609
020203029603202609
020203032601202609
020203032602202609
020203032603202609
020203033401202609
020203033402202609
020203033403202609
020203034201202609
020203034202202609
020203034203202609
020203035001202609
020203035002202609
020203035003202609
020203036901202609
020203036902202609
020203036903202609
020203037701202609
020203037702202609
020203037703202609
020203038501202609
020203038502202609
020203038503202609
020203039301202609
020203039302202609
020203039303202609
020203040701202609
020203040702202609
020203040703202609
020203041501202609
020203041502202609
020203041503202609
020203042301202609
020203042302202609
020203042303202609
020203043101202609
020203043102202609
020203043103202609
020203044001202609
020203044002202609
020203044003202609
020203045801202609
020203045802202609
020203045803202609
020203046601202609
020203046602202609
020203046603202609
020203047401202609
020203047402202609
020203047403202609
020203048201202609
020203048202202609
020203048203202609
020203050401202609
020203050402202609
020203050403202609
020203051201202609
020203051202202609
020203051203202609
020203052001202609
020203052002202609
020203052003202609
020203053901202609
020203053902202609
020203053903202609
020203054701202609
020203054702202609
020203054703202609
020203055501202609
020203055502202609
020203055503202609
020203056301202609
020203056302202609
020203056303202609
020203057101202609
020203057102202609
020203057103202609
020203058001202609
020203058002202609
020203058003202609
020203059801202609
020203059802202609
020203059803202609
020203060101202609
020203060102202609
020203061001202609
020203061002202609
020203061003202609
020203062801202609
020203062802202609
020203062803202609
020203063601202609
020203063602202609
020203063603202609
020203064401202609
020203064402202609
020203064403202609
020203065201202609
020203065202202609
020203065203202609
020203066001202609
020203066002202609
020203066003202609
020203068701202609
020203068702202609
020203068703202609
020203069501202609
020203069502202609
020203069503202609
020203070901202609
020203070902202609
020203070903202609
020203071701202609
020203071702202609
020203071703202609
020203072501202609
020203072502202609
020203072503202609
020203073301202609
020203073302202609
020203073303202609
020203074101202609
020203074102202609
020203074103202609
020203075001202609
020203075002202609
020203075003202609
020203076801202609
020203076802202609
020203076803202609
020203077601202609
020203077602202609
020203077603202609
020203078401202609
020203078402202609
020203078403202609
020203079201202609
020203079202202609
020203079203202609
020203080601202609
020203080602202609
020203080603202609
020203081401202609
020203081402202609
020203081403202609
020203082201202609
020203082202202609
020203082203202609
020203083001202609
020203083002202609
020203083003202609
020203084901202609
020203084902202609
020203084903202609
020203085701202609
020203085702202609
020203085703202609
020203086501202609
020203086502202609
020203086503202609
020203087301202609
020203087302202609
020203087303202609
020203088101202609
020203088102202609
020203088103202609
020203089001202609
020203089002202609
020203089003202609
020203090301202609
020203090302202609
020203090303202609
020203091101202609
020203091102202609
020203091103202609
020203092001202609
020203092002202609
020203092003202609
020203093801202609
020203093802202609
020203093803202609
020203094601202609
020203094602202609
020203094603202609
020203095401202609
020203095402202609
020203095403202609
020203096201202609
020203096202202609
020203096203202609
020203098901202609
020203098902202609
020203098903202609
020203099701202609
020203099702202609
020203099703202609
020203100401202609
020203100402202609
020203100403202609
020203101201202609
020203101202202609
020203101203202609
020203103901202609
020203103902202609
020203103903202609
020203104701202609
020203104702202609
020203104703202609
020203105501202609
020203106301202609
020203106302202609
020203106303202609
020203107101202609
020203107102202609
020203107103202609
020203108001202609
020203110101202609
020203110102202609
020203110103202609
020203111001202609
020203111002202609
020203111003202609
020203114401202609
020203114402202609
020203114403202609
020203115201202609
020203115202202609
020203115203202609
020203117901202609
020203117902202609
020203117903202609
020203118701202609
020203118702202609
020203118703202609
020203119501202609
020203119502202609
020203119503202609
020203120901202609
020203120902202609
020203120903202609
020203121701202609
020203122501202609
020203122502202609
020203122503202609
020203123301202609
020203123302202609
020203123303202609
020203124101202609
020203127601202609
020203127602202609
020203127603202609
020203128401202609
020203128402202609
020203129201202609
020203129202202609
020203130601202609
020203130602202609
020203131401202609
020203131402202609
020203132201202609
020203132202202609
020203136501202609
020203136502202609
020203136503202609
020203137301202609
020203137302202609
020203137303202609
020203138101202609
020203138102202609
020203138103202609
020203139001202609
020203139002202609
020203139003202609
020203140301202609
020203140302202609
020203140303202609
020203141101202609
020203141102202609
020203141103202609
020203142001202609
020203142002202609
020203142003202609
020203143801202609
020203143802202609
020203143803202609
020203144601202609
020203144602202609
020203144603202609
020203145401202609
020203145402202609
020203145403202609
020203146201202609
020203146202202609
020203146203202609
020203147001202609
020203147002202609
020203147003202609
020203148901202609
020203148902202609
020203148903202609
020203149701202609
020203149702202609
020203149703202609
020203150001202609
020203150002202609
020203150003202609
020203151901202609
020203151902202609
020203151903202609
020203152701202609
020203152702202609
020203152703202609
020203153501202609
020203153502202609
020203153503202609
020203154301202609
020203154302202609
020203154303202609
020203155101202609
020203155102202609
020203155103202609
020203156001202609
020203157801202609
020203158601202609
020203159401202609
020203160801202609
020203161601202609
020203162401202609
020203162402202609
020203162403202609
020204001101202609
020204001102202609
020204001103202609
020204002001202609
020204002002202609
020204002003202609
020204003801202609
020204003802202609
020204003803202609
020204004601202609
020204004602202609
020204004603202609
020204005401202609
020204005402202609
020204005403202609
020204006201202609
020204006202202609
020204006203202609
020204007001202609
020204007002202609
020204007003202609
020204008901202609
020204008902202609
020204008903202609
020204009701202609
020204009702202609
020204009703202609
020204010001202609
020204010002202609
020204010003202609
020204011901202609
020204012701202609
020204012702202609
020204012703202609
020204013501202609
020204013502202609
020204013503202609
020204014301202609
020204014302202609
020204014303202609
020204015101202609
020204015102202609
020204015103202609
020204016001202609
020204016002202609
020204016003202609
020204017801202609
020204017802202609
020204017803202609
020204018601202609
020204018602202609
020204019401202609
020204019402202609
020205001701202609
020205001702202609
020205001703202609
020205002501202609
020205002502202609
020205002503202609
020205003301202609
020205003302202609
020205003303202609
020205004101202609
020205004102202609
020205004103202609
020205005001202609
020205005002202609
020205005003202609
020205006801202609
020205006802202609
020205006803202609
020205007601202609
020205007602202609
020205007603202609
020205008401202609
020205008402202609
020205008403202609
020205009201202609
020205009202202609
020205009203202609
020205010601202609
020205010602202609
020205010603202609
020205011401202609
020205011402202609
020205011403202609
020205012201202609
020205012202202609
020205012203202609
020205013001202609
020205013002202609
020205013003202609
020205014901202609
020205014902202609
020205014903202609
020205015701202609
020205015702202609
020205015703202609
020205016501202609
020205016502202609
020205016503202609
020205017301202609
020205017302202609
020205017303202609
020205018101202609
020205018102202609
020205018103202609
020205019001202609
020205019002202609
020205019003202609
020205020301202609
020205020302202609
020205020303202609
020205021101202609
020205021102202609
020205021103202609
020205022001202609
020205022002202609
020205022003202609
020205023801202609
020205023802202609
020205023803202609
020205024601202609
020205024602202609
020205024603202609
020205025401202609
020205025402202609
020205025403202609
020205026201202609
020205026202202609
020205026203202609
020205027001202609
020205027002202609
020205027003202609
020205028901202609
020205028902202609
020205028903202609
020205029701202609
020205029702202609
020205029703202609
020205030001202609
020205030002202609
020205030003202609
020205031901202609
020205031902202609
020205031903202609
020205032701202609
020205032702202609
020205032703202609
020206001201202609
020206001202202609
020206001203202609
020206002001202609
020206002002202609
020206002003202609
020206003901202609
020206003902202609
020206003903202609
020206004701202609
020206004702202609
020206004703202609
020206005501202609
020206005502202609
020206005503202609
020206006301202609
020206006302202609
020206006303202609
020206007101202609
020206007102202609
020206007103202609
020206008001202609
020206008002202609
020206008003202609
020206009801202609
020206009802202609
020206009803202609
020206010101202609
020206010102202609
020206010103202609
020206011001202609
020206011002202609
020206011003202609
020206012801202609
020206012802202609
020206012803202609
020206013601202609
020206013602202609
020206013603202609
020206014401202609
020206014402202609
020206014403202609
020206015201202609
020206015202202609
020206015203202609
020206016001202609
020206016002202609
020206016003202609
020206017901202609
020206017902202609
020206017903202609
020206018701202609
020206018702202609
020206018703202609
020206019501202609
020206019502202609
020206019503202609
020206020901202609
020206020902202609
020206020903202609
020206021701202609
020206021702202609
020206021703202609
020206022501202609
020206022502202609
020206022503202609
020206023301202609
020206023302202609
020206023303202609
020206024101202609
020206024102202609
020206024103202609
020206025001202609
020206025002202609
020206025003202609
020206026801202609
020206026802202609
020206026803202609
020206027601202609
020206028401202609
020206028402202609
020206028403202609
020206029201202609
020206029202202609
020206029203202609
020206030601202609
020206030602202609
020206030603202609
020206031401202609
020206031402202609
020206031403202609
020206032201202609
020206033001202609
020206033002202609
020206033003202609
020206034901202609
020206034902202609
020206034903202609
020206035701202609
020206035702202609
020206036501202609
020206036502202609
020206036503202609
020206037301202609
020206037302202609
020206037303202609
020206038101202609
020206038102202609
020206038103202609
020206039001202609
020206039002202609
020206039003202609
020206040301202609
020206040302202609
020206040303202609
020206041101202609
020206041102202609
020206041103202609
020206042001202609
020206042002202609
020206042003202609
020206043801202609
020206043802202609
020206043803202609
020206044601202609
020206044602202609
020206044603202609
020206045401202609
020206045402202609
020206045403202609
020206046201202609
020206046202202609
020206046203202609
020206047001202609
020206047002202609
020206047003202609
020207001801202609
020207001802202609
020207001803202609
020207002601202609
020207002602202609
020207002603202609
020207003401202609
020207003402202609
020207003403202609
020207004201202609
020207004202202609
020207004203202609
020207005001202609
020207005002202609
020207005003202609
020207006901202609
020207006902202609
020207006903202609
020207007701202609
020207007702202609
020207007703202609
020207008501202609
020207008502202609
020207008503202609
020207009301202609
020207009302202609
020207009303202609
020207010701202609
020207010702202609
020207010703202609
020207011501202609
020207011502202609
020207011503202609
020207012301202609
020207012302202609
020207012303202609
020207013101202609
020207013102202609
020207013103202609
020207014001202609
020207014002202609
020207014003202609
020207015801202609
020207015802202609
020207015803202609
020207016601202609
020207016602202609
020207016603202609
020207017401202609
020207017402202609
020207017403202609
020207018201202609
020207018202202609
020207018203202609
020207019001202609
020207019002202609
020207019003202609
020207020401202609
020207020402202609
020207020403202609
020207021201202609
020207021202202609
020207021203202609
020207022001202609
020207022002202609
020207022003202609
020207023901202609
020207023902202609
020207023903202609
020207024701202609
020207024702202609
020207024703202609
020207025501202609
020207025502202609
020207025503202609
020207026301202609
020207026302202609
020207026303202609
020207027101202609
020207027102202609
020207027103202609
020207028001202609
020207028002202609
020207028003202609
020207029801202609
020207029802202609
020207029803202609
020207030101202609
020207030102202609
020207030103202609
020207031001202609
020207031002202609
020207031003202609
020207032801202609
020207032802202609
020207032803202609
020207033601202609
020207033602202609
020207033603202609
020207034401202609
020207034402202609
020207034403202609
020207035201202609
020207035202202609
020207035203202609
020208001301202609
020208001302202609
020208001303202609
020208002101202609
020208002102202609
020208002103202609
020208003001202609
020208003002202609
020208003003202609
020208004801202609
020208004802202609
020208004803202609
020208005601202609
020208005602202609
020208005603202609
020208006401202609
020208006402202609
020208006403202609
020208007201202609
020208007202202609
020208007203202609
020208008001202609
020208008002202609
020208008003202609
020208009901202609
020208009902202609
020208009903202609
020208010201202609
020208010202202609
020208010203202609
020208011001202609
020208011002202609
020208011003202609
020208012901202609
020208012902202609
020208012903202609
020208013701202609
020208013702202609
020208013703202609
020208014501202609
020208014502202609
020208014503202609
020208015301202609
020208015302202609
020208015303202609
020208016101202609
020208016102202609
020208016103202609
020208017001202609
020208017002202609
020208017003202609
020208018801202609
020208018802202609
020208018803202609
020208019601202609
020208019602202609
020208019603202609
020208020001202609
020208020002202609
020208020003202609
020208021801202609
020208021802202609
020208021803202609
020208022601202609
020208022602202609
020208022603202609
020208023401202609
020208023402202609
020208023403202609
020208024201202609
020208025001202609
020208025002202609
020208025003202609
020209001901202609
020209001902202609
020209001903202609
020209002701202609
020209002702202609
020209002703202609
020209003501202609
020209003502202609
020209003503202609
020209004301202609
020209004302202609
020209004303202609
020209005101202609
020209005102202609
020209005103202609
020209006001202609
020209006002202609
020209006003202609
020209007801202609
020209007802202609
020209007803202609
020209008601202609
020209008602202609
020209008603202609
020209009401202609
020209009402202609
020209009403202609
020209010801202609
020209010802202609
020209010803202609
020209011601202609
020209012401202609
020209012402202609
020209012403202609
020209013201202609
020209013202202609
020209013203202609
020209014002202609
020209015901202609
020209015902202609
020209015903202609
020209016701202609
020209016702202609
020209016703202609
020209017501202609
020209017502202609
020209017503202609
020209018301202609
020209018302202609
020209018303202609
020209019101202609
020209019102202609
020209019103202609
020209021301202609
020209021302202609
020209021303202609
020209022101202609
020209022102202609
020209022103202609
020209023001202609
020209023002202609
020209023003202609
020209024801202609
020209024802202609
020209024803202609
020209025601202609
020209025602202609
020209025603202609
020209026401202609
020209026402202609
020209026403202609
020209027201202609
020209027202202609
020209027203202609
020209028001202609
020209028002202609
020209028003202609
020209029901202609
020209029902202609
020209029903202609
020209030201202609
020209030202202609
020209030203202609
020209031001202609
020209031002202609
020209031003202609
020209032901202609
020209032902202609
020209032903202609
020209033701202609
020209033702202609
020209033703202609
020209034501202609
020209034502202609
020209034503202609
020209035301202609
020209035302202609
020209035303202609
020209036101202609
020209036102202609
020209036103202609
020210001401202609
020210001402202609
020210002201202609
020210002202202609
020210003001202609
020210003002202609
020210004901202609
020210004902202609
020210005701202609
020210006501202609
020210007301202609
020210008101202609
020210009001202609
020210010301202609
020210011101202609
020210012001202609
020210013801202609
020210014601202609
020210015401202609
020210016201202609
020210017001202609
020210018901202609
020210019701202609
020210020001202609
020210021901202609
020210021902202609
020210022701202609
020210022702202609
020210023501202609
020210023502202609
020210024301202609
020210024302202609
020210025101202609
020211001001202609
020211002801202609
020211003601202609
020211004401202609
020211005201202609
020211006001202609
020211007901202609
020211008701202609
020211009501202609
020211010901202609
020211011701202609
020211012501202609
020211013301202609
020211014101202609
020211015001202609
020212001501202609
020212001502202609
020212001503202609
020212002301202609
020212002302202609
020212002303202609
020212003101202609
020212003102202609
020212003103202609
020212004001202609
020212004002202609
020212004003202609
020212005801202609
020212005802202609
020212005803202609
020212006601202609
020212006602202609
020212006603202609
020212007401202609
020212007402202609
020212007403202609
020212008201202609
020212008202202609
020212008203202609
020212009001202609
020212009002202609
020212009003202609
020212010401202609
020212010402202609
020212010403202609
020301001901202609
020301002701202609
020301002702202609
020301002703202609
020301003501202609
020301003502202609
020301003503202609
020301004301202609
020301007801202609
020301008601202609
020302001401202609
020302002201202609
020302002202202609
020302003001202609
020302003002202609
020302003003202609
020302004901202609
020302004902202609
020302005702202609
020302006501202609
020302007301202609
020302008101202609
020401001201202609
020401001202202609
020401001203202609
020401002001202609
020401002002202609
020401002003202609
020401003901202609
020401003902202609
020401003903202609
020401004701202609
020401004702202609
020401004703202609
020401005501202609
020401005502202609
020401005503202609
020401006301202609
020401006302202609
020401006303202609
020401007101202609
020401007102202609
020401007103202609
020401008001202609
020401008002202609
020401008003202609
020401009801202609
020401009802202609
020401009803202609
020401010101202609
020401010102202609
020401010103202609
020401011001202609
020401011002202609
020401011003202609
020401012801202609
020401012802202609
020401012803202609
020401013601202609
020401013602202609
020401013603202609
020401014401202609
020401014402202609
020401014403202609
020401015201202609
020401015202202609
020401015203202609
020401016001202609
020401016002202609
020401016003202609
020401017901202609
020401017902202609
020401017903202609
020401019501202609
020401019502202609
020401019503202609
020401020901202609
020401020902202609
020401020903202609
020401021701202609
020401021702202609
020401021703202609
020401021706202609
020401022501202609
020401022502202609
020401022503202609
020401022506202609
020402001801202609
020402001802202609
020402001803202609
020402002601202609
020402002602202609
020402002603202609
020402003401202609
020402003402202609
020402003403202609
020402004201202609
020402004202202609
020402004203202609
020402005001202609
020402005002202609
020402005003202609
020402006901202609
020402006902202609
020402006903202609
020402007701202609
020402007702202609
020402007703202609
020402008501202609
020402008502202609
020402008503202609
020402009301202609
020402009302202609
020402010701202609
020402010702202609
020402010703202609
020402011501202609
020402011502202609
020402011503202609
020402012301202609
020402012302202609
020402012303202609
020402013101202609
020402013102202609
020402013103202609
020403001301202609
020403001302202609
020403001303202609
020403002101202609
020403002102202609
020403002103202609
020403003001202609
020403004801202609
020403004802202609
020403004803202609
020403005601202609
020403005602202609
020403005603202609
020403006401202609
020403006402202609
020403006403202609
020403007201202609
020403007202202609
020403007203202609
020403008001202609
020403008002202609
020403008003202609
020403009901202609
020403009902202609
020403009903202609
020403010201202609
020403010202202609
020403010203202609
020403011001202609
020403011002202609
020403011003202609
020403012901202609
020403012902202609
020403012903202609
020403013701202609
020403013702202609
020403013703202609
020403014501202609
020403014502202609
020403014503202609
020403015301202609
020403015302202609
020403015303202609
020403016101202609
020403017001202609
020403017002202609
020403017003202609
020403018801202609
020404001901202609
020404001902202609
020404001903202609
020404002701202609
020404002702202609
020404002703202609
020404003501202609
020404003502202609
020404003503202609
020404004301202609
020404004302202609
020404004303202609
020404005101202609
020404005102202609
020404005103202609
020404006001202609
020404006002202609
020404006003202609
020404007801202609
020404007802202609
020404007803202609
020404008601202609
020404008602202609
020404008603202609
020404009401202609
020404009402202609
020404009403202609
020404010801202609
020404010802202609
020404010803202609
020404011601202609
020404011602202609
020404011603202609
020404012401202609
020404012402202609
020405001401202609
020405001402202609
020405001403202609
020405002201202609
020405002202202609
020405002203202609
020405003001202609
020405003002202609
020405003003202609
020405004901202609
020405004902202609
020405004903202609
020405005701202609
020405005702202609
020405005703202609
020405006501202609
020405006502202609
020405006503202609
020405007301202609
020405007302202609
020405007303202609
020405008101202609
020405008102202609
020405008103202609
020405009002202609
020405009003202609
020405010301202609
020405010302202609
020405010303202609
020405011101202609
020405011102202609
020405011103202609
020405012001202609
020405012002202609
020405012003202609
020405013801202609
020405013802202609
020405013803202609
020405014601202609
020405014602202609
020405014603202609
020405015401202609
020405015402202609
020405015403202609
020405016201202609
020405016202202609
020405016203202609
020405017001202609
020405017002202609
020405017003202609
020405018901202609
020405018902202609
020405018903202609
020406001001202609
020406001002202609
020406001003202609
020406002801202609
020406002802202609
020406002803202609
020406003601202609
020406003602202609
020406003603202609
020406004401202609
020406004402202609
020406004403202609
020406005201202609
020406006001202609
020406006002202609
020406006003202609
020406007901202609
020406007902202609
020406007903202609
020406008701202609
020406008702202609
020406008703202609
020406009501202609
020406009502202609
020406009503202609
020406010901202609
020406010902202609
020406010903202609
020406011701202609
020406011702202609
020406011703202609
020406012501202609
020406012502202609
020406012503202609
020406013301202609
020406013302202609
020406013303202609
020406014101202609
020406014102202609
020406014103202609
020406015001202609
020406015002202609
020406015003202609
020406016801202609
020406016802202609
020406016803202609
020406017601202609
020406017602202609
020406017603202609
020501001601202609
020501001602202609
020501001603202609
020501002401202609
020501002402202609
020501002403202609
020501003201202609
020501003202202609
020501003203202609
020501004001202609
020501004002202609
020501004003202609
020501005901202609
020501005902202609
020501005903202609
020502001101202609
020502001102202609
020502001103202609
020502002001202609
020502003801202609
020502003802202609
020502003803202609
020502004601202609
020502004602202609
020502004603202609
020502005401202609
020502005402202609
020502005403202609
020502006201202609
020502006202202609
020502006203202609
020502007001202609
020502007002202609
020502007003202609
020502008901202609
020502008902202609
020502008903202609
020502009701202609
020502009702202609
020502009703202609
020502010001202609
020502010002202609
020502010003202609
020502011901202609
020502011902202609
020502011903202609
020502012701202609
020502012702202609
020502012703202609
020502013501202609
020502013502202609
020502013503202609
020502014301202609
020502014302202609
020502014303202609
020502015101202609
020502015102202609
020502016001202609
020502016002202609
020502016003202609
020502017801202609
020502017802202609
020502017803202609
020502018601202609
020502018602202609
020502018603202609
020502019401202609
020502019402202609
020502019403202609
020502022401202609
020502022402202609
020502022403202609
020601001001202609
020601001002202609
020601001003202609
020601002801202609
020601002802202609
020601002803202609
020601003601202609
020601003602202609
020601003603202609
020601004401202609
020601004402202609
020601004403202609
020601005201202609
020601005202202609
020601005203202609
020601006001202609
020601006002202609
020601006003202609
020601007901202609
020601007902202609
020601007903202609
020601008701202609
020601008702202609
020601008703202609
020601009501202609
020602001501202609
020602001502202609
020602001503202609
020602002301202609
020602002302202609
020602002303202609
020602003101202609
020602003102202609
020602003103202609
020602004002202609
020602004003202609
020603001001202609
020603001002202609
020603001003202609
020603002901202609
020603002902202609
020603002903202609
020603003701202609
020603003702202609
020603003703202609
020603004501202609
020603005301202609
020701001301202609
020701001302202609
020701001303202609
020701002101202609
020701002102202609
020701002103202609
020701003001202609
020701003002202609
020701003003202609
020701004801202609
020701004802202609
020701004803202609
020701005601202609
020701005602202609
020701005603202609
020701006401202609
020701006402202609
020701006403202609
020701007201202609
020701007202202609
020701007203202609
020702001901202609
020702001902202609
020702001903202609
020702002701202609
020702002702202609
020702002703202609
020702003501202609
020702003502202609
020702003503202609
020702006001202609
020702006002202609
020702006003202609
020703001401202609
020703001402202609
020703001403202609
020703002201202609
020703002202202609
020703002203202609
020703003001202609
020703003002202609
020703003003202609
020703004901202609
020703004902202609
020703004903202609
020703005701202609
020703005702202609
020703005703202609
020801001701202609
020801001702202609
020801001703202609
020801002501202609
020801002502202609
020801002503202609
020801003301202609
020801003302202609
020801003303202609
020801004101202609
020801004102202609
020801004103202609
020801005001202609
020801005002202609
020801005003202609
020801006801202609
020801006802202609
020801006803202609
020801007601202609
020801007602202609
020801007603202609
020801008401202609
020801008402202609
020801008403202609
020801009201202609
020801009202202609
020801009203202609
020802001201202609
020802001202202609
020802001203202609
020802002001202609
020802002002202609
020802002003202609
020802003901202609
020802003902202609
020802003903202609
020802004702202609
020802004703202609
020802005501202609
020802005502202609
020802005503202609
020802006301202609
020802006302202609
020802006303202609
020802007101202609
020802007102202609
020802007103202609
020802008001202609
020802008002202609
020802008003202609
020802009801202609
020802009802202609
020802009803202609
020802010101202609
020802010102202609
020802010103202609
020802011001202609
020802011002202609
020802011003202609
020802012801202609
020802012802202609
020802012803202609
020803001801202609
020803001802202609
020803001803202609
020803002601202609
020803002602202609
020803002603202609
020803003401202609
020803003402202609
020803003403202609
020803004201202609
020803004202202609
020803004203202609
020803005001202609
020803005002202609
020803005003202609
020804001302202609
020804001303202609
020804002101202609
020804002102202609
020804002103202609
020804003001202609
020804003002202609
020804003003202609
020804004802202609
020804004803202609
020804005601202609
020804005602202609
020804005603202609
020804006401202609
020804006402202609
020804006403202609
020804007201202609
020804007202202609
020804007203202609
020804008001202609
020804008002202609
020804008003202609
020804009901202609
020804009902202609
020804009903202609
020804010201202609
020804010202202609
020804010203202609
020805001901202609
020805001902202609
020805001903202609
020805002702202609
020805002703202609
020805003501202609
020805003502202609
020805003503202609
020805004301202609
020805004302202609
020805004303202609
020806001401202609
020806001402202609
020806001403202609
020806002201202609
020806002202202609
020806002203202609
020806003001202609
020806003002202609
020806003003202609
020807001001202609
020807001002202609
020807001003202609
020807002801202609
020807002802202609
020807002803202609
020807003601202609
020807003602202609
020807003603202609
020807004401202609
020807004402202609
020807004403202609
020808001501202609
020808001502202609
020808001503202609
020808002301202609
020808002302202609
020808002303202609
020808003101202609
020808003102202609
020808003103202609
020808004001202609
020808004002202609
020808004003202609
020809001001202609
020809001002202609
020809001003202609
020809002901202609
020809002902202609
020809002903202609
020809003701202609
020809003702202609
020809003703202609
020901001001202609
020901001002202609
020901001003202609
020901002901202609
020901002902202609
020901002903202609
020901003701202609
020901003702202609
020901003703202609
020901004501202609
020901004502202609
020901004503202609
020901005301202609
020901005302202609
020901005303202609
020901006101202609
020901006102202609
020901006103202609
020902001601202609
020902001602202609
020902001603202609
020903001101202609
020903001102202609
020903001103202609
020904001701202609
020904001702202609
020904001703202609
020904002501202609
020904002502202609
020904002503202609
020904003301202609
020904003302202609
020904003303202609
020904004101202609
020904004102202609
020904004103202609
020904005002202609
020904005003202609
021001001002202609
021001001003202609
021001002901202609
021001003701202609
021001003702202609
021001003703202609
021001004501202609
021001004502202609
021001004503202609
021001005301202609
021001005302202609
021001005303202609
021001006101202609
021001006102202609
021001006103202609
021001007001202609
021001007002202609
021001007003202609
021001008801202609
021001008802202609
021001009601202609
021001009602202609
021001009603202609
021001010001202609
021001010002202609
021001010003202609
021001011801202609
021001011802202609
021001011803202609
021001012601202609
021001012602202609
021001012603202609
021001013401202609
021001013402202609
021001013403202609
021001014201202609
021001014202202609
021001014203202609
021001015001202609
021001015002202609
021001015003202609
021001016901202609
021001016902202609
021001016903202609
021001017701202609
021001017702202609
021001018501202609
021001018502202609
021001019301202609
021001019302202609
021001019303202609
021001020701202609
021001020702202609
021001020703202609
021002001601202609
021002001602202609
021002001603202609
021101001401202609
021101002201202609
021101002202202609
021101002203202609
021101003001202609
021101003002202609
021101003003202609
021101004901202609
021102001001202609
021102001002202609
021102001003202609
021102002801202609
021102002802202609
021102002803202609
021102003601202609
021102003602202609
021102003603202609
021102003606202609
021102004401202609
021102004402202609
021102004403202609
021102005201202609
021102006001202609
021102006002202609
021102006003202609
021102007902202609
021102007903202609
021102008701202609
021102009501202609
021103001501202609
021103001502202609
021103002301202609
021103002302202609
021103003101202609
021103003102202609
021103004001202609
021103004002202609
021103004003202609
021103005801202609
021103005802202609
021103005803202609
021103006601202609
021103006602202609
021103006603202609
021103007401202609
021103007402202609
021103007403202609
021103008201202609
021103008202202609
021103008203202609
021103009001202609
021103009002202609
021104001001202609
021104001002202609
021104001003202609
021104002901202609
021104002902202609
021104002903202609
021104003701202609
021104004501202609
021104005301202609
021104006101202609
021104006102202609
021104006103202609
021105002401202609
021105002402202609
021105002403202609
021105003201202609
021105003202202609
021105003203202609
021105004001202609
021105004002202609
021105004003202609
021105005901202609
021105006701202609
021105006702202609
021105006703202609
021105007501202609
021105008301202609
021105008302202609
021105008303202609
021105009102202609
021105010501202609
021105010502202609
021105010503202609
021105011301202609
021105011302202609
021105011303202609
021105012101202609
021105012102202609
021105012103202609
021105013001202609
021105013002202609
021105013003202609
021105014802202609
021105015601202609
021106001101202609
021106002001202609
021106003801202609
021106005401202609
021106006201202609
021106007001202609
021106008901202609
021106009701202609
021106010001202609
021106011901202609
021106012701202609
021106013501202609
021106014301202609
021106015101202609
021106016001202609
021106017801202609
021106018601202609
021106020801202609
021106021601202609
021106022401202609
021106023201202609
021106024001202609
021106025901202609
021106025902202609
021106025903202609
021106026701202609
021106027501202609
021106028301202609
021107001701202609
021107002501202609
021107002502202609
021107002503202609
021107003301202609
021107004101202609
021107004102202609
021107004103202609
021107005001202609
021107006801202609
021107006802202609
021107006803202609
021107007601202609
021107007602202609
021107007603202609
021107008401202609
021107008402202609
021107008403202609
021107009201202609
021107010601202609
021107011401202609
021107011402202609
021107011403202609
021107012201202609
021107013001202609
021107014901202609
021107014902202609
021107014903202609
021107015701202609
021107015702202609
021107015703202609
021107016501202609
021107017301202609
021107018101202609
021107019001202609
021107020301202609
021107020302202609
021107020303202609
021107021101202609
021107021102202609
021107022001202609
021107023801202609
021107024601202609
021107025401202609
021107026201202609
021107026202202609
021107026203202609
021107027001202609
021107027002202609
021107027003202609
021107028901202609
021107029701202609
021107030001202609
021107031901202609
021107032701202609
021107033501202609
021107034301202609
021107035101202609
021107035102202609
021107035103202609
021107036001202609
021107037801202609
021107038601202609
021107039401202609
021107039402202609
021107039403202609
021107040801202609
021107040802202609
021107040803202609
021107041601202609
021107042401202609
021107042402202609
021107042403202609
021107043201202609
021107043202202609
021107043203202609
021108001201202609
021108001202202609
021108001203202609
021108002001202609
021108003901202609
021108004701202609
021108004702202609
021108004703202609
021108005501202609
021108006301202609
021108006302202609
021108006303202609
021108007101202609
021108007102202609
021108007103202609
021108008001202609
021108008002202609
021108008003202609
021109001801202609
021109002601202609
021109003401202609
021109004201202609
021109004202202609
021109004203202609
021109005001202609
021109006901202609
021109007701202609
021110001301202609
021110001302202609
021110001303202609
021201001801202609
021201002601202609
021201002602202609
021201002603202609
021201003401202609
021201003402202609
021201003403202609
021201004201202609
021201005001202609
021201006901202609
021202001301202609
021202002101202609
021202003001202609
021202004801202609
021202005601202609
021202006401202609
021301002001202609
021301003801202609
021301005401202609
021301006201202609
021301007001202609
021301008901202609
021301009701202609
021301010001202609
021301011901202609
021301012701202609
021301013501202609
021301014301202609
021301016001202609
021301017801202609
021301018601202609
021301019401202609
021301020801202609
021301021601202609
021301022401202609
021301023201202609
021301024001202609
021301025901202609
021301026701202609
021301027501202609
021301029101202609
021301030501202609
021301032101202609
021301033001202609
021301034801202609
021301035601202609
021301036401202609
021301037201202609
021301038001202609
021301039901202609
021301040201202609
021301041001202609
021301042901202609
021301043701202609
021301044501202609
021301045301202609
021301046101202609
021301047001202609
021301048801202609
021301049601202609
021301050001202609
021301051801202609
021301052601202609
021301053401202609
021301054201202609
021301055001202609
021301056901202609
021301057701202609
021301058501202609
021301060701202609
021301061501202609
021301062301202609
021301063101202609
021301064001202609
021301065801202609
021301066601202609
021301067401202609
021301068201202609
021301069001202609
021301070401202609
021301072001202609
021301073901202609
021301073902202609
021301074701202609
021301074702202609
021301075501202609
021301075502202609
021301075503202609
021301076301202609
021301076302202609
021301076303202609
021301077101202609
021301077102202609
021301077103202609
021301078001202609
021301078002202609
021301078003202609
021301079801202609
021301079802202609
021301079803202609
021301080101202609
021301080102202609
021301080103202609
021301081001202609
021301081002202609
021301081003202609
021301082801202609
021301082802202609
021301082803202609
021301083601202609
021301083602202609
021301083603202609
021302001701202609
021302002501202609
021302003301202609
021302004101202609
021302005001202609
021302006801202609
021302007601202609
021302008401202609
021401001501202609
021401001502202609
021401001503202609
021401001506202609
021401002301202609
021401002302202609
021401002303202609
021401003101202609
021401003102202609
021401003103202609
021401005801202609
021401005802202609
021401005803202609
021401006601202609
021401007401202609
021401007402202609
021401007403202609
021401011201202609
021401011202202609
021401011203202609
021401012001202609
021401012002202609
021401012003202609
021401013901202609
021401013902202609
021401013903202609
021401014701202609
021401014702202609
021401015501202609
021401016301202609
021401017101202609
021401018001202609
021401018002202609
021401018003202609
021401019801202609
021401019802202609
021401019803202609
021401020101202609
021401021001202609
021401021002202609
021401021003202609
021401022801202609
021401022802202609
021401022803202609
021401023601202609
021401023602202609
021401023603202609
021401024401202609
021401024402202609
021401024403202609
021401025201202609
021401025202202609
021401025203202609
021401026001202609
021401026002202609
021401026003202609
021401027901202609
021401027902202609
021401027903202609
021401028701202609
021401028702202609
021401028703202609
021401029501202609
021401029502202609
021401029503202609
021401030901202609
021401030902202609
021401030903202609
021401031701202609
021401031702202609
021401031703202609
030101002101202609
030101003001202609
030101004801202609
030101004802202609
030101004803202609
030101005601202609
030101006401202609
030101007201202609
030101009901202609
030101010201202609
030101011001202609
030101012901202609
030101013706202609
030101014502202609
030101015301202609
030101015306202609
030101016101202609
030101017002202609
030101017003202609
030101019601202609
030101020001202609
030101021801202609
030101022601202609
030101023401202609
030101025001202609
030101026901202609
030101027701202609
030101028501202609
030101029301202609
030101030701202609
030101030706202609
030101031501202609
030101031506202609
030101032301202609
030101033101202609
030101034001202609
030101035801202609
030101036601202609
030101036602202609
030101036606202609
030101037401202609
030101037402202609
030101037406202609
030101038201202609
030101042001202609
030101043901202609
030101044701202609
030101045501202609
030102001901202609
030102002701202609
030102003501202609
030102004301202609
030102005101202609
030103001401202609
030103002201202609
030103004901202609
030103005701202609
030103006501202609
030103007301202609
030103008101202609
030103009001202609
030103010301202609
030103011101202609
030103012001202609
030103013801202609
030103014601202609
030103015401202609
030103016201202609
030103017001202609
030103018901202609
030103019701202609
030104001001202609
030104003601202609
030104004401202609
030104005201202609
030104006001202609
030104007901202609
030104008701202609
030104009501202609
030104009506202609
030104014101202609
030104014102202609
030104015001202609
030104015002202609
030104016801202609
030104016802202609
030104016803202609
030104017601202609
030104017602202609
030104018401202609
030104018402202609
030104019201202609
030104020601202609
030104021401202609
030104021402202609
030104021406202609
030104022201202609
030104022202202609
030104023001202609
030104023002202609
030105001501202609
030105002306202609
030105003101202609
030105004006202609
030105005806202609
030105006601202609
030105006602202609
030105007406202609
030105008201202609
030105008206202609
030105009006202609
030105010406202609
030105011206202609
030105012006202609
030105013906202609
030105014706202609
030105015506202609
030105016301202609
030105016306202609
030105017101202609
030105017106202609
030106001002202609
030106001003202609
030106002901202609
030106003701202609
030106004501202609
030106005301202609
030106006101202609
030106007002202609
030106007003202609
030106008802202609
030106008803202609
030106009601202609
030106010001202609
030106011801202609
030107001601202609
030107002401202609
030107002406202609
030107003201202609
030107004001202609
030107005901202609
030107006701202609
030107006706202609
030107007501202609
030107007506202609
030107008301202609
030107009101202609
030107010501202609
030107011301202609
030107011306202609
030107012101202609
030107013001202609
030107014801202609
030107015601202609
030107016401202609
030107017201202609
030107018001202609
030107019901202609
030107020201202609
030107021001202609
030107022901202609
030107023701202609
030107024501202609
030107025301202609
030107026101202609
030107027001202609
030107028801202609
030107029601202609
030107030001202609
030108001101202609
030108002001202609
030108003801202609
030108004601202609
030108014301202609
030108015101202609
030108016001202609
030108017801202609
030108019401202609
030108020801202609
030108021601202609
030108022401202609
030108023201202609
030108024001202609
030108025901202609
030108026701202609
030108027501202609
030108028301202609
030108029101202609
030108030501202609
030108031301202609
030108032101202609
030108033001202609
030108034801202609
030108035601202609
030108036401202609
030108037201202609
030108038001202609
030108039901202609
030108040201202609
030108041001202609
030108042901202609
030108043701202609
030108044501202609
030108045301202609
030108046101202609
030109001702202609
030109001703202609
030109002502202609
030109002503202609
030109003301202609
030110001201202609
030110003901202609
030110004701202609
030110004702202609
030110004703202609
030110004706202609
030110005501202609
030110005502202609
030110005503202609
030110005506202609
030110006301202609
030110006302202609
030110006303202609
030110006306202609
030110007101202609
030110007102202609
030110007103202609
030110007106202609
030110008002202609
030110009801202609
030110009802202609
030110009803202609
030110009806202609
030110010101202609
030110010102202609
030110011002202609
030110012801202609
030110012802202609
030110012803202609
030110013601202609
030110014401202609
030110014402202609
030110014403202609
030110014406202609
030110015201202609
030110015206202609
030110017901202609
030110017902202609
030110017903202609
030110017906202609
030110018701202609
030110019501202609
030110020901202609
030110021701202609
030110022501202609
030110023301202609
030110024101202609
030110025001202609
030110026801202609
030110027601202609
030110027602202609
030110027603202609
030110028401202609
030110028402202609
030110028403202609
030111001801202609
030111002601202609
030112001301202609
030112002101202609
030112003001202609
030112004801202609
030112005601202609
030112006401202609
030112007201202609
030112008001202609
030113001901202609
030113003501202609
030113004301202609
030113005101202609
030113006001202609
030113007801202609
030114001401202609
030114001406202609
030116001501202609
030116002302202609
030201001701202609
030201001702202609
030201001703202609
030201002501202609
030201002502202609
030201002503202609
030201003302202609
030201003303202609
030202002001202609
030202002002202609
030202002003202609
030202003901202609
030202003902202609
030202003903202609
030203001801202609
030203001802202609
030203001803202609
030203002601202609
030203002602202609
030203002603202609
030204001301202609
030204001302202609
030204002101202609
030204002102202609
030204002103202609
030204002106202609
030204003001202609
030204003002202609
030204003003202609
030204004801202609
030204004802202609
030204005601202609
030204005602202609
030204005603202609
030204006401202609
030205001901202609
030205001902202609
030205001903202609
030205002701202609
030205002706202609
030205003502202609
030206001401202609
030206001402202609
030206001403202609
030206002201202609
030206002202202609
030206002206202609
030206003001202609
030206003002202609
030206004901202609
030206005701202609
030206005702202609
030207001001202609
030207001002202609
030207002802202609
030207003601202609
030301001002202609
030301002902202609
030301003702202609
030301004502202609
030301005302202609
030301006102202609
030301007002202609
030301008802202609
030301009602202609
030301010002202609
030301011802202609
030301012602202609
030301013402202609
030301014202202609
030301015002202609
030301016902202609
030301017702202609
030301018502202609
030301019302202609
030301020702202609
030301021502202609
030301023101202609
030301024001202609
030301025801202609
030302001601202609
030302002401202609
030302003202202609
030302004002202609
030302005902202609
030302006702202609
030302007502202609
030302008302202609
030303001103202609
030303002002202609
030303003802202609
030303004602202609
030303005402202609
030303006202202609
030303008901202609
030303009701202609
030304001702202609
030304001703202609
030304002502202609
030304002503202609
030304003302202609
030304004102202609
030304005002202609
030304006802202609
030304007602202609
030304008402202609
030304009202202609
030304010602202609
030304011402202609
030304012202202609
030304013002202609
030304014902202609
030304015702202609
030304016502202609
030304017302202609
030304018102202609
030304019002202609
030304020302202609
030304020303202609
030304021102202609
030304022002202609
030304023802202609
030304024602202609
030304025402202609
030304026202202609
030304027002202609
030304028902202609
030304028903202609
030304029702202609
030304030002202609
030305001201202609
030305002001202609
030305003901202609
030305004701202609
030305005501202609
030305006301202609
030305007101202609
030305008001202609
030305009801202609
030305010101202609
030305011001202609
030305013602202609
030305014402202609
030305015201202609
030305016001202609
030305017901202609
030305018701202609
030305019501202609
030305020901202609
030305021701202609
030305022501202609
030305023301202609
030306001802202609
030306002602202609
030306003402202609
030306004202202609
030306005002202609
030306006902202609
030306007702202609
030306008502202609
030306009302202609
030306010702202609
030306011502202609
030306012302202609
030306013102202609
030306014002202609
030306015802202609
030306016602202609
030306017402202609
030306018202202609
030306019002202609
030306020402202609
030306021202202609
030306022002202609
030306023902202609
030306024702202609
030306025502202609
030306026301202609
030306026302202609
030306026303202609
030306026306202609
030306027102202609
030306028002202609
030306029802202609
030306030102202609
030307001301202609
030307002102202609
030307003001202609
030307003006202609
030307004801202609
030307005601202609
030307006402202609
030307007202202609
030307008002202609
030307009902202609
030307010202202609
030307011002202609
030307012902202609
030307013702202609
030308001901202609
030308002701202609
030308003501202609
030308004302202609
030308005102202609
030308006002202609
030308007802202609
030308008602202609
030308009402202609
030308010801202609
030308010806202609
030308011601202609
030309001401202609
030309001402202609
030309001403202609
030309002202202609
030309002203202609
030309003001202609
030309004902202609
030309007301202609
030309008101202609
030309009001202609
030309011101202609
030309012001202609
030309012002202609
030309012003202609
030309013802202609
030309013803202609
030309014601202609
030309014602202609
030309014603202609
030309015401202609
030309016201202609
030309017002202609
030309017003202609
030309018901202609
030309018902202609
030309018903202609
030309019702202609
030309019703202609
030309020001202609
030309020002202609
030309021901202609
030309022701202609
030309022702202609
030309022703202609
030309023501202609
030309023502202609
030309023503202609
030309024302202609
030309025101202609
030309026001202609
030309028601202609
030309029402202609
030309031602202609
030310001002202609
030310002802202609
030310003602202609
030310004402202609
030310005202202609
030311001502202609
030311002302202609
030311003102202609
030311004002202609
030311005802202609
030311006602202609
030311007402202609
030311008202202609
030311009002202609
030311010402202609
030311011202202609
030312003702202609
030312004502202609
030312005301202609
030312006101202609
030312006102202609
030312007001202609
030312007002202609
030313001602202609
030313002402202609
030313003202202609
030313004002202609
030313005902202609
030313006702202609
030313007502202609
030313008302202609
030314001101202609
030314002002202609
030314003802202609
030314004602202609
030314005402202609
030314006202202609
030314007002202609
030314008902202609
030314009702202609
030314010002202609
030314011901202609
030314011902202609
030314012702202609
030314013502202609
030314014302202609
030314015102202609
030315001702202609
030315002502202609
030315003302202609
030315004102202609
030315005002202609
030315006802202609
030316001202202609
030316002002202609
030316003902202609
030316004702202609
030316005502202609
030316006302202609
030316007102202609
030317009302202609
030317010703202609
030317013102202609
030317014002202609
030317015802202609
030317016602202609
030317017402202609
030317018202202609
030317019002202609
030317020402202609
030318001302202609
030318003002202609
030318004802202609
030318005602202609
030318006402202609
030318007203202609
030319001902202609
030319001906202609
030401011102202609
030401017001202609
030401034001202609
030401035902202609
030401036701202609
030401037501202609
030401038301202609
030401039101202609
030401040501202609
030401041301202609
030401042101202609
030401043001202609
030401044801202609
030401045601202609
030401046401202609
030401047201202609
030401048001202609
030401049902202609
030401050201202609
030401051001202609
030401052901202609
030401053701202609
030401054501202609
030401055301202609
030401056101202609
030401057001202609
030401058801202609
030401059602202609
030402001001202609
030402002801202609
030402003601202609
030402004401202609
030402005201202609
030402006001202609
030402007901202609
030402008701202609
030402009501202609
030402010901202609
030402011701202609
030402012501202609
030402013301202609
030402014101202609
030402015001202609
030402016801202609
030402017601202609
030402018401202609
030402019201202609
030402020601202609
030402021401202609
030402022201202609
030402023001202609
030402024901202609
030402025701202609
030402026501202609
030402027301202609
030402028101202609
030402029001202609
030402030301202609
030402031101202609
030402032001202609
030402033801202609
030402034601202609
030402036201202609
030402037001202609
030402038901202609
030402039701202609
030402040001202609
030402041901202609
030402042701202609
030402043501202609
030402044301202609
030402045101202609
030402046001202609
030402047801202609
030402048601202609
030402049401202609
030403001501202609
030403002301202609
030403003101202609
030403004001202609
030403005801202609
030403006601202609
030403007401202609
030403008201202609
030403009001202609
030403010401202609
030403011201202609
030403012001202609
030403013901202609
030403014701202609
030403015501202609
030403016301202609
030403017101202609
030403018001202609
030403019801202609
030403020101202609
030403021001202609
030403022801202609
030403023601202609
030403024401202609
030403025201202609
030403026001202609
030404001001202609
030404002901202609
030404004501202609
030404005301202609
030404006101202609
030404007001202609
030404008801202609
030404009601202609
030404010001202609
030404011801202609
030404012601202609
030404013401202609
030404014201202609
030404015001202609
030404016901202609
030404017701202609
030404018501202609
030404019301202609
030404020701202609
030405001601202609
030405002401202609
030405003201202609
030405004001202609
030405006701202609
030405007501202609
030405011301202609
030405012101202609
030405013001202609
030405017201202609
030405018001202609
030405020201202609
030405021001202609
030405022901202609
030405025301202609
030405026101202609
030405027001202609
030405028801202609
030405029601202609
030405030001202609
030405031801202609
030405032601202609
030405033401202609
030405034201202609
030405035001202609
030406001101202609
030406003801202609
030406004601202609
030406007001202609
030406008901202609
030406009701202609
030406010001202609
030406011901202609
030406012701202609
030406013501202609
030406015101202609
030406016001202609
030406017801202609
030406018601202609
030406020801202609
030406021601202609
030406022401202609
030406023201202609
030406024001202609
030407001701202609
030407002501202609
030407003301202609
030407004101202609
030407005001202609
030407006801202609
030407007601202609
030407008401202609
030407009201202609
030408001201202609
030408002002202609
030408003902202609
030408003903202609
030408004702202609
030408005501202609
030408006302202609
030408007101202609
030408008001202609
030409001802202609
030409002602202609
030409003402202609
030409004202202609
030409005001202609
030409006901202609
030410001302202609
030410001303202609
030410002102202609
030501001801202609
030501002601202609
030501003402202609
030501004202202609
030501009301202609
030501010701202609
030501011501202609
030501012301202609
030501013102202609
030501014002202609
030501015802202609
030501016601202609
030501017402202609
030501018201202609
030501019002202609
030501020401202609
030501021201202609
030502001302202609
030502001306202609
030502002102202609
030502003002202609
030502004802202609
030502005602202609
030502005606202609
030601001101202609
030601002001202609
030601003801202609
030602001701202609
030602001702202609
030602002501202609
030602002502202609
030602003301202609
030602003302202609
030602004101202609
030602004102202609
030602005001202609
030602005002202609
030602006801202609
030602006802202609
030602007601202609
030602007602202609
030602008401202609
030602008402202609
030602009201202609
030602009202202609
030602010601202609
030602010602202609
030602011401202609
030602011402202609
030602012201202609
030602012202202609
030602013001202609
030602013002202609
030602014901202609
030602014902202609
030602015701202609
030602015702202609
030602016501202609
030602016502202609
030602017301202609
030602017302202609
030602018101202609
030602018102202609
030602019001202609
030602019002202609
030602020301202609
030602020302202609
030602021101202609
030602021102202609
030701001501202609
030701001502202609
030701001503202609
030701003101202609
030701003102202609
030701003103202609
030701003106202609
030701005801202609
030701005802202609
030701005803202609
030701006601202609
030701006606202609
030701007401202609
030701007402202609
030701007403202609
030701007406202609
030701008201202609
030701008202202609
030701008203202609
030701008206202609
030701009001202609
030701009002202609
030701009003202609
030701009006202609
030701010401202609
030701010402202609
030701010403202609
030701010406202609
030701011201202609
030701011202202609
030701011203202609
030701011206202609
030701012001202609
030701012002202609
030701012003202609
030701012006202609
030701013901202609
030701013902202609
030701013903202609
030701013906202609
030701014701202609
030701014702202609
030701014703202609
030701014706202609
030701015501202609
030701015502202609
030701015503202609
030701015506202609
030702001001202609
030702001002202609
030702001003202609
030702001006202609
030702002901202609
030702002902202609
030702002903202609
030702003701202609
030702003702202609
030702003703202609
030702004501202609
030702004502202609
030702004503202609
030702005301202609
030702005302202609
030702005303202609
030702006101202609
030702006102202609
030702006103202609
030702007001202609
030702007002202609
030702007003202609
030702008801202609
030702008802202609
030702008803202609
030702009601202609
030702009602202609
030702009603202609
030702010001202609
030702010002202609
030702010003202609
030702011801202609
030702011802202609
030702011803202609
030703002401202609
030703002402202609
030703002403202609
030703002406202609
030703003201202609
030703003202202609
030703003203202609
030703004001202609
030703004002202609
030703004003202609
030703004006202609
030703005901202609
030703005902202609
030703005903202609
030703005906202609
030703006701202609
030703006702202609
030703006703202609
030703006706202609
030703007501202609
030703007502202609
030703007503202609
030703007506202609
030703008301202609
030703008302202609
030703008303202609
030703008306202609
030704001101202609
030704001102202609
030704001103202609
030704006201202609
030704006202202609
030704006203202609
030704006206202609
030704007001202609
030704007002202609
030704007003202609
030704007006202609
030704008901202609
030704008902202609
030704008903202609
030704010001202609
030704011901202609
030704012701202609
030704013501202609
030704013502202609
030704013503202609
030704013506202609
030704014301202609
030704014302202609
030704014303202609
030704014306202609
030704015101202609
030704015102202609
030704015103202609
030704015106202609
030704016001202609
030704016002202609
030704016003202609
030704016006202609
030704017801202609
030704018601202609
030704018602202609
030704018603202609
030704018606202609
030704019401202609
030705001701202609
030705001702202609
030705001703202609
030801001902202609
030801001906202609
030801002702202609
030801003502202609
030801004302202609
030801004306202609
030802001402202609
030802002202202609
030802003002202609
030803001002202609
030803002802202609
030803003602202609
030804001502202609
030804002302202609
030901003902202609
030901004702202609
030901005502202609
030901006302202609
030901007102202609
030901008002202609
030901009802202609
030901010102202609
030901010106202609
030902001801202609
030902002601202609
030902003401202609
030903001301202609
030903002101202609
030903003001202609
030903004801202609
030903005601202609
030903005602202609
030903006401202609
030903007201202609
030903008001202609
030903009902202609
030903010201202609
030903011001202609
030903012901202609
030903013701202609
030903014501202609
030903014502202609
030903015301202609
030904001902202609
030904002701202609
030904002702202609
030904002703202609
030905001401202609
030905001402202609
030905001403202609
030905001406202609
030905002201202609
030905002202202609
030905002203202609
030905002206202609
030905003001202609
030905003002202609
030905003003202609
030905003006202609
030905004901202609
030905004902202609
030905004903202609
030905004906202609
030905005701202609
030905005702202609
030905005703202609
030905005706202609
030905006501202609
030905006502202609
030905006503202609
030905006506202609
030905007301202609
030905007302202609
030905007303202609
030905007306202609
030905008101202609
030905008102202609
030905008103202609
030905008106202609
030905009001202609
030905009002202609
030905009003202609
030905009006202609
030905011101202609
030905011102202609
030905011103202609
030905011106202609
030905012001202609
030905012002202609
030905012003202609
030905012006202609
030905013801202609
030905013802202609
030905013803202609
030905013806202609
030905014601202609
030905014602202609
030905014603202609
030905014606202609
030905015401202609
030905015402202609
030905015403202609
030905015406202609
030905016201202609
030905016202202609
030905016203202609
030905017001202609
030905017002202609
030905017003202609
030905017006202609
030905018901202609
030905018902202609
030905018903202609
030905018906202609
030905019701202609
030905019702202609
030905019703202609
030905019706202609
030905020001202609
030905020002202609
030905020003202609
030905020006202609
030905021901202609
030905021902202609
030905021903202609
030905021906202609
030905022701202609
030905022702202609
030905022703202609
030905022706202609
030905023501202609
030905023502202609
030905023503202609
030905023506202609
030905024301202609
030905024302202609
030905024303202609
030905024306202609
030905025101202609
030905025102202609
030905025103202609
030905025106202609
030905026001202609
030905026002202609
030905026003202609
030905026006202609
030906001002202609
030906003602202609
030906003603202609
030907001501202609
030907002301202609
030908001002202609
031001001201202609
031001002002202609
031001003902202609
031001004702202609
031001005502202609
031101001601202609
031101001602202609
031101001603202609
031101001606202609
031101002401202609
031101002406202609
031101003201202609
031101003202202609
031101003203202609
031101003206202609
031101004001202609
031101004002202609
031101004003202609
031101004006202609
031101005901202609
031101005902202609
031101005903202609
031101005906202609
031101006701202609
031101006702202609
031101006703202609
031101006706202609
031101007501202609
031101007502202609
031101007503202609
031101007506202609
031101008301202609
031101008302202609
031101008303202609
031101008306202609
031101009101202609
031101009102202609
031101009103202609
031101009106202609
031101010501202609
031101010502202609
031101010503202609
031101010506202609
031102002001202609
031102002002202609
031102002003202609
031102002006202609
031102003801202609
031102003802202609
031102003803202609
031102003806202609
031102004601202609
031102004602202609
031102004603202609
031102004606202609
031102005401202609
031102005402202609
031102005403202609
031102005406202609
031102006201202609
031102006202202609
031102006203202609
031102006206202609
031102007001202609
031102007002202609
031102007003202609
031102007006202609
040101001501202609
040101001502202609
040101001503202609
040101001506202609
040101003101202609
040101003102202609
040101003103202609
040101003106202609
040101004001202609
040101004002202609
040101005801202609
040101005802202609
040101006601202609
040101007401202609
040101008201202609
040101008202202609
040101008203202609
040101008206202609
040101009001202609
040101010401202609
040101010402202609
040101011201202609
040101012001202609
040101013901202609
040102001002202609
040102001003202609
040102002902202609
040102002903202609
040102003702202609
040102003703202609
040102004502202609
040102004503202609
040102005302202609
040102005303202609
040102006102202609
040102006103202609
040102007002202609
040102007003202609
040102008801202609
040102008802202609
040102008803202609
040102009602202609
040102009603202609
040102010002202609
040102010003202609
040102011802202609
040102011803202609
040102012602202609
040102012603202609
040102013402202609
040102013403202609
040102014202202609
040102014203202609
040102015001202609
040102015002202609
040102015003202609
040102016902202609
040102016903202609
040102017701202609
040201001902202609
040201002702202609
040201003502202609
040201003503202609
040201004302202609
040201004303202609
040201005102202609
040201005103202609
040202001402202609
040202002202202609
040301001202202609
040301002002202609
040301003902202609
040301004702202609
040301005502202609
040301006302202609
040301007102202609
040301008002202609
040301008003202609
040301009802202609
040301010102202609
040301011002202609
040301012802202609
040301013602202609
040301014402202609
040301015202202609
040301015203202609
040301016002202609
040301016003202609
040301017902202609
040301017903202609
040301018702202609
040301019502202609
040301020902202609
040301021702202609
040301022502202609
040301023302202609
040301024102202609
040301025002202609
040301026802202609
040301027602202609
040301028402202609
040301029202202609
040301030602202609
040301031402202609
040301032202202609
040301033002202609
040301034902202609
040301035702202609
040301036502202609
040301039002202609
040302001802202609
040302001803202609
040302002602202609
040302002603202609
040302003402202609
040302004202202609
040302005002202609
040302005003202609
040302006902202609
040302006903202609
040302007702202609
040302007703202609
040302008502202609
040302008503202609
040302009302202609
040302009303202609
040302010702202609
040302010703202609
040302011502202609
040302011503202609
040302012302202609
040302012303202609
040302013102202609
040303001302202609
040303002102202609
040303003002202609
040303004802202609
040303005602202609
040303006402202609
040303008002202609
040303009902202609
040303010202202609
040303011002202609
040303012902202609
040303013702202609
040303014502202609
040303015302202609
040303016102202609
040304001902202609
040304002702202609
040304005102202609
040304006002202609
040304007802202609
040304008602202609
040304009402202609
040304010802202609
040304011602202609
040304012402202609
040305001401202609
040305002201202609
040305003002202609
040305004902202609
040305005702202609
040305006502202609
040305007302202609
040305008101202609
040305009002202609
040305009003202609
040305010302202609
040305010303202609
040305011102202609
040305012002202609
040305013802202609
040305014602202609
040305015402202609
040305016202202609
040306001002202609
040306002802202609
040306003602202609
040306004402202609
040306005202202609
040306006002202609
040306007902202609
040306008702202609
040306009502202609
040307001502202609
040307004002202609
040307005802202609
040307008202202609
040307009002202609
040307010402202609
040307011202202609
040307012002202609
040307013902202609
040307014702202609
040307015502202609
040307016302202609
040307017102202609
040308001002202609
040308002902202609
040308003702202609
040308004502202609
040308005302202609
040308006102202609
040308007002202609
040308008802202609
040308009602202609
040308010002202609
040401001601202609
040401001602202609
040401001603202609
040401002401202609
040401002402202609
040401002403202609
040401003201202609
040401003202202609
040401003203202609
040401004002202609
040401004003202609
040401005901202609
040401005902202609
040401005903202609
040401006702202609
040401006703202609
040401007501202609
040401008302202609
040401008303202609
040401009101202609
040401010502202609
040401010503202609
040401011302202609
040401011303202609
040401012101202609
040401012102202609
040401012103202609
040401013002202609
040401013003202609
040401014802202609
040401014803202609
040401015601202609
040401016402202609
040401016403202609
040401017202202609
040401018002202609
040401019902202609
040401020202202609
040401021002202609
040401021003202609
040401022902202609
040401022903202609
040401023702202609
040401023703202609
040401024501202609
040401025301202609
040401025302202609
040401026101202609
040401027001202609
040401028802202609
040401028803202609
040401029601202609
040401030001202609
040401031801202609
040401031802202609
040401031803202609
040401032602202609
040401032603202609
040401033402202609
040401033403202609
040401034201202609
040401034202202609
040401035002202609
040401035003202609
040401036901202609
040401037702202609
040401037703202609
040401038502202609
040401038503202609
040401039301202609
040401040702202609
040401040703202609
040401041501202609
040401041502202609
040401041503202609
040401043102202609
040401044001202609
040401045802202609
040401046602202609
040401046603202609
040401047402202609
040401047403202609
040401048202202609
040401048203202609
040401049002202609
040401049003202609
040401050402202609
040401050403202609
040401051201202609
040401051202202609
040401051203202609
040401052002202609
040401052003202609
040401053902202609
040401053903202609
040401054702202609
040401055502202609
040401055503202609
040401056302202609
040401056303202609
040401057102202609
040401057103202609
040401058002202609
040401058003202609
040401059802202609
040401059803202609
040401060102202609
040401060103202609
040401061002202609
040401061003202609
040401062802202609
040401062803202609
040401063602202609
040401063603202609
040401064402202609
040401064403202609
040401065202202609
040402001102202609
040402001103202609
040402003801202609
040402003802202609
040402003803202609
040402004602202609
040402004603202609
040402005401202609
040402005402202609
040402006202202609
040402007002202609
040402007003202609
040402008901202609
040402008902202609
040402008903202609
040402009701202609
040402009702202609
040402010001202609
040402010002202609
040402010003202609
040402011902202609
040402011903202609
040402013502202609
040402014302202609
040402014303202609
040402017802202609
040402020802202609
040402020803202609
040402022402202609
040402023202202609
040402023203202609
040402024002202609
040402024003202609
040402027502202609
040402029102202609
040402031301202609
040402031302202609
040402031303202609
040402032102202609
040402032103202609
040402034802202609
040402034803202609
040402035602202609
040402035603202609
040402038002202609
040402039902202609
040402039903202609
040402042902202609
040402042903202609
040402044501202609
040402044502202609
040402044503202609
040402045302202609
040402045303202609
040402046102202609
040402046103202609
040402047002202609
040402047003202609
040402048801202609
040402048802202609
040402048803202609
040402049602202609
040402049603202609
040402050002202609
040402050003202609
040402051802202609
040402051803202609
040402052602202609
040402052603202609
040402053402202609
040402053403202609
040402054202202609
040402054203202609
040402055002202609
040402055003202609
040402056902202609
040402056903202609
040402057701202609
040402057702202609
040402057703202609
040402058502202609
040402058503202609
040402059302202609
040402059303202609
040402060702202609
040402060703202609
040402061501202609
040402061502202609
040402061503202609
040402062301202609
040402062302202609
040402062303202609
040402063101202609
040402064002202609
040402064003202609
040402065802202609
040402065803202609
040402066602202609
040402066603202609
040402067401202609
040402067402202609
040402069002202609
040402070402202609
040402070403202609
040402071202202609
040402071203202609
040402072002202609
040402072003202609
040402073902202609
040402077102202609
040402077103202609
040402078002202609
040402079802202609
040403001702202609
040403001703202609
040403003302202609
040403004102202609
040403004103202609
040403005002202609
040403005003202609
040403006802202609
040403006803202609
040403007602202609
040403007603202609
040403008402202609
040403008403202609
040403010602202609
040403010603202609
040403012202202609
040403012203202609
040403013002202609
040403013003202609
040403015702202609
040403015703202609
040403016502202609
040403016503202609
040403017302202609
040403017303202609
040403019002202609
040403019003202609
040403022002202609
040403022003202609
040403024602202609
040403024603202609
040403025402202609
040403025403202609
040403026202202609
040403026203202609
040403027002202609
040403027003202609
040403028902202609
040403029702202609
040403030002202609
040403031902202609
040403031903202609
040403032702202609
040501001001202609
040501001002202609
040501001003202609
040501002801202609
040501002802202609
040501002803202609
040501003601202609
040501003602202609
040501003603202609
040501004401202609
040501005201202609
040501006001202609
040501007901202609
040501007902202609
040501007903202609
040501008702202609
040501008703202609
040501010901202609
040501011701202609
040501011702202609
040501011703202609
040501012501202609
040501012502202609
040501012503202609
040501013302202609
040501013303202609
040501014101202609
040501015002202609
040501015003202609
040501016801202609
040501017601202609
040501017602202609
040501017603202609
040501018401202609
040501019201202609
040501020601202609
040502001501202609
040502001502202609
040502001503202609
040502002301202609
040502002302202609
040502002303202609
040503001002202609
040503001003202609
040503002901202609
040503002902202609
040503002903202609
040503003701202609
040503004501202609
040503005301202609
040503005302202609
040503007001202609
040503007002202609
040503007003202609
040503009601202609
040503009602202609
040503009603202609
040503010001202609
040503011801202609
040503011802202609
040503011803202609
040503012601202609
040503013401202609
040503013402202609
040503013403202609
040503014202202609
040503014203202609
040503015001202609
040503016902202609
040503016903202609
040503017702202609
040503017703202609
040503018502202609
040503018503202609
040503019301202609
040503019302202609
040503020702202609
040503020703202609
040503021501202609
040503022301202609
040503023101202609
040504001601202609
040504001602202609
040504001603202609
040504002402202609
040504002403202609
040504004002202609
040504004003202609
040504005902202609
040504005903202609
040504006701202609
040504006702202609
040504006703202609
040504007501202609
040504007502202609
040504007503202609
040504008302202609
040504008303202609
040504009102202609
040504009103202609
040504010501202609
040504010502202609
040504010503202609
040504013001202609
040504014802202609
040504014803202609
040504015602202609
040504015603202609
040504016402202609
040504016403202609
040504018002202609
040504018003202609
040504019901202609
040504020201202609
040504020202202609
040504020203202609
040504021001202609
040504021002202609
040504021003202609
040505001101202609
040505001102202609
040505001103202609
040505002001202609
040505003801202609
040505003802202609
040505004601202609
040505004602202609
040505004603202609
040505005401202609
040505005402202609
040505005403202609
040505006201202609
040505007001202609
040505008901202609
040505009701202609
040505009702202609
040505009703202609
040505010001202609
040505010002202609
040505010003202609
040505011901202609
040505011902202609
040505011903202609
040505012701202609
040505013502202609
040505013503202609
040505014301202609
040505014302202609
040505014303202609
040505015101202609
040505015102202609
040505015103202609
040505016001202609
040505017801202609
040505018602202609
040505018603202609
040505019401202609
040505020801202609
040505021601202609
040505021602202609
040505021603202609
040505022401202609
040505022402202609
040505022403202609
040505023202202609
040505023203202609
040505024001202609
040505025901202609
040505025902202609
040505026701202609
040505028301202609
040505029101202609
040505030501202609
040505031302202609
040505031303202609
040505032101202609
040505032102202609
040505032103202609
040505035602202609
040505035603202609
040505036401202609
040505037201202609
040505037202202609
040505037203202609
040505038002202609
040505038003202609
040505039901202609
040505039902202609
040505039903202609
040505040201202609
040505040202202609
040505040203202609
040601001302202609
040601002102202609
040601003002202609
040601004802202609
040601005602202609
040601006402202609
040601007202202609
040601008002202609
040601009902202609
040601010202202609
040601011002202609
040601012902202609
040601013702202609
040601015302202609
040601016102202609
040601017002202609
040601018802202609
040601019602202609
040601020002202609
040601021802202609
040601022602202609
040601023402202609
040601024202202609
040601025002202609
040601026902202609
040601027702202609
040601028502202609
040601029302202609
040601030702202609
040601031502202609
040601032302202609
040601033102202609
040601034002202609
040601035802202609
040601036602202609
040601037402202609
040601038202202609
040601039002202609
040601040402202609
040601041202202609
040601042002202609
040601043902202609
040601044702202609
040601045502202609
040601046302202609
040601047102202609
040601048002202609
040601049802202609
040601050102202609
040601051002202609
040601052802202609
040601053602202609
040601054402202609
040601055202202609
040601056002202609
040601056003202609
040601057902202609
040601058702202609
040601058703202609
040601059502202609
040601060902202609
040601061702202609
040601062502202609
040601063302202609
040601063303202609
040601064102202609
040601064103202609
040601065002202609
040601065003202609
040601066802202609
040601066803202609
040601067602202609
040601067603202609
040601068402202609
040601068403202609
040601069202202609
040601070602202609
040601071402202609
040601071403202609
040601072202202609
040601073002202609
040601074902202609
040601075702202609
040601076502202609
040601077302202609
040601078102202609
040601079002202609
040601079003202609
040601080302202609
040601081102202609
040601082002202609
040601083802202609
040601084602202609
040601085402202609
040601085403202609
040601086202202609
040601086203202609
040601087002202609
040601087003202609
040601088902202609
040601089702202609
040601090002202609
040601091902202609
040601091903202609
040601092702202609
040601093502202609
040601094302202609
040601095102202609
040601096002202609
040601097802202609
040601098602202609
040601099402202609
040601100102202609
040601100103202609
040601101002202609
040601101003202609
040601102802202609
040601102803202609
040601103602202609
040601103603202609
040601104402202609
040601104403202609
040601105202202609
040601105203202609
040601107902202609
040601107903202609
040601108702202609
040601108703202609
040601109502202609
040601109503202609
040601110902202609
040601110903202609
040601111702202609
040601111703202609
040601112502202609
040601112503202609
040601113302202609
040601113303202609
040601114102202609
040601114103202609
040601115002202609
040601115003202609
040601116802202609
040601116803202609
040601117602202609
040601117603202609
040601118402202609
040601118403202609
040601119202202609
040601119203202609
040601120602202609
040601121402202609
040601122202202609
040601123002202609
040601124902202609
040601125702202609
040601126502202609
040601127302202609
040601128102202609
040601129002202609
040601130302202609
040601131102202609
040601132002202609
040601133802202609
040601134602202609
040601135402202609
040601136202202609
040601137002202609
040601138902202609
040601139702202609
040601140002202609
040601141902202609
040601142702202609
040601143502202609
040601144302202609
040601145102202609
040601146002202609
040601147802202609
040601148602202609
040601149402202609
040601150802202609
040601151602202609
040602001902202609
040602002702202609
040602003502202609
040602004302202609
040602005102202609
040602007802202609
040602007803202609
040602008602202609
040602009401202609
040602009402202609
040602009403202609
040602010802202609
040602011602202609
040602011603202609
040602012402202609
040602013201202609
040602014001202609
040602015902202609
040602015903202609
040602016702202609
040602016703202609
040602018302202609
040602019102202609
040602020501202609
040602021302202609
040602022102202609
040602023002202609
040602024802202609
040602025602202609
040602026402202609
040602027202202609
040602028002202609
040602029901202609
040602030202202609
040602031002202609
040602032902202609
040602033702202609
040602034502202609
040602035302202609
040602036102202609
040602037002202609
040602038802202609
040602039602202609
040602040002202609
040602041802202609
040602042602202609
040602043402202609
040602044202202609
040602045002202609
040602046902202609
040602047702202609
040602048502202609
040602049302202609
040602050702202609
040602051502202609
040602052302202609
040602053102202609
040602054002202609
040602055802202609
040602056602202609
040602056603202609
040602057402202609
040602057403202609
040602058202202609
040602059002202609
040602060402202609
040602060403202609
040602061202202609
040602062001202609
040602062002202609
040602062003202609
040603001401202609
040603001402202609
040603002202202609
040603003002202609
040603004902202609
040603005702202609
040603006502202609
040603007302202609
040603008102202609
040603009002202609
040603010302202609
040603011102202609
040603012002202609
040603013802202609
040603014602202609
040603015402202609
040603016202202609
040604001002202609
040604002802202609
040604004402202609
040604005202202609
040604006002202609
040604007902202609
040604008702202609
040604009502202609
040604010902202609
040604011702202609
040604012502202609
040604013302202609
040604014102202609
040604015002202609
040604016802202609
040604017602202609
040604018402202609
040604019202202609
040604020602202609
040604020603202609
040604021402202609
040604021403202609
040604022202202609
040604023002202609
040604024902202609
040604025702202609
040604025703202609
040604026502202609
040604027302202609
040604027303202609
040604028102202609
040604029002202609
040604029003202609
040604030302202609
040604030303202609
040604031102202609
040604031103202609
040604032002202609
040604032003202609
040604033802202609
040604033803202609
040605001502202609
040605001503202609
040605002302202609
040605002303202609
040605003102202609
040605003103202609
040605004002202609
040605004003202609
040605005802202609
040605005803202609
040605006602202609
040605006603202609
040605007402202609
040605007403202609
040605008202202609
040605008203202609
040605009002202609
040605009003202609
040605010402202609
040605011202202609
040605011203202609
040605012002202609
040605012003202609
040605013902202609
040605013903202609
040701001702202609
040701002502202609
040701002503202609
040701003302202609
040701004102202609
040701005002202609
040701006802202609
040701007602202609
040701008402202609
040701009202202609
040701010602202609
040701011402202609
040701012202202609
040701013002202609
040701014902202609
040701015702202609
040701016502202609
040701017302202609
040701018102202609
040701019002202609
040701020302202609
040701021102202609
040701021103202609
040701022002202609
040701022003202609
040701023802202609
040701024601202609
040701024602202609
040701025401202609
040701025402202609
040701026202202609
040701027002202609
040701028902202609
040701029702202609
040701030002202609
040701031901202609
040701032701202609
040701033502202609
040701034302202609
040701035102202609
040701036002202609
040701037802202609
040701038602202609
040702001202202609
040702002002202609
040702003902202609
040702004702202609
040702005501202609
040702006302202609
040702007102202609
040702008002202609
040702009802202609
040702010102202609
040702011002202609
040702011003202609
040702012801202609
040702012802202609
040702012803202609
040702013601202609
040702013602202609
040702013603202609
040702014401202609
040702014402202609
040702014403202609
040702015202202609
040702016001202609
040702017902202609
040702018702202609
040702019502202609
040702020902202609
040702021702202609
040702021703202609
040702022501202609
040702022502202609
040702022503202609
040702023302202609
040702024102202609
040702025002202609
040702026802202609
040702026803202609
040702027602202609
040702027603202609
040702028402202609
040702028403202609
040702029202202609
040702030602202609
040702031401202609
040702032202202609
040702032203202609
040702033002202609
040702034902202609
040702035702202609
040702035703202609
040702036502202609
040702037301202609
040702038102202609
040702039001202609
040702040302202609
040702041102202609
040702042002202609
040702043802202609
040702044602202609
040702045402202609
040702045403202609
040702046202202609
040702047002202609
040702047003202609
040702048901202609
040702049701202609
040703001802202609
040703002602202609
040703003402202609
040703003403202609
040703004202202609
040703004203202609
040703005002202609
040703006902202609
040703007702202609
040703007703202609
040703008501202609
040703009301202609
040703010701202609
040703011501202609
040703012302202609
040703013102202609
040703014002202609
040703015802202609
040703016602202609
040703017402202609
040703018202202609
040703019002202609
040703020402202609
040703021202202609
040703022002202609
040703023901202609
040703024702202609
040703025502202609
040703025503202609
040704001302202609
040704002102202609
040704003002202609
040704004802202609
040704005602202609
040704006402202609
040704006403202609
040704007202202609
040704007203202609
040704008002202609
040704008003202609
040704009902202609
040704009903202609
040704010202202609
040704010203202609
040704011002202609
040704011003202609
040704012902202609
040704012903202609
040704013702202609
040704013703202609
040704014502202609
040704014503202609
040704015302202609
040704015303202609
040704016102202609
040704017002202609
040704017003202609
040704018802202609
040704019601202609
040704019602202609
040704020002202609
040704021801202609
040704021802202609
040704022602202609
040704022603202609
040704023402202609
040704024202202609
040704025002202609
040704026902202609
040801001002202609
040801002902202609
040801003702202609
040801004502202609
040801005302202609
040801006102202609
040801007002202609
040801008802202609
040801009602202609
040801009603202609
040801010002202609
040801010003202609
040801011802202609
040801011803202609
040801012601202609
040801012602202609
040801013401202609
040801013402202609
040801013403202609
040801014202202609
040801014203202609
040801015002202609
040801015003202609
040801016902202609
040801017702202609
040801018502202609
040801018503202609
040801019302202609
040801020702202609
040801020703202609
040801021502202609
040801021503202609
040801022302202609
040801022303202609
040801023102202609
040801023103202609
040802001602202609
040802002402202609
040802003202202609
040802004002202609
040802005902202609
040802006702202609
040802007502202609
040802008302202609
040802009102202609
040802010502202609
040802010503202609
040802011302202609
040802012102202609
040802012103202609
040802013002202609
040802014802202609
040802014803202609
040802015601202609
040802015602202609
040802015603202609
040802016401202609
040802016402202609
040802016403202609
040802017201202609
040802017202202609
040802017203202609
040802018001202609
040802018002202609
040802018003202609
040802019901202609
040802019902202609
040802019903202609
040802020201202609
040802020202202609
040802020203202609
040802021001202609
040802021002202609
040802021003202609
040802022901202609
040802022902202609
040802022903202609
040802024501202609
040802024502202609
040802024503202609
040802025302202609
040802026102202609
040802027002202609
040802028802202609
040802029601202609
040802029602202609
040802029603202609
040802030001202609
040802030002202609
040802030003202609
040802031802202609
040802031803202609
040802032602202609
040802032603202609
040802033402202609
040802034202202609
040802034203202609
040802035002202609
040802036902202609
040802037702202609
040802037703202609
040802038502202609
040802039302202609
040802040702202609
040802041502202609
040802042302202609
040802043102202609
040802044002202609
040802044003202609
040802045802202609
040802046602202609
040802047402202609
040802047403202609
040802048202202609
040802048203202609
040802049002202609
040802049003202609
040802050402202609
040802050403202609
040802051202202609
040802051203202609
040802052002202609
040802052003202609
040802053902202609
040802053903202609
040802054702202609
040802055502202609
040802055503202609
040802056302202609
040802057102202609
040802058002202609
040802059802202609
040802059803202609
040802060102202609
040802060103202609
040802061002202609
040802061003202609
040802062802202609
040802062803202609
040802063602202609
040802063603202609
040802064402202609
040802064403202609
040803001102202609
040803002002202609
040803003802202609
040803004602202609
040803005402202609
040803006202202609
040803007002202609
040803008902202609
040803009702202609
040803010002202609
040803011902202609
040803012702202609
040803013502202609
040803014302202609
040803015102202609
040803016002202609
040803017802202609
040803018602202609
040803019402202609
040803020802202609
040803021602202609
040803022402202609
040803023202202609
040803024002202609
040803025902202609
040803026702202609
040803027502202609
040803028302202609
040803029102202609
040803030502202609
040803031302202609
040803032102202609
040803033002202609
040803034802202609
040803035602202609
040803036402202609
040803037202202609
040803038002202609
040803039902202609
040803040202202609
040803041002202609
040803042902202609
040803043702202609
040803044502202609
040803045302202609
040803046102202609
040803047002202609
040803048802202609
040803050002202609
040803051802202609
040803052602202609
040803053402202609
040803054202202609
040803055002202609
040803056902202609
040803057702202609
040803058502202609
040803059302202609
040803060702202609
040803061502202609
040803062302202609
040803063102202609
040803064002202609
040803065802202609
040803066602202609
040803067402202609
040803068202202609
040803069002202609
040803070402202609
040803071202202609
040803072002202609
040803073902202609
040803074702202609
040803075502202609
040803075503202609
040803076302202609
040803077102202609
040803078002202609
040803079802202609
040803080102202609
040803081002202609
040803082802202609
040803083602202609
040803084402202609
040803085202202609
040803086002202609
040803087902202609
040803088702202609
040803089502202609
040803090902202609
040803091702202609
040804001702202609
040804002502202609
040804003302202609
040804004102202609
040804005002202609
040804006802202609
040804007602202609
040804008402202609
040804009202202609
040804010602202609
040804011402202609
040804012202202609
040804013002202609
040804014902202609
040804015702202609
040804016502202609
040804017302202609
040804018102202609
040804018103202609
040804019002202609
040804019003202609
040804020302202609
040804021102202609
040804022002202609
040804023802202609
040804024602202609
040804025402202609
040804026202202609
040804027002202609
040804028902202609
040804029702202609
040804030002202609
040804031902202609
040804032702202609
040804033502202609
040804034302202609
040805001202202609
040805002002202609
040805003902202609
040805004702202609
040805005502202609
040805006302202609
040805007102202609
040805008002202609
040805009802202609
040805010102202609
040805011002202609
040805012802202609
040805013602202609
040805014402202609
040805014403202609
040805015202202609
040805016002202609
040805016003202609
040805017902202609
040805019501202609
040805019502202609
040805019503202609
040805020901202609
040805020902202609
040805020903202609
040805021701202609
040805021702202609
040805021703202609
040805022501202609
040805022502202609
040805022503202609
040805023302202609
040805024101202609
040805024102202609
040805024103202609
040805025001202609
040805025002202609
040805025003202609
040805026801202609
040805026802202609
040805026803202609
040805027601202609
040805027602202609
040805027603202609
040805028401202609
040805028402202609
040805028403202609
040805029201202609
040805029202202609
040805029203202609
040805030602202609
040805031402202609
040805032202202609
040805032203202609
040805033001202609
040805033002202609
040805034902202609
040805034903202609
040805035702202609
040805035703202609
040805036502202609
040805037302202609
040805037303202609
040805038102202609
040805039002202609
040805039003202609
040805040302202609
040805041102202609
040805042002202609
040805043802202609
040805044602202609
040805044603202609
040805045402202609
040805046202202609
040805047002202609
040805048902202609
040805049702202609
040805050002202609
040805051902202609
040805052702202609
040805053502202609
040805054302202609
040805055102202609
040805056002202609
040805057802202609
040805058602202609
040805059402202609
040805060802202609
040805061602202609
040805062402202609
040805063202202609
040805064002202609
040805064003202609
040805065902202609
040805065903202609
040805066702202609
040805066703202609
040805067502202609
040805068302202609
040805069102202609
040805069103202609
040805070502202609
040805071302202609
040805072102202609
040805073002202609
040805073003202609
040805074802202609
040805074803202609
040805075602202609
040805075603202609
040805076402202609
040805076403202609
040805077202202609
040805078002202609
040805079902202609
040805080202202609
040805081002202609
040805082902202609
040805082903202609
040805083702202609
040805084502202609
040805085302202609
040805086102202609
040805087002202609
040805088802202609
040805088803202609
040805089602202609
040805089603202609
040805090002202609
040805090003202609
040805091802202609
040805091803202609
040805092602202609
040805092603202609
040806001802202609
040806001803202609
040806002602202609
040806003402202609
040806004201202609
040806004202202609
040806004203202609
040806005002202609
040806005003202609
040806006902202609
040806007702202609
040806008501202609
040806008502202609
040806008503202609
040806009302202609
040806010702202609
040806011502202609
040806011503202609
040806012302202609
040806012303202609
040806013102202609
040806013103202609
040806014002202609
040806014003202609
040806015801202609
040806015802202609
040806015803202609
040806016602202609
040806017402202609
040806018202202609
040806019002202609
040806020402202609
040806020403202609
040806021201202609
040806021202202609
040806021203202609
040806022001202609
040806023902202609
040806024702202609
040806025502202609
040806026302202609
040806027102202609
040806028002202609
040806029802202609
040806029803202609
040806030101202609
040806030102202609
040806030103202609
040806031002202609
040806031003202609
040806032802202609
040806032803202609
040806033602202609
040806033603202609
040806034402202609
040806034403202609
040806035201202609
040806035202202609
040806035203202609
040806036002202609
040806036003202609
040806037902202609
040806037903202609
040806038702202609
040806039502202609
040806039503202609
040806040901202609
040806040902202609
040806040903202609
040806041702202609
040806041703202609
040806042501202609
040806042502202609
040806042503202609
040806043302202609
040806043303202609
040806044102202609
040806044103202609
040806045001202609
040806045002202609
040806045003202609
040806046802202609
040806046803202609
040806047602202609
040806047603202609
040806048402202609
040806048403202609
040806049202202609
040806050602202609
040806051402202609
040806052202202609
040806053002202609
040806053003202609
040806054902202609
040806054903202609
040806055702202609
040806056502202609
040806056503202609
040806057302202609
040806057303202609
040806058102202609
040806058103202609
040806059002202609
040806060302202609
040806060303202609
040806061102202609
040806062002202609
040806063802202609
040806063803202609
040806064602202609
040806064603202609
040806065401202609
040806066202202609
040806066203202609
040806067002202609
040806067003202609
040806068901202609
040806069702202609
040806069703202609
040806070002202609
040806070003202609
040806071902202609
040806071903202609
040901001402202609
040901002202202609
040901003002202609
040901004902202609
040901005702202609
040901006502202609
040901006503202609
040901007302202609
040901008102202609
040901009001202609
040901009002202609
040901009003202609
040901010301202609
040901011101202609
040901012002202609
040901012003202609
040901013802202609
040901014602202609
040901014603202609
040901015401202609
040901016201202609
040901017001202609
040901017002202609
040901017003202609
040901018902202609
040901018903202609
040901019702202609
040901020002202609
040901021902202609
040901022702202609
040901023502202609
040901024302202609
040901025102202609
040901026002202609
040901027801202609
040901028602202609
040901029401202609
040901029402202609
040901030802202609
040901031602202609
040901032402202609
040901033202202609
040901034002202609
040901035901202609
040901035902202609
040901036702202609
040901037502202609
040901037503202609
040901038301202609
040901038302202609
040901038303202609
040901039102202609
040901039103202609
040901040502202609
040901041302202609
040901042101202609
040901043002202609
040901043003202609
040901044801202609
040901045602202609
040901046402202609
040901047202202609
040901048002202609
040901048003202609
040901049902202609
040901050202202609
040901051002202609
040901051003202609
040901052902202609
040901053702202609
040901054502202609
040901055302202609
040901056102202609
040901057002202609
040901058802202609
040901059602202609
040901059603202609
040902001001202609
040902001002202609
040902001003202609
040902002801202609
040902002802202609
040902002803202609
040902003601202609
040902003602202609
040902003603202609
040902004402202609
040902004403202609
040902005202202609
040902006001202609
040902007901202609
040902007902202609
040902007903202609
040902008701202609
040902008702202609
040902008703202609
040902009501202609
040902009502202609
040902009503202609
040902010902202609
040902010903202609
040902011701202609
040902012502202609
040902012503202609
040902013302202609
040902013303202609
040902014102202609
040902014103202609
040902015002202609
040902015003202609
040902016802202609
040902016803202609
040902017601202609
040902017602202609
040902017603202609
040902018401202609
040903001502202609
040903001503202609
040903002302202609
040903003102202609
040903004002202609
040903005802202609
040904001001202609
040904001002202609
040904001003202609
040904002901202609
040904002902202609
040904003702202609
040904003703202609
040904004502202609
040904005302202609
040904005303202609
040904006101202609
040904006102202609
040904006103202609
040904007001202609
040904007002202609
040904007003202609
040904008801202609
040904008802202609
040904008803202609
040904009602202609
040904009603202609
040904010001202609
040904011802202609
040904011803202609
040904012602202609
040904012603202609
040904013402202609
040904013403202609
040904014201202609
040904014202202609
040904014203202609
040904015002202609
040904015003202609
040904016901202609
040904016902202609
040904016903202609
040904017702202609
040904017703202609
040904018502202609
040904018503202609
040904019302202609
040904019303202609
040904020702202609
040904020703202609
040904021501202609
040904021502202609
040904021503202609
040904022302202609
040904022303202609
040904023102202609
040904023103202609
040904024001202609
040904024002202609
040904024003202609
040905001602202609
040905002402202609
040905002403202609
040905003202202609
040905003203202609
040905004002202609
040905004003202609
040905005901202609
040905006701202609
040905007502202609
040905007503202609
040905008301202609
040905008302202609
040905008303202609
040905009102202609
040905009103202609
040905010502202609
040905010503202609
040905011302202609
040905011303202609
040905013002202609
040905014802202609
040905016402202609
040906001101202609
040906001102202609
040906001103202609
040906002002202609
040906003802202609
040906003803202609
040906004601202609
040906004602202609
040906004603202609
040906005402202609
040906005403202609
040906006201202609
040906007002202609
040906007003202609
040906008901202609
040906009701202609
040906010002202609
040906011902202609
040906012702202609
040906013502202609
040906014302202609
040906015102202609
040906016002202609
040906017801202609
040906017802202609
040906017803202609
040906018602202609
040906018603202609
040906019402202609
040906019403202609
040906020802202609
040906020803202609
040906021602202609
040906021603202609
040906022402202609
040906022403202609
040906023202202609
040906023203202609
040906024002202609
040906024003202609
040906025902202609
040906025903202609
040906026702202609
040906026703202609
040906027502202609
040906027503202609
040906028302202609
040906029102202609
040906030501202609
040906031302202609
040907001702202609
040907001703202609
040907002502202609
040907002503202609
040907003302202609
040907003303202609
040907004102202609
040907004103202609
040907005002202609
040907006802202609
040907006803202609
040907007602202609
040907007603202609
040907008402202609
040907008403202609
040907009202202609
040907009203202609
040907010601202609
040907010602202609
040907010603202609
040907011402202609
040907012201202609
040907012202202609
040907012203202609
040907013002202609
040907013003202609
040907014901202609
040907014902202609
040907014903202609
040907015701202609
040907015702202609
040907015703202609
040907016501202609
040907016502202609
040907016503202609
040907017301202609
040907018101202609
040907018102202609
040907018103202609
040907019002202609
040907019003202609
040907020302202609
040907021102202609
040907022002202609
040907022003202609
040907023802202609
040907024602202609
040907025402202609
040907026202202609
040907026203202609
040907027002202609
040907027003202609
040907028902202609
040907028903202609
040907029702202609
040907030002202609
040907030003202609
040907031902202609
041001001401202609
041001001402202609
041001001403202609
041001002201202609
041001003001202609
041001004901202609
041001004902202609
041001004903202609
041001005702202609
041001006502202609
041001006503202609
041001007302202609
041001007303202609
041001008101202609
041001008102202609
041001008103202609
041001009002202609
041001009003202609
041001010301202609
041001011102202609
041001011103202609
041001012002202609
041001013802202609
041001013803202609
041001014602202609
041001014603202609
041001015402202609
041001015403202609
041001016202202609
041001016203202609
041001019702202609
041001020002202609
041001021902202609
041101001801202609
041101001802202609
041101001803202609
041101002602202609
041101003402202609
041101004202202609
041101005002202609
041101005003202609
041101006901202609
041101007701202609
041101007702202609
041101007703202609
041101008502202609
041102001301202609
041102001302202609
041102001303202609
041102002102202609
041102002103202609
041102003002202609
041102004802202609
041201001102202609
041201002002202609
041201003802202609
041201003803202609
041201004602202609
041201004603202609
041201006201202609
041201006202202609
041201007002202609
041201008902202609
041201009702202609
041201010002202609
041201011902202609
041201012702202609
041201013502202609
041201014302202609
041202001702202609
041202002502202609
041202003302202609
041202005002202609
041202006802202609
041202007602202609
041202008402202609
041203001202202609
041203004702202609
041203005502202609
041203006302202609
041203007102202609
041203008002202609
041203009802202609
041203009803202609
041203010102202609
041203011002202609
041203012801202609
041203012802202609
041204001802202609
041204001803202609
041204002602202609
041204003402202609
041204004202202609
041204005002202609
041204006902202609
041204008502202609
041204008503202609
041204010702202609
041204011502202609
041204011503202609
041204012302202609
041204013102202609
041204015802202609
041204016602202609
041204017402202609
041204018202202609
041204019002202609
041204020402202609
041204021202202609
041204022002202609
041204022003202609
041205001302202609
041205003002202609
041205004802202609
041205006402202609
041205007202202609
041205008002202609
041205010202202609
041205011002202609
041205013702202609
041205014502202609
041205015302202609
041205016102202609
041205017001202609
041205017002202609
041301001502202609
041301002301202609
041301003101202609
041301004001202609
041301005801202609
041301006602202609
041301007402202609
041301008202202609
041301009002202609
041303001602202609
041303001603202609
041303002402202609
041303002403202609
041303003202202609
041303003203202609
041303004001202609
041303005902202609
041303005903202609
041303006702202609
041303006703202609
041303007502202609
041303007503202609
041303008302202609
041303008303202609
041304001101202609
041304002002202609
041304002003202609
041304003802202609
041304004602202609
041304005402202609
041304005403202609
041304006202202609
041304006203202609
041304007002202609
041304007003202609
041304008902202609
041304008903202609
041304009702202609
041304010002202609
041304011902202609
041304011903202609
041304012702202609
041304012703202609
041304013502202609
041304013503202609
041304014302202609
041304014303202609
041304015101202609
041304015102202609
041304015103202609
041304016002202609
041304017802202609
041304018602202609
041304018603202609
041304019402202609
041304019403202609
041304020802202609
041304020803202609
041304021602202609
041304021603202609
041304022402202609
041304022403202609
041304023202202609
041304023203202609
041304024002202609
041304025902202609
041304025903202609
041304026702202609
041401002702202609
041401003502202609
041401025601202609
041401025602202609
041401025603202609
041401027202202609
041401027203202609
041401032902202609
041401032903202609
041401034501202609
041401034502202609
041401034503202609
041401036101202609
041401036102202609
041401036103202609
041401037001202609
041401038801202609
041401038802202609
041401038803202609
041402002201202609
041402002202202609
041402002203202609
041402003001202609
041402003002202609
041402003003202609
041402004901202609
041402004902202609
041402004903202609
041402005701202609
041402005702202609
041402005703202609
041402006501202609
041402006502202609
041402006503202609
041402007301202609
041402007302202609
041402007303202609
041402008101202609
041402008102202609
041402008103202609
041402009001202609
041402009002202609
041402009003202609
041402012001202609
041402012002202609
041402012003202609
041402013801202609
041402013802202609
041402013803202609
041402014601202609
041402014602202609
041402014603202609
041402015401202609
041402015402202609
041402015403202609
041402016201202609
041402016202202609
041402016203202609
041402017001202609
041402017002202609
041402017003202609
041402017006202609
041402020001202609
041402020002202609
041402020003202609
041402021901202609
041402021902202609
041402021903202609
041402024301202609
041402024302202609
041402024303202609
041402027801202609
041402027802202609
041402027803202609
041402029401202609
041402029402202609
041402029403202609
041402035901202609
041402035902202609
041402035903202609
041402036701202609
041402036702202609
041402036703202609
041402037501202609
041402037502202609
041402037503202609
041402038301202609
041402038302202609
041402038303202609
041402040501202609
041402040502202609
041402040503202609
041402041302202609
041402041303202609
041402042101202609
041402043001202609
041402043002202609
041402043003202609
041402043006202609
041501001202202609
041502001802202609
041502003402202609
041502004202202609
041502005002202609
041502006902202609
041502007702202609
041502008502202609
041503001302202609
041504002702202609
041504003502202609
041504003506202609
041504004301202609
041504004306202609
041504005101202609
041601001602202609
041601002402202609
041601004002202609
041601007502202609
041601009102202609
041601011302202609
041601011303202609
041601012102202609
041601013002202609
041601016402202609
041601017202202609
041601017203202609
041601018002202609
041601019902202609
041601020202202609
041601021002202609
041601022902202609
041601023702202609
041602002002202609
041602015102202609
041602016002202609
041602017802202609
041602017803202609
041602018602202609
041602018603202609
041602019402202609
041602020802202609
041602021602202609
041602021603202609
041602022402202609
041602023202202609
041602024002202609
041602024003202609
041602025902202609
041603002502202609
041603002503202609
041603003302202609
041603003303202609
041603004102202609
041603004103202609
041603006802202609
041603007602202609
041603008402202609
041603009202202609
041603014901202609
041603014902202609
041603014903202609
041603015702202609
041603015703202609
041603016502202609
041603017302202609
041603018102202609
041603019002202609
041603020302202609
041603021102202609
041603022002202609
041603023802202609
041603024602202609
041603025402202609
041603026202202609
041603027002202609
041603028902202609
041603029702202609
041603030002202609
041603031902202609
041603032702202609
041603032703202609
041603033502202609
041603033503202609
041603034302202609
041603035102202609
041603035103202609
041603036002202609
041604001202202609
041604002002202609
041604003902202609
041604004702202609
041604005502202609
041604007102202609
041604010102202609
041604011002202609
041604012802202609
041604014402202609
041604017902202609
041604017903202609
041604018702202609
041604018703202609
041604019502202609
041604019503202609
041604020902202609
041604021702202609
041604022502202609
041604023302202609
041604024102202609
041604025002202609
041604026802202609
041604027602202609
041604028402202609
041604028403202609
041604029202202609
041604030602202609
041604031402202609
041604032202202609
041604033002202609
041604034902202609
041605001802202609
041605002602202609
041605003402202609
041605005002202609
041605007702202609
041605009302202609
041605010702202609
041605011502202609
041605012302202609
041606001302202609
041606001303202609
041606002102202609
041606003002202609
041606005602202609
041606006402202609
041606008002202609
041606009902202609
041606010202202609
041606011002202609
041606012902202609
041606013702202609
041608001402202609
041608001403202609
041608003002202609
041608003003202609
041608008102202609
041608009002202609
041608011102202609
041608012002202609
041608012003202609
041609001002202609
041609002802202609
041609003602202609
041609007902202609
041609010902202609
041609011702202609
041609012502202609
041609013302202609
041611001002202609
041611002902202609
041611003702202609
041611004502202609
041611005302202609
041611006102202609
041611007002202609
041611008802202609
041612002402202609
041612003202202609
041612004002202609
041612004003202609
041612005902202609
041612005903202609
041701001002202609
041701002802202609
041701003602202609
041701004402202609
041701004403202609
041701005201202609
041701005202202609
041701005203202609
041701006001202609
041701006002202609
041701006003202609
041801001301202609
041801002101202609
041801003001202609
041801004801202609
041801005602202609
041801006401202609
041801007202202609
041801008001202609
041801009901202609
041802001901202609
041802002701202609
041802003501202609
050101001701202609
050101002501202609
050101005001202609
050101006801202609
050101007601202609
050101009201202609
050101010601202609
050102003901202609
050102004701202609
050103001801202609
050103002601202609
050103003401202609
050103004201202609
050103005001202609
050103006902202609
050103007701202609
050103008501202609
050103009301202609
050103010701202609
050103011501202609
050103012301202609
050104001301202609
050104006401202609
050104006402202609
050104008001202609
050104008002202609
050104009901202609
050104011001202609
050104012901202609
050105001901202609
050105004301202609
050105005101202609
050106001402202609
050106002202202609
050106003002202609
050106004902202609
050106005702202609
050107001001202609
050107002801202609
050107002802202609
050107003602202609
050107004401202609
050107005201202609
050107008701202609
050107009501202609
050107010901202609
050107011701202609
050107012501202609
050107013301202609
050107014101202609
050107015002202609
050107016801202609
050107017601202609
050108001501202609
050108001502202609
050108002301202609
050108002302202609
050108003101202609
050108003102202609
050108003103202609
050108004001202609
050108004002202609
050108004003202609
050108005801202609
050108005802202609
050108005803202609
050108006601202609
050108006602202609
050108007401202609
050108007402202609
050108008202202609
050108009001202609
050108009002202609
050108010401202609
050108010402202609
050108010403202609
050201001002202609
050201002902202609
050301001401202609
050301001402202609
050301002201202609
050301002202202609
050302001002202609
050302002802202609
050303001502202609
050303002302202609
050303003102202609
050303004002202609
050303005801202609
050303005802202609
050303006602202609
050303007402202609
050303008202202609
050303009002202609
050303010402202609
050303011202202609
050304001002202609
050304002902202609
050304003702202609
050304004502202609
050304005302202609
050304006101202609
050304006102202609
050304008802202609
050401001801202609
050401001802202609
050401002601202609
050401002602202609
050401003401202609
050401003402202609
050402001302202609
050402002102202609
050402003002202609
050402004802202609
050402005602202609
050403002702202609
050404001401202609
050404002201202609
050405001001202609
050501001102202609
050501002002202609
050501003802202609
050501004602202609
050501005402202609
050501006202202609
050501007002202609
050501008902202609
050501009701202609
050501009702202609
050501009703202609
050501012701202609
050501012702202609
050501012703202609
050501013501202609
050501013502202609
050501013503202609
050501014302202609
050502001702202609
050502002502202609
050502004102202609
050502005002202609
050502006802202609
050502007602202609
050502008402202609
050502009202202609
050502010602202609
050502012202202609
050502014902202609
050601001501202609
050601005801202609
050601005802202609
050601006601202609
050601007401202609
050601008201202609
050601009001202609
050601010401202609
050601011201202609
050601012001202609
050601013901202609
050601014701202609
050601015501202609
050601016301202609
050601017101202609
050601018001202609
050601019801202609
050601020101202609
050601021001202609
050601022801202609
050601023601202609
050602001003202609
050602002903202609
050602003703202609
050602004502202609
050602004503202609
050602005302202609
050602006102202609
050602007002202609
050602009602202609
050602010002202609
050602011802202609
050602013402202609
060301001602202609
060302001102202609
060302002002202609
060302003802202609
060302004602202609
060302005402202609
060302009702202609
060303001701202609
060303001702202609
060303003302202609
060304001202202609
060305001802202609
060305002602202609
060305003402202609
060305004202202609
060305005002202609
060305006902202609
060305008502202609
060305009302202609
060305010702202609
060305011501202609
060305012301202609
060306001302202609
060307001902202609
060308001402202609
060308002202202609
060308003002202609
060308004902202609
060308005702202609
060308008102202609
060308010302202609
060308012002202609
060308013802202609
060308014602202609
060308016202202609
060308017002202609
060308018902202609
060308019702202609
060308020002202609
060308021902202609
060308022702202609
060308027802202609
060308028602202609
060308029402202609
060309001002202609
060309002802202609
060401001001202609
060401002801202609
060401003601202609
060401004401202609
060401005201202609
060401006001202609
060401007901202609
060401008701202609
060401009501202609
060401010901202609
060402001501202609
060402002301202609
060402003101202609
060402004001202609
060402005801202609
060402006601202609
060403001001202609
060403003701202609
060403004501202609
060403005301202609
060403006101202609
060404001601202609
060404002401202609
060404003201202609
060404004001202609
060404005901202609
060404006701202609
060404007501202609
060404009101202609
060405001101202609
060405002001202609
060405003801202609
060405004601202609
060405005401202609
060405006201202609
060405007001202609
060405008901202609
060405009701202609
060405010001202609
060405011901202609
060406001701202609
060406002501202609
060407001201202609
060408001801202609
060408002601202609
060408003401202609
060409001301202609
060410001901202609
060410002701202609
060410003501202609
060411001401202609
060411002201202609
060411003001202609
060411004901202609
060411005701202609
060411006501202609
060411007301202609
060411008101202609
060412001001202609
060413001501202609
060413002301202609
060413003101202609
060413004001202609
060413005801202609
060413006601202609
060413007401202609
060413008201202609
060413009001202609
060413010401202609
060413011201202609
060413012001202609
060413013901202609
060414002901202609
060414003701202609
060415001601202609
060415002401202609
060416001101202609
060416002001202609
060416004601202609
060416005401202609
060416006201202609
060417001701202609
060417002501202609
060417003301202609
060417004101202609
060417005001202609
060418001201202609
060418002001202609
060419001801202609
060420001301202609
060421001901202609
060421002701202609
060422001401202609
060423001001202609
060423002801202609
060423003601202609
060423004401202609
060423005201202609
060423006001202609
060423007901202609
060423008701202609
060424002301202609
060424003101202609
060424005801202609
060424006601202609
060424007401202609
060424008201202609
060424009001202609
060424010401202609
060424011201202609
060424012001202609
060425001001202609
060425003701202609
060425004501202609
060426001601202609
060427001101202609
060427002001202609
060427003801202609
060427004601202609
060427005401202609
060427006201202609
060427007001202609
060427008901202609
060427009701202609
060427010001202609
060427011901202609
060428006801202609
060428007601202609
060428008401202609
060428009201202609
060428010601202609
060429001201202609
060429002001202609
060429003901202609
060429004701202609
060429006301202609
060429007101202609
060429008001202609
060431001301202609
060431002101202609
060431003001202609
060431004801202609
060431005601202609
060431006401202609
060432001901202609
060432002701202609
060432003501202609
060432004301202609
060432005101202609
060432006001202609
060432007801202609
060432008601202609
060432009401202609
060432011601202609
060432012401202609
060432013201202609
060432014001202609
060432015901202609
060432016701202609
060432017501202609
060432018301202609
060432019101202609
060432020501202609
060432021301202609
060432022101202609
060433001401202609
060433002201202609
060433003001202609
060433004901202609
060433005701202609
060433006501202609
060433007301202609
060433008101202609
060433009001202609
060433010301202609
060433011101202609
060433012001202609
060434001001202609
060434002801202609
060434003601202609
060434004401202609
060434005201202609
060434006001202609
060434007901202609
060434008701202609
060434009501202609
060434010901202609
060434011701202609
060435001501202609
060435002301202609
060435003101202609
060436001001202609
060436002901202609
060436003701202609
060436004501202609
060436005301202609
060436006101202609
060436007001202609
060436008801202609
060436009601202609
060436010001202609
060436011801202609
060436012601202609
060437001601202609
060437002401202609
060437003201202609
060438001101202609
060438002001202609
060438003801202609
060438004601202609
060438005401202609
060438006201202609
060438007001202609
060438008901202609
060438009701202609
060438010001202609
060438011901202609
060438012701202609
060438013501202609
060438014301202609
060439001701202609
060439002501202609
060439003301202609
060439008401202609
060439009201202609
060439010601202609
060439011401202609
060440001201202609
060441001801202609
060441002601202609
060441003401202609
060442001301202609
060443001901202609
060444001401202609
060447001001202609
060447002901202609
060447003701202609
060447004501202609
060447005301202609
060448001601202609
060448002401202609
060449001101202609
060449002001202609
060450001701202609
060450002501202609
060450003301202609
060450004101202609
060450005001202609
060450006801202609
060450007601202609
060450008401202609
060450009201202609
060450010601202609
060450011401202609
060450012201202609
060450013001202609
060450014901202609
060451001201202609
060451002001202609
060451003901202609
060451004701202609
060452001801202609
060452002601202609
060453001301202609
060453002101202609
060453003001202609
060454001901202609
060454002701202609
060454003501202609
060454004301202609
060454006001202609
060454007801202609
060454008601202609
060455001401202609
060455002201202609
060456001001202609
060457001501202609
060457002301202609
060457003101202609
060458001001202609
060458002901202609
060459001601202609
060459002401202609
060460001101202609
060460002001202609
060461001701202609
060461002501202609
060461003301202609
060462001201202609
060462002001202609
060462003901202609
060462004701202609
060463001801202609
060463002601202609
060463003401202609
060463004201202609
060463005001202609
060463006901202609
060463007701202609
060465001901202609
060465002701202609
060465003501202609
060466001401202609
060466002201202609
060466003001202609
060467001001202609
060468002301202609
060468003101202609
060468004001202609
060468005801202609
060468006601202609
060468007401202609
060469001001202609
060469002901202609
060469003701202609
060469005301202609
060469006101202609
060470001601202609
060471001101202609
060471002001202609
060471003801202609
060472001701202609
060472002501202609
060473001201202609
060474001801202609
060475001301202609
060475002101202609
060475003001202609
060475004801202609
060477001401202609
060477002201202609
060477003001202609
060478001001202609
060478003601202609
060478004401202609
060478005201202609
060478006001202609
060479001501202609
060479002301202609
060480001001202609
060480002901202609
060481001601202609
060482001101202609
060483001701202609
060483002501202609
060483003301202609
060484001201202609
060484002001202609
060484006301202609
060484007101202609
060484009801202609
060485001801202609
060485002601202609
060485003401202609
060485004201202609
060486001301202609
060486002101202609
060486003001202609
060487001901202609
060487002701202609
060487003501202609
060487004301202609
060488001401202609
070101001001202609
070101002901202609
070101003701202609
070101004501202609
070101005301202609
070101006101202609
070101007001202609
070101008801202609
070101009601202609
070101010001202609
070101011801202609
070101012601202609
070101013401202609
070101014201202609
070101015001202609
070101016901202609
070101017701202609
070101018501202609
070101019301202609
070101020701202609
070101021501202609
070101022301202609
070101023101202609
070101024001202609
070101025801202609
070101026601202609
070101027401202609
070101028201202609
070101029001202609
070101030401202609
070101031201202609
070101032001202609
070101033901202609
070102001601202609
070102002401202609
070102003201202609
070102004001202609
070102005901202609
070102006701202609
070102007501202609
070102008301202609
070102009101202609
070102010501202609
070102011301202609
070102012101202609
070102013001202609
070102014801202609
070102015601202609
070102016401202609
070102017201202609
070102018001202609
070102019901202609
070102020201202609
070102021001202609
070102022901202609
070102023701202609
070102024501202609
070102025301202609
070102026101202609
070102027001202609
070102028801202609
070102029601202609
070102030001202609
070102031801202609
070102032601202609
070102033401202609
070102034201202609
070102035001202609
070102036901202609
070102037701202609
070102038501202609
070102039301202609
070102040701202609
070102041501202609
070102042301202609
070102043101202609
070102044001202609
070102045801202609
070102046601202609
070102047401202609
070102048201202609
070102049001202609
070102050401202609
070102051201202609
070102052001202609
070102053901202609
070102054701202609
070102055501202609
070102056301202609
070102057101202609
070102058001202609
070102059801202609
070102060101202609
070102061001202609
070102062801202609
070102063601202609
070102064401202609
070102065201202609
070103001101202609
070103002001202609
070103003801202609
070103004601202609
070103005401202609
070103006201202609
070103007001202609
070103008901202609
070103009701202609
070103010001202609
070103011901202609
070103012701202609
070103013501202609
070103014301202609
070103015101202609
070103016001202609
070103017801202609
070103018601202609
070103019401202609
070103020801202609
070103021601202609
070103022401202609
070103023201202609
070103024001202609
070103025901202609
070103026701202609
070103027501202609
070103028301202609
070103029101202609
070103030501202609
070103032101202609
070103033001202609
070103034801202609
070103035601202609
070104001701202609
070104002501202609
070104003301202609
070104004101202609
070104005001202609
070104006801202609
070104009201202609
070104010601202609
070104011401202609
070104012201202609
070104013001202609
070104014901202609
070104015701202609
070105001201202609
070105002001202609
070105004701202609
070106001801202609
070106002601202609
070106003401202609
070106004201202609
070107001301202609
070107002101202609
070107003001202609
070107004801202609
070107005601202609
070107006401202609
070107007201202609
070107008001202609
070107009901202609
070107010201202609
070107011001202609
070107012901202609
070107013701202609
070107014501202609
070107015301202609
070107016101202609
070107017001202609
070107018801202609
070107018802202609
070107018803202609
070107018806202609
070107019601202609
070107019602202609
070107019603202609
070107019606202609
070107020001202609
070107020002202609
070107020003202609
070107020006202609
070107021801202609
070107021802202609
070107021803202609
070107021806202609
070107022601202609
070107022602202609
070107022603202609
070107022606202609
070107023401202609
070107023402202609
070107023403202609
070107023406202609
070107024201202609
070107024202202609
070107024203202609
070107024206202609
070107025001202609
070107025002202609
070107025003202609
070107025006202609
070108002701202609
070108004301202609
070108005101202609
070108006001202609
070108007801202609
070108008601202609
070108009401202609
070108011601202609
070108012401202609
070108013201202609
070108014001202609
070108015901202609
070108016701202609
070108017501202609
070108018301202609
070108019101202609
070109001401202609
070109002201202609
070109003001202609
070109004901202609
070109005701202609
070109006501202609
070109007301202609
070109008101202609
070109009001202609
070109010301202609
070109011101202609
070109012001202609
070109013801202609
070109014601202609
070109015401202609
070109016201202609
070109017001202609
070109018901202609
070109019701202609
070109020001202609
070109021901202609
070109022701202609
070109023501202609
070110001001202609
070110002801202609
070110003601202609
070110004401202609
070110005201202609
070110006001202609
070110007901202609
070110008701202609
070110009501202609
070110010901202609
070201001402202609
070201002202202609
070201003002202609
070201004902202609
070201005702202609
070201006502202609
070201008102202609
070201009002202609
070201010302202609
070201011102202609
070201012002202609
070201013802202609
070201015402202609
070201016202202609
070201017002202609
070201018902202609
070201019702202609
070201020002202609
070201021902202609
070201022702202609
070201023502202609
070201025102202609
070202002801202609
070202003601202609
070202004401202609
070202021402202609
070202022202202609
070203002302202609
070203003102202609
070203004002202609
070203005802202609
070203006602202609
070203007402202609
070203008202202609
070203009002202609
070203010402202609
070203011202202609
070203012002202609
070203013902202609
070203014702202609
070203015502202609
070203016302202609
070203017102202609
070203018002202609
070203019802202609
070203020102202609
070203021002202609
070203022802202609
070203023602202609
070203024402202609
070203025202202609
070203026002202609
070203027902202609
070203028702202609
070203029502202609
070203030902202609
070203031702202609
070203032502202609
070203033302202609
070203034102202609
070203035002202609
070203036802202609
070203037602202609
070203038402202609
070203039202202609
070203040602202609
070203041402202609
070203042202202609
070203043002202609
070203044902202609
070203045702202609
070203046502202609
070203047302202609
070203048102202609
070203049002202609
070203050302202609
070203051102202609
070203052002202609
070203053802202609
070203054602202609
070203055402202609
070203056202202609
070203057002202609
070203058902202609
070203059702202609
070203060002202609
070203060003202609
070203061902202609
070203062702202609
070203062703202609
070203063502202609
070203064302202609
070203065102202609
070203066002202609
070203066003202609
070203067802202609
070203067803202609
070203068602202609
070203068603202609
070203069402202609
070203070802202609
070203071602202609
070203072402202609
070203073202202609
070203074002202609
070203075902202609
070203076702202609
070203078302202609
070203079102202609
070203080502202609
070203081302202609
070203082102202609
070203083002202609
070203084802202609
070203085602202609
070203086402202609
070203087202202609
070203088002202609
070203089902202609
070203090202202609
070203091002202609
070203092902202609
070203093702202609
070203094502202609
070203095302202609
070203095303202609
070203096102202609
070203097002202609
070203098802202609
070203098803202609
070203099602202609
070203100302202609
070203101102202609
070203101103202609
070203102002202609
070203102003202609
070203103802202609
070203103803202609
070203104602202609
070203104603202609
070203105402202609
070203105403202609
070203106202202609
070203106203202609
070203107002202609
070203107003202609
070203108902202609
070203108903202609
070203109702202609
070203109703202609
070203110002202609
070203110003202609
070203112702202609
070203112703202609
070203113502202609
070203113503202609
070203114302202609
070203114303202609
070203115102202609
070203115103202609
070203116002202609
070203116003202609
070203117802202609
070203117803202609
070203118602202609
070203118603202609
070203119402202609
070203119403202609
070203120802202609
070203120803202609
070203121602202609
070203121603202609
070203122402202609
070203122403202609
070203123202202609
070203123203202609
070203124002202609
070203124003202609
070203125902202609
070203125903202609
070203126702202609
070203126703202609
070203127502202609
070203127503202609
070203128302202609
070203128303202609
070203129102202609
070203129103202609
070203130502202609
070203130503202609
070203131302202609
070203131303202609
070203132102202609
070203132103202609
070203133002202609
070203133003202609
070203134802202609
070203134803202609
070203135602202609
070203135603202609
070203136402202609
070203136403202609
070203138002202609
070203138003202609
070203139902202609
070203139903202609
070204001002202609
070204002902202609
070204003702202609
070204004502202609
070204005302202609
070204006102202609
070204007002202609
070204008801202609
070204008802202609
070204009602202609
070204010002202609
070204011802202609
070204011803202609
070204012602202609
070204013401202609
070204013402202609
070204014202202609
070204015001202609
070204015002202609
070204016902202609
070204017702202609
070204018502202609
070204019302202609
070204020702202609
070204021502202609
070204022302202609
070204023102202609
070204024002202609
070204025802202609
070204026602202609
070204027402202609
070204028202202609
070204029002202609
070204030402202609
070204031202202609
070204032002202609
070204033902202609
070204034702202609
070204035502202609
070204036302202609
070204037102202609
070204038001202609
070204038002202609
070204039802202609
070204040102202609
070204041002202609
070204042802202609
070204043602202609
070204044402202609
070204045202202609
070204046002202609
070204047902202609
070204048702202609
070204051702202609
070204053302202609
070204054102202609
070204055002202609
070204056802202609
070204057602202609
070204058402202609
070204059202202609
070204060602202609
070204061402202609
070205001602202609
070205002402202609
070205003202202609
070205004002202609
070205005902202609
070205006702202609
070205007502202609
070205008302202609
070205009102202609
070205009103202609
070205010502202609
070205012102202609
070205013002202609
070205014802202609
070205015602202609
070205016402202609
070205017202202609
070205018002202609
070205019902202609
070205022902202609
070205023702202609
070205024502202609
070205026102202609
070205027002202609
070205028802202609
070205029602202609
070205030002202609
070205031802202609
070205032602202609
070205033402202609
070205034201202609
070205034202202609
070205035002202609
070205036902202609
070205037702202609
070205040702202609
070205041502202609
070205042302202609
070205043102202609
070205044002202609
070205045802202609
070205046602202609
070205047402202609
070205048202202609
070205049002202609
070205050402202609
070205051202202609
070205052002202609
070205053902202609
070205054702202609
070205054703202609
070205055502202609
070205056302202609
070205056303202609
070205057102202609
070205057103202609
070205058002202609
070205078402202609
070205079202202609
070205080602202609
070205081402202609
070205081403202609
070205082202202609
070205083002202609
070205083003202609
070205084902202609
070206001101202609
070206001102202609
070206001103202609
070206002002202609
070206003802202609
070207004101202609
070207004102202609
070207004103202609
070207005002202609
070207005003202609
070208001202202609
070208002002202609
070208003902202609
070209001802202609
070209003402202609
070209004202202609
070209005002202609
070209006902202609
070209008502202609
070209009302202609
070210001301202609
070210002101202609
070210003001202609
070210004801202609
070210005601202609
070210006401202609
070210007201202609
070210008001202609
070210009901202609
070210010201202609
070211001902202609
070211002702202609
070211003502202609
070211004302202609
070212001402202609
070212002202202609
070212003002202609
070212004902202609
070212005702202609
070212006501202609
070212006502202609
080101001201202609
080101002001202609
080101003902202609
080101004702202609
080201001602202609
080201002402202609
080201003202202609
080201004002202609
080201005902202609
080201006702202609
080201007502202609
080201008302202609
080201009102202609
080201011302202609
080201012102202609
080201013002202609
080201015602202609
080201016402202609
080201019902202609
080201021002202609
080201022902202609
080201023702202609
080201024502202609
080201025302202609
080201026102202609
080201027002202609
080201028802202609
080201032602202609
080201033401202609
080201034202202609
080201035002202609
080201036902202609
080202001102202609
080202002002202609
080202002003202609
080301001001202609
080301002801202609
080301003601202609
080301004401202609
080301005201202609
080301006001202609
080301007901202609
080301008701202609
080301009501202609
080301010901202609
080301011701202609
080301012501202609
080301013301202609
080301014101202609
080301015001202609
080301016801202609
080401001301202609
080401001306202609
080401002101202609
080401002106202609
080401003001202609
080401003006202609
080401004801202609
080401004806202609
080401005601202609
080401005606202609
080401006401202609
080401006406202609
080402001901202609
080402001906202609
080402002701202609
080402002706202609
080402003501202609
080402003506202609
080402004301202609
080402004306202609
080402005101202609
080403001401202609
080403001406202609
080404001001202609
080404002801202609
080404003601202609
090101001401202609
090101004901202609
090101005701202609
090101007301202609
090101008101202609
090101009001202609
090101010301202609
090101011101202609
090101012001202609
090101013801202609
090201001801202609
090201002601202609
090201003401202609
090201004201202609
090201005001202609
090201006901202609
090201007701202609
090301001101202609
090301002001202609
090301003801202609
090301004601202609
090401001501202609
090401002301202609
090401003101202609
090501001901202609
090501002701202609
090501003501202609
090501004301202609
090501005101202609
090501006001202609
090501007801202609
090601001201202609
090601002001202609
090601003901202609
090601004701202609
090601005501202609
090701001601202609
090701002401202609
090801001001202609
090801002801202609
090801003601202609
090801004401202609
090801005201202609
090801006001202609
090801007901202609
090801008701202609
